=== TAFFC experiments Tue Sep  1 10:45:07 AM KST 2026 ===
=== Phase 1: MAD-X + KED baselines ===
[TRAIN] outputs/taffc/qwen/MADX/s42 seed=42
Traceback (most recent call last):
  File "/home/jbnu/jaehong/en-ko-empathy-lora/scripts/train_stage3_ko.py", line 19, in <module>
    import torch
ModuleNotFoundError: No module named 'torch'
=== TAFFC experiments Tue Sep  1 10:47:56 AM KST 2026 ===
=== Phase 1: MAD-X + KED baselines ===
[TRAIN] outputs/taffc/qwen/MADX/s42 seed=42
device=cuda
cuda_device=NVIDIA L40S
train=25456 valid=3182 A=6 S=4 R=7 strategy_scope=utterance
Warning: You are sending unauthenticated requests to the HF Hub. Please set a HF_TOKEN to enable higher rate limits and faster downloads.
Fetching 4 files:   0%|          | 0/4 [00:00<?, ?it/s]Fetching 4 files: 100%|██████████| 4/4 [00:00<00:00, 34663.67it/s]
[transformers] The fast path is not available because one of the required library is not installed. Falling back to torch implementation. To install follow https://github.com/fla-org/flash-linear-attention#installation and https://github.com/Dao-AILab/causal-conv1d
Loading weights:   0%|          | 0/427 [00:00<?, ?it/s]Loading weights:  27%|██▋       | 114/427 [00:00<00:00, 1136.82it/s]Loading weights:  53%|█████▎    | 228/427 [00:00<00:00, 782.72it/s] Loading weights: 100%|██████████| 427/427 [00:00<00:00, 1326.69it/s]
bitsandbytes library load error: Configured CUDA binary not found at /home/jbnu/jupyter-env/lib/python3.12/site-packages/bitsandbytes/libbitsandbytes_cuda130.so
 If you are using Intel CPU/XPU, please install intel_extension_for_pytorch to enable required ops
Traceback (most recent call last):
  File "/home/jbnu/jupyter-env/lib/python3.12/site-packages/bitsandbytes/cextension.py", line 318, in <module>
    lib = get_native_library()
          ^^^^^^^^^^^^^^^^^^^^
  File "/home/jbnu/jupyter-env/lib/python3.12/site-packages/bitsandbytes/cextension.py", line 282, in get_native_library
    raise RuntimeError(f"Configured {BNB_BACKEND} binary not found at {cuda_binary_path}")
RuntimeError: Configured CUDA binary not found at /home/jbnu/jupyter-env/lib/python3.12/site-packages/bitsandbytes/libbitsandbytes_cuda130.so
Traceback (most recent call last):
  File "/home/jbnu/jaehong/en-ko-empathy-lora/scripts/train_stage3_ko.py", line 803, in <module>
    main()
  File "/home/jbnu/jaehong/en-ko-empathy-lora/scripts/train_stage3_ko.py", line 399, in main
    lm, init_mode = build_stage3_lm(
                    ^^^^^^^^^^^^^^^^
  File "/home/jbnu/jaehong/en-ko-empathy-lora/src/models/stage3.py", line 280, in build_stage3_lm
    lm.set_adapter(["language", "task"])
  File "/home/jbnu/jupyter-env/lib/python3.12/site-packages/peft/peft_model.py", line 1512, in set_adapter
    if adapter_name not in self.peft_config:
       ^^^^^^^^^^^^^^^^^^^^^^^^^^^^^^^^^^^^
TypeError: unhashable type: 'list'
=== TAFFC experiments Tue Sep  1 10:53:43 AM KST 2026 ===
=== Phase 1: MAD-X + KED baselines ===
[TRAIN] outputs/taffc/qwen/MADX/s42 seed=42
device=cuda
cuda_device=NVIDIA L40S
train=25456 valid=3182 A=6 S=4 R=7 strategy_scope=utterance
Warning: You are sending unauthenticated requests to the HF Hub. Please set a HF_TOKEN to enable higher rate limits and faster downloads.
Fetching 4 files:   0%|          | 0/4 [00:00<?, ?it/s]Fetching 4 files: 100%|██████████| 4/4 [00:00<00:00, 10433.59it/s]
[transformers] The fast path is not available because one of the required library is not installed. Falling back to torch implementation. To install follow https://github.com/fla-org/flash-linear-attention#installation and https://github.com/Dao-AILab/causal-conv1d
Loading weights:   0%|          | 0/427 [00:00<?, ?it/s]Loading weights: 100%|██████████| 427/427 [00:00<00:00, 8098.65it/s]
bitsandbytes library load error: Configured CUDA binary not found at /home/jbnu/jupyter-env/lib/python3.12/site-packages/bitsandbytes/libbitsandbytes_cuda130.so
 If you are using Intel CPU/XPU, please install intel_extension_for_pytorch to enable required ops
Traceback (most recent call last):
  File "/home/jbnu/jupyter-env/lib/python3.12/site-packages/bitsandbytes/cextension.py", line 318, in <module>
    lib = get_native_library()
          ^^^^^^^^^^^^^^^^^^^^
  File "/home/jbnu/jupyter-env/lib/python3.12/site-packages/bitsandbytes/cextension.py", line 282, in get_native_library
    raise RuntimeError(f"Configured {BNB_BACKEND} binary not found at {cuda_binary_path}")
RuntimeError: Configured CUDA binary not found at /home/jbnu/jupyter-env/lib/python3.12/site-packages/bitsandbytes/libbitsandbytes_cuda130.so
lora_init_mode=madx_lang_frozen_task_r16
gates={'affect': 'share', 'strategy': 'relearn', 'relation': 'relearn', 'culture': 'suppress'}
strategy_pos_weight=[1.7157411575317383, 1.7157411575317383, 1.7157411575317383, 1.7157411575317383]
loss_weights emotion=0.350 strategy=1.800 relation=0.450 gate_conditioned=False curriculum=False
two_pass_affect=True
lr_lora=0.00015 lr_head=0.00015 freeze_lora=False trainable=24,715,281
[Stage3-KO(madx_lang_frozen_task_r16)] model=Qwen/Qwen3.5-9B train=25456 valid=3182 init=madx_lang_frozen_task_r16 steps≈1591 S=multilabel gates={'affect': 'share', 'strategy': 'relearn', 'relation': 'relearn', 'culture': 'suppress'}
[Stage3-KO(madx_lang_frozen_task_r16)] | step 1/1591 (0.1%) | loss=6.0157 | lm=2.7457 | strategy_loss=0.9980 | relation_loss=1.9278 | train_emotion_acc=0.00% | train_strategy_f1=20.00% | train_relation_acc=0.00% | elapsed=6s
[Stage3-KO(madx_lang_frozen_task_r16)] | step 10/1591 (0.6%) | loss=7.0515 | lm=3.2291 | strategy_loss=1.1969 | relation_loss=2.3066 | train_emotion_acc=0.00% | train_strategy_f1=42.86% | train_relation_acc=0.00% | elapsed=56s
[Stage3-KO(madx_lang_frozen_task_r16)] | step 20/1591 (1.3%) | loss=5.6882 | lm=2.8928 | strategy_loss=0.7185 | relation_loss=1.8288 | train_emotion_acc=50.00% | train_strategy_f1=50.00% | train_relation_acc=50.00% | elapsed=110s
[Stage3-KO(madx_lang_frozen_task_r16)] | step 30/1591 (1.9%) | loss=5.6091 | lm=2.8190 | strategy_loss=0.8325 | relation_loss=1.4253 | train_emotion_acc=0.00% | train_strategy_f1=0.00% | train_relation_acc=100.00% | elapsed=165s
[Stage3-KO(madx_lang_frozen_task_r16)] | step 40/1591 (2.5%) | loss=4.2285 | lm=2.3854 | strategy_loss=0.5053 | relation_loss=0.8965 | train_emotion_acc=50.00% | train_strategy_f1=50.00% | train_relation_acc=100.00% | elapsed=220s
[Stage3-KO(madx_lang_frozen_task_r16)] | step 50/1591 (3.1%) | loss=6.1071 | lm=2.6432 | strategy_loss=1.1883 | relation_loss=1.4868 | train_emotion_acc=50.00% | train_strategy_f1=0.00% | train_relation_acc=0.00% | elapsed=274s
[Stage3-KO(madx_lang_frozen_task_r16)] | step 60/1591 (3.8%) | loss=6.3578 | lm=2.6240 | strategy_loss=1.2645 | relation_loss=1.7754 | train_emotion_acc=0.00% | train_strategy_f1=28.57% | train_relation_acc=0.00% | elapsed=329s
[Stage3-KO(madx_lang_frozen_task_r16)] | step 70/1591 (4.4%) | loss=4.4902 | lm=2.5693 | strategy_loss=0.7128 | relation_loss=0.2355 | train_emotion_acc=0.00% | train_strategy_f1=40.00% | train_relation_acc=100.00% | elapsed=383s
[Stage3-KO(madx_lang_frozen_task_r16)] | step 80/1591 (5.0%) | loss=7.1209 | lm=3.1638 | strategy_loss=1.3647 | relation_loss=1.8931 | train_emotion_acc=0.00% | train_strategy_f1=16.67% | train_relation_acc=50.00% | elapsed=438s
[Stage3-KO(madx_lang_frozen_task_r16)] | step 90/1591 (5.7%) | loss=4.8580 | lm=2.9897 | strategy_loss=0.7746 | relation_loss=0.0973 | train_emotion_acc=100.00% | train_strategy_f1=20.00% | train_relation_acc=100.00% | elapsed=492s
[Stage3-KO(madx_lang_frozen_task_r16)] | step 100/1591 (6.3%) | loss=4.0576 | lm=2.0874 | strategy_loss=0.5895 | relation_loss=0.8010 | train_emotion_acc=50.00% | train_strategy_f1=50.00% | train_relation_acc=50.00% | elapsed=547s
[Stage3-KO(madx_lang_frozen_task_r16)] | step 110/1591 (6.9%) | loss=4.2292 | lm=2.2754 | strategy_loss=0.6763 | relation_loss=0.1651 | train_emotion_acc=50.00% | train_strategy_f1=20.00% | train_relation_acc=100.00% | elapsed=601s
[Stage3-KO(madx_lang_frozen_task_r16)] | step 120/1591 (7.5%) | loss=5.1204 | lm=2.2998 | strategy_loss=1.0209 | relation_loss=0.8237 | train_emotion_acc=50.00% | train_strategy_f1=50.00% | train_relation_acc=100.00% | elapsed=656s
[Stage3-KO(madx_lang_frozen_task_r16)] | step 130/1591 (8.2%) | loss=4.9711 | lm=2.6563 | strategy_loss=0.6807 | relation_loss=0.7329 | train_emotion_acc=50.00% | train_strategy_f1=75.00% | train_relation_acc=50.00% | elapsed=710s
[Stage3-KO(madx_lang_frozen_task_r16)] | step 140/1591 (8.8%) | loss=3.6905 | lm=2.6071 | strategy_loss=0.5169 | relation_loss=0.0224 | train_emotion_acc=100.00% | train_strategy_f1=66.67% | train_relation_acc=100.00% | elapsed=765s
[Stage3-KO(madx_lang_frozen_task_r16)] | step 150/1591 (9.4%) | loss=4.9200 | lm=2.5975 | strategy_loss=0.6681 | relation_loss=1.2529 | train_emotion_acc=50.00% | train_strategy_f1=66.67% | train_relation_acc=50.00% | elapsed=821s
[Stage3-KO(madx_lang_frozen_task_r16)] | step 160/1591 (10.1%) | loss=5.0537 | lm=2.1325 | strategy_loss=1.2578 | relation_loss=0.0448 | train_emotion_acc=50.00% | train_strategy_f1=16.67% | train_relation_acc=100.00% | elapsed=876s
[Stage3-KO(madx_lang_frozen_task_r16)] | step 170/1591 (10.7%) | loss=4.0154 | lm=1.3990 | strategy_loss=0.7277 | relation_loss=2.0047 | train_emotion_acc=100.00% | train_strategy_f1=40.00% | train_relation_acc=50.00% | elapsed=930s
[Stage3-KO(madx_lang_frozen_task_r16)] | step 180/1591 (11.3%) | loss=5.6838 | lm=3.0200 | strategy_loss=1.0673 | relation_loss=0.5131 | train_emotion_acc=50.00% | train_strategy_f1=40.00% | train_relation_acc=50.00% | elapsed=986s
[Stage3-KO(madx_lang_frozen_task_r16)] | step 190/1591 (11.9%) | loss=4.7178 | lm=2.8258 | strategy_loss=0.6075 | relation_loss=1.0934 | train_emotion_acc=100.00% | train_strategy_f1=66.67% | train_relation_acc=50.00% | elapsed=1041s
[Stage3-KO(madx_lang_frozen_task_r16)] | step 200/1591 (12.6%) | loss=4.5143 | lm=2.6558 | strategy_loss=0.6929 | relation_loss=0.4544 | train_emotion_acc=50.00% | train_strategy_f1=60.00% | train_relation_acc=100.00% | elapsed=1096s
[Stage3-KO(madx_lang_frozen_task_r16)] | step 210/1591 (13.2%) | loss=4.7227 | lm=2.6757 | strategy_loss=0.8980 | relation_loss=0.4777 | train_emotion_acc=50.00% | train_strategy_f1=40.00% | train_relation_acc=100.00% | elapsed=1151s
[Stage3-KO(madx_lang_frozen_task_r16)] | step 220/1591 (13.8%) | loss=4.2417 | lm=2.0853 | strategy_loss=1.0630 | relation_loss=0.0006 | train_emotion_acc=50.00% | train_strategy_f1=28.57% | train_relation_acc=100.00% | elapsed=1207s
[Stage3-KO(madx_lang_frozen_task_r16)] | step 230/1591 (14.5%) | loss=4.7703 | lm=2.2664 | strategy_loss=1.1786 | relation_loss=0.6829 | train_emotion_acc=100.00% | train_strategy_f1=28.57% | train_relation_acc=50.00% | elapsed=1262s
[Stage3-KO(madx_lang_frozen_task_r16)] | step 240/1591 (15.1%) | loss=4.9473 | lm=2.8387 | strategy_loss=0.7378 | relation_loss=0.1564 | train_emotion_acc=50.00% | train_strategy_f1=50.00% | train_relation_acc=100.00% | elapsed=1316s
[Stage3-KO(madx_lang_frozen_task_r16)] | step 250/1591 (15.7%) | loss=5.7364 | lm=3.2937 | strategy_loss=1.1165 | relation_loss=0.1664 | train_emotion_acc=50.00% | train_strategy_f1=0.00% | train_relation_acc=100.00% | elapsed=1372s
[Stage3-KO(madx_lang_frozen_task_r16)] | step 260/1591 (16.3%) | loss=4.8446 | lm=2.5090 | strategy_loss=1.0007 | relation_loss=0.1414 | train_emotion_acc=50.00% | train_strategy_f1=0.00% | train_relation_acc=100.00% | elapsed=1426s
[Stage3-KO(madx_lang_frozen_task_r16)] | step 270/1591 (17.0%) | loss=5.2784 | lm=2.8686 | strategy_loss=0.8343 | relation_loss=0.7387 | train_emotion_acc=50.00% | train_strategy_f1=20.00% | train_relation_acc=50.00% | elapsed=1481s
[Stage3-KO(madx_lang_frozen_task_r16)] | step 280/1591 (17.6%) | loss=4.2531 | lm=2.5029 | strategy_loss=0.8037 | relation_loss=0.0194 | train_emotion_acc=100.00% | train_strategy_f1=33.33% | train_relation_acc=100.00% | elapsed=1536s
[Stage3-KO(madx_lang_frozen_task_r16)] | step 290/1591 (18.2%) | loss=3.0342 | lm=1.8965 | strategy_loss=0.4913 | relation_loss=0.2122 | train_emotion_acc=100.00% | train_strategy_f1=50.00% | train_relation_acc=100.00% | elapsed=1592s
[Stage3-KO(madx_lang_frozen_task_r16)] | step 300/1591 (18.9%) | loss=4.1635 | lm=2.1774 | strategy_loss=0.7914 | relation_loss=0.7549 | train_emotion_acc=100.00% | train_strategy_f1=40.00% | train_relation_acc=50.00% | elapsed=1646s
[Stage3-KO(madx_lang_frozen_task_r16)] | step 310/1591 (19.5%) | loss=3.6176 | lm=1.9529 | strategy_loss=0.7342 | relation_loss=0.0866 | train_emotion_acc=50.00% | train_strategy_f1=25.00% | train_relation_acc=100.00% | elapsed=1701s
[Stage3-KO(madx_lang_frozen_task_r16)] | step 320/1591 (20.1%) | loss=5.4809 | lm=2.5125 | strategy_loss=0.9365 | relation_loss=2.1619 | train_emotion_acc=100.00% | train_strategy_f1=20.00% | train_relation_acc=0.00% | elapsed=1756s
[Stage3-KO(madx_lang_frozen_task_r16)] | step 330/1591 (20.7%) | loss=4.4346 | lm=2.2311 | strategy_loss=0.7739 | relation_loss=0.3093 | train_emotion_acc=0.00% | train_strategy_f1=60.00% | train_relation_acc=100.00% | elapsed=1811s
[Stage3-KO(madx_lang_frozen_task_r16)] | step 340/1591 (21.4%) | loss=4.2792 | lm=2.4083 | strategy_loss=0.8254 | relation_loss=0.0007 | train_emotion_acc=50.00% | train_strategy_f1=33.33% | train_relation_acc=100.00% | elapsed=1866s
[Stage3-KO(madx_lang_frozen_task_r16)] | step 350/1591 (22.0%) | loss=4.1501 | lm=2.6526 | strategy_loss=0.6710 | relation_loss=0.0017 | train_emotion_acc=50.00% | train_strategy_f1=60.00% | train_relation_acc=100.00% | elapsed=1921s
[Stage3-KO(madx_lang_frozen_task_r16)] | step 360/1591 (22.6%) | loss=4.5044 | lm=2.3211 | strategy_loss=0.8080 | relation_loss=0.8190 | train_emotion_acc=50.00% | train_strategy_f1=50.00% | train_relation_acc=50.00% | elapsed=1976s
[Stage3-KO(madx_lang_frozen_task_r16)] | step 370/1591 (23.3%) | loss=3.9186 | lm=2.3116 | strategy_loss=0.4997 | relation_loss=0.3046 | train_emotion_acc=0.00% | train_strategy_f1=60.00% | train_relation_acc=100.00% | elapsed=2030s
[Stage3-KO(madx_lang_frozen_task_r16)] | step 380/1591 (23.9%) | loss=3.6453 | lm=2.3833 | strategy_loss=0.5590 | relation_loss=0.2568 | train_emotion_acc=100.00% | train_strategy_f1=60.00% | train_relation_acc=100.00% | elapsed=2085s
[Stage3-KO(madx_lang_frozen_task_r16)] | step 390/1591 (24.5%) | loss=5.2242 | lm=2.7372 | strategy_loss=0.6664 | relation_loss=0.7606 | train_emotion_acc=0.00% | train_strategy_f1=40.00% | train_relation_acc=50.00% | elapsed=2140s
[Stage3-KO(madx_lang_frozen_task_r16)] | step 400/1591 (25.1%) | loss=3.7989 | lm=2.0839 | strategy_loss=0.6417 | relation_loss=0.1697 | train_emotion_acc=50.00% | train_strategy_f1=40.00% | train_relation_acc=100.00% | elapsed=2195s
[Stage3-KO(madx_lang_frozen_task_r16)] EVAL @400 (valid) | EMOTION=65.50% | RELATION=96.50% | STRATEGY=68.39% | STRATEGY_HAMMING=66.38% | loss=4.0432 | lm_loss=2.2931 | emotion_loss=1.0399 | strategy_loss=0.7250 | relation_loss=0.1802
[Stage3-KO(madx_lang_frozen_task_r16)] | step 410/1591 (25.8%) | loss=3.9355 | lm=2.3683 | strategy_loss=0.6892 | relation_loss=0.0138 | train_emotion_acc=100.00% | train_strategy_f1=40.00% | train_relation_acc=100.00% | elapsed=2284s
[Stage3-KO(madx_lang_frozen_task_r16)] | step 420/1591 (26.4%) | loss=3.3942 | lm=2.0728 | strategy_loss=0.4763 | relation_loss=0.3803 | train_emotion_acc=50.00% | train_strategy_f1=75.00% | train_relation_acc=50.00% | elapsed=2339s
[Stage3-KO(madx_lang_frozen_task_r16)] | step 430/1591 (27.0%) | loss=4.3672 | lm=2.4330 | strategy_loss=0.7532 | relation_loss=0.0900 | train_emotion_acc=50.00% | train_strategy_f1=60.00% | train_relation_acc=100.00% | elapsed=2393s
[Stage3-KO(madx_lang_frozen_task_r16)] | step 440/1591 (27.7%) | loss=4.5412 | lm=2.7809 | strategy_loss=0.7160 | relation_loss=0.3063 | train_emotion_acc=50.00% | train_strategy_f1=40.00% | train_relation_acc=100.00% | elapsed=2448s
[Stage3-KO(madx_lang_frozen_task_r16)] | step 450/1591 (28.3%) | loss=4.0384 | lm=2.0543 | strategy_loss=0.6373 | relation_loss=0.7968 | train_emotion_acc=50.00% | train_strategy_f1=60.00% | train_relation_acc=50.00% | elapsed=2503s
[Stage3-KO(madx_lang_frozen_task_r16)] | step 460/1591 (28.9%) | loss=3.1224 | lm=1.4834 | strategy_loss=0.6747 | relation_loss=0.2883 | train_emotion_acc=100.00% | train_strategy_f1=50.00% | train_relation_acc=100.00% | elapsed=2558s
[Stage3-KO(madx_lang_frozen_task_r16)] | step 470/1591 (29.5%) | loss=3.5210 | lm=1.9122 | strategy_loss=0.5833 | relation_loss=0.2919 | train_emotion_acc=50.00% | train_strategy_f1=50.00% | train_relation_acc=100.00% | elapsed=2613s
[Stage3-KO(madx_lang_frozen_task_r16)] | step 480/1591 (30.2%) | loss=5.1491 | lm=2.8250 | strategy_loss=0.7083 | relation_loss=2.1637 | train_emotion_acc=100.00% | train_strategy_f1=80.00% | train_relation_acc=50.00% | elapsed=2668s
[Stage3-KO(madx_lang_frozen_task_r16)] | step 490/1591 (30.8%) | loss=4.1381 | lm=1.7487 | strategy_loss=1.2066 | relation_loss=0.0031 | train_emotion_acc=100.00% | train_strategy_f1=57.14% | train_relation_acc=100.00% | elapsed=2722s
[Stage3-KO(madx_lang_frozen_task_r16)] | step 500/1591 (31.4%) | loss=4.9844 | lm=3.0280 | strategy_loss=0.5275 | relation_loss=1.4508 | train_emotion_acc=50.00% | train_strategy_f1=60.00% | train_relation_acc=50.00% | elapsed=2777s
[Stage3-KO(madx_lang_frozen_task_r16)] | step 510/1591 (32.1%) | loss=4.3646 | lm=3.1406 | strategy_loss=0.4836 | relation_loss=0.1700 | train_emotion_acc=50.00% | train_strategy_f1=50.00% | train_relation_acc=100.00% | elapsed=2832s
[Stage3-KO(madx_lang_frozen_task_r16)] | step 520/1591 (32.7%) | loss=4.2893 | lm=3.1384 | strategy_loss=0.5549 | relation_loss=0.0144 | train_emotion_acc=100.00% | train_strategy_f1=80.00% | train_relation_acc=100.00% | elapsed=2886s
[Stage3-KO(madx_lang_frozen_task_r16)] | step 530/1591 (33.3%) | loss=4.2878 | lm=2.7596 | strategy_loss=0.7250 | relation_loss=0.0424 | train_emotion_acc=100.00% | train_strategy_f1=40.00% | train_relation_acc=100.00% | elapsed=2940s
[Stage3-KO(madx_lang_frozen_task_r16)] | step 540/1591 (33.9%) | loss=4.3984 | lm=2.8905 | strategy_loss=0.6390 | relation_loss=0.0170 | train_emotion_acc=50.00% | train_strategy_f1=66.67% | train_relation_acc=100.00% | elapsed=2995s
[Stage3-KO(madx_lang_frozen_task_r16)] | step 550/1591 (34.6%) | loss=3.6316 | lm=1.7998 | strategy_loss=0.8004 | relation_loss=0.5651 | train_emotion_acc=100.00% | train_strategy_f1=33.33% | train_relation_acc=50.00% | elapsed=3050s
[Stage3-KO(madx_lang_frozen_task_r16)] | step 560/1591 (35.2%) | loss=2.8295 | lm=1.6575 | strategy_loss=0.5368 | relation_loss=0.0553 | train_emotion_acc=100.00% | train_strategy_f1=50.00% | train_relation_acc=100.00% | elapsed=3105s
[Stage3-KO(madx_lang_frozen_task_r16)] | step 570/1591 (35.8%) | loss=5.0868 | lm=2.1638 | strategy_loss=1.0536 | relation_loss=1.1709 | train_emotion_acc=50.00% | train_strategy_f1=42.86% | train_relation_acc=0.00% | elapsed=3160s
[Stage3-KO(madx_lang_frozen_task_r16)] | step 580/1591 (36.5%) | loss=4.2413 | lm=2.3629 | strategy_loss=0.6191 | relation_loss=1.0810 | train_emotion_acc=50.00% | train_strategy_f1=66.67% | train_relation_acc=50.00% | elapsed=3214s
[Stage3-KO(madx_lang_frozen_task_r16)] | step 590/1591 (37.1%) | loss=3.8377 | lm=2.1541 | strategy_loss=0.6692 | relation_loss=0.8265 | train_emotion_acc=100.00% | train_strategy_f1=66.67% | train_relation_acc=50.00% | elapsed=3269s
[Stage3-KO(madx_lang_frozen_task_r16)] | step 600/1591 (37.7%) | loss=5.1977 | lm=2.5708 | strategy_loss=1.3496 | relation_loss=0.1875 | train_emotion_acc=100.00% | train_strategy_f1=0.00% | train_relation_acc=100.00% | elapsed=3324s
[Stage3-KO(madx_lang_frozen_task_r16)] | step 610/1591 (38.3%) | loss=4.5928 | lm=2.2492 | strategy_loss=0.9965 | relation_loss=0.0065 | train_emotion_acc=50.00% | train_strategy_f1=66.67% | train_relation_acc=100.00% | elapsed=3378s
[Stage3-KO(madx_lang_frozen_task_r16)] | step 620/1591 (39.0%) | loss=4.9369 | lm=2.6762 | strategy_loss=1.0039 | relation_loss=0.0148 | train_emotion_acc=50.00% | train_strategy_f1=28.57% | train_relation_acc=100.00% | elapsed=3433s
[Stage3-KO(madx_lang_frozen_task_r16)] | step 630/1591 (39.6%) | loss=6.5774 | lm=2.6678 | strategy_loss=0.9852 | relation_loss=3.7880 | train_emotion_acc=0.00% | train_strategy_f1=33.33% | train_relation_acc=50.00% | elapsed=3489s
[Stage3-KO(madx_lang_frozen_task_r16)] | step 640/1591 (40.2%) | loss=3.9785 | lm=2.5791 | strategy_loss=0.6465 | relation_loss=0.0392 | train_emotion_acc=100.00% | train_strategy_f1=75.00% | train_relation_acc=100.00% | elapsed=3543s
[Stage3-KO(madx_lang_frozen_task_r16)] | step 650/1591 (40.9%) | loss=3.8213 | lm=2.2578 | strategy_loss=0.6779 | relation_loss=0.0017 | train_emotion_acc=50.00% | train_strategy_f1=33.33% | train_relation_acc=100.00% | elapsed=3598s
[Stage3-KO(madx_lang_frozen_task_r16)] | step 660/1591 (41.5%) | loss=4.4028 | lm=2.4809 | strategy_loss=0.9168 | relation_loss=0.1204 | train_emotion_acc=100.00% | train_strategy_f1=33.33% | train_relation_acc=100.00% | elapsed=3653s
[Stage3-KO(madx_lang_frozen_task_r16)] | step 670/1591 (42.1%) | loss=5.0164 | lm=3.0036 | strategy_loss=0.9891 | relation_loss=0.4066 | train_emotion_acc=100.00% | train_strategy_f1=50.00% | train_relation_acc=100.00% | elapsed=3708s
[Stage3-KO(madx_lang_frozen_task_r16)] | step 680/1591 (42.7%) | loss=3.5529 | lm=2.3476 | strategy_loss=0.5436 | relation_loss=0.4246 | train_emotion_acc=100.00% | train_strategy_f1=60.00% | train_relation_acc=50.00% | elapsed=3763s
[Stage3-KO(madx_lang_frozen_task_r16)] | step 690/1591 (43.4%) | loss=3.3820 | lm=1.9907 | strategy_loss=0.7169 | relation_loss=0.0575 | train_emotion_acc=100.00% | train_strategy_f1=60.00% | train_relation_acc=100.00% | elapsed=3818s
[Stage3-KO(madx_lang_frozen_task_r16)] | step 700/1591 (44.0%) | loss=3.6050 | lm=2.0727 | strategy_loss=0.6415 | relation_loss=0.4116 | train_emotion_acc=50.00% | train_strategy_f1=50.00% | train_relation_acc=100.00% | elapsed=3873s
[Stage3-KO(madx_lang_frozen_task_r16)] | step 710/1591 (44.6%) | loss=3.5747 | lm=2.2363 | strategy_loss=0.4897 | relation_loss=0.6214 | train_emotion_acc=100.00% | train_strategy_f1=75.00% | train_relation_acc=100.00% | elapsed=3927s
[Stage3-KO(madx_lang_frozen_task_r16)] | step 720/1591 (45.3%) | loss=4.0148 | lm=2.1426 | strategy_loss=0.6651 | relation_loss=0.9347 | train_emotion_acc=100.00% | train_strategy_f1=60.00% | train_relation_acc=50.00% | elapsed=3982s
[Stage3-KO(madx_lang_frozen_task_r16)] | step 730/1591 (45.9%) | loss=3.9115 | lm=2.4988 | strategy_loss=0.6040 | relation_loss=0.2192 | train_emotion_acc=100.00% | train_strategy_f1=50.00% | train_relation_acc=100.00% | elapsed=4037s
[Stage3-KO(madx_lang_frozen_task_r16)] | step 740/1591 (46.5%) | loss=3.5270 | lm=1.9073 | strategy_loss=0.8098 | relation_loss=0.0004 | train_emotion_acc=100.00% | train_strategy_f1=33.33% | train_relation_acc=100.00% | elapsed=4092s
[Stage3-KO(madx_lang_frozen_task_r16)] | step 750/1591 (47.1%) | loss=3.5857 | lm=1.7160 | strategy_loss=0.6881 | relation_loss=0.7580 | train_emotion_acc=50.00% | train_strategy_f1=33.33% | train_relation_acc=50.00% | elapsed=4148s
[Stage3-KO(madx_lang_frozen_task_r16)] | step 760/1591 (47.8%) | loss=4.1854 | lm=2.1302 | strategy_loss=0.7802 | relation_loss=0.4793 | train_emotion_acc=50.00% | train_strategy_f1=50.00% | train_relation_acc=50.00% | elapsed=4202s
[Stage3-KO(madx_lang_frozen_task_r16)] | step 770/1591 (48.4%) | loss=5.0652 | lm=2.5875 | strategy_loss=1.0902 | relation_loss=0.3086 | train_emotion_acc=50.00% | train_strategy_f1=16.67% | train_relation_acc=100.00% | elapsed=4257s
[Stage3-KO(madx_lang_frozen_task_r16)] | step 780/1591 (49.0%) | loss=4.5786 | lm=2.5716 | strategy_loss=0.9914 | relation_loss=0.0620 | train_emotion_acc=100.00% | train_strategy_f1=20.00% | train_relation_acc=100.00% | elapsed=4312s
[Stage3-KO(madx_lang_frozen_task_r16)] | step 790/1591 (49.7%) | loss=4.8966 | lm=1.8506 | strategy_loss=1.3915 | relation_loss=1.0819 | train_emotion_acc=100.00% | train_strategy_f1=20.00% | train_relation_acc=50.00% | elapsed=4366s
[Stage3-KO(madx_lang_frozen_task_r16)] | step 800/1591 (50.3%) | loss=4.5042 | lm=2.3143 | strategy_loss=0.8187 | relation_loss=0.5949 | train_emotion_acc=50.00% | train_strategy_f1=40.00% | train_relation_acc=50.00% | elapsed=4421s
[Stage3-KO(madx_lang_frozen_task_r16)] EVAL @800 (valid) | EMOTION=77.00% | RELATION=96.00% | STRATEGY=67.93% | STRATEGY_HAMMING=64.00% | loss=3.8153 | lm_loss=2.2179 | emotion_loss=0.7152 | strategy_loss=0.7034 | relation_loss=0.1798
[Stage3-KO(madx_lang_frozen_task_r16)] | step 810/1591 (50.9%) | loss=3.4600 | lm=1.7552 | strategy_loss=0.7750 | relation_loss=0.0065 | train_emotion_acc=100.00% | train_strategy_f1=40.00% | train_relation_acc=100.00% | elapsed=4510s
[Stage3-KO(madx_lang_frozen_task_r16)] | step 820/1591 (51.5%) | loss=3.9382 | lm=2.3867 | strategy_loss=0.6715 | relation_loss=0.3144 | train_emotion_acc=100.00% | train_strategy_f1=50.00% | train_relation_acc=100.00% | elapsed=4565s
[Stage3-KO(madx_lang_frozen_task_r16)] | step 830/1591 (52.2%) | loss=2.9980 | lm=1.6981 | strategy_loss=0.6237 | relation_loss=0.1559 | train_emotion_acc=100.00% | train_strategy_f1=40.00% | train_relation_acc=100.00% | elapsed=4620s
[Stage3-KO(madx_lang_frozen_task_r16)] | step 840/1591 (52.8%) | loss=3.3123 | lm=2.0905 | strategy_loss=0.5732 | relation_loss=0.0263 | train_emotion_acc=100.00% | train_strategy_f1=60.00% | train_relation_acc=100.00% | elapsed=4675s
[Stage3-KO(madx_lang_frozen_task_r16)] | step 850/1591 (53.4%) | loss=3.7370 | lm=1.8896 | strategy_loss=0.6857 | relation_loss=0.1936 | train_emotion_acc=0.00% | train_strategy_f1=50.00% | train_relation_acc=100.00% | elapsed=4730s
[Stage3-KO(madx_lang_frozen_task_r16)] | step 860/1591 (54.1%) | loss=4.0633 | lm=2.3153 | strategy_loss=0.7654 | relation_loss=0.6131 | train_emotion_acc=100.00% | train_strategy_f1=60.00% | train_relation_acc=50.00% | elapsed=4785s
[Stage3-KO(madx_lang_frozen_task_r16)] | step 870/1591 (54.7%) | loss=5.2648 | lm=2.3925 | strategy_loss=1.1907 | relation_loss=1.2050 | train_emotion_acc=100.00% | train_strategy_f1=14.29% | train_relation_acc=50.00% | elapsed=4840s
[Stage3-KO(madx_lang_frozen_task_r16)] | step 880/1591 (55.3%) | loss=4.6607 | lm=2.9701 | strategy_loss=0.6949 | relation_loss=0.3314 | train_emotion_acc=50.00% | train_strategy_f1=60.00% | train_relation_acc=100.00% | elapsed=4896s
[Stage3-KO(madx_lang_frozen_task_r16)] | step 890/1591 (55.9%) | loss=3.4781 | lm=2.1342 | strategy_loss=0.5934 | relation_loss=0.0230 | train_emotion_acc=50.00% | train_strategy_f1=33.33% | train_relation_acc=100.00% | elapsed=4951s
[Stage3-KO(madx_lang_frozen_task_r16)] | step 900/1591 (56.6%) | loss=3.7491 | lm=2.1949 | strategy_loss=0.6567 | relation_loss=0.0366 | train_emotion_acc=50.00% | train_strategy_f1=40.00% | train_relation_acc=100.00% | elapsed=5005s
[Stage3-KO(madx_lang_frozen_task_r16)] | step 910/1591 (57.2%) | loss=3.9207 | lm=2.6255 | strategy_loss=0.5991 | relation_loss=0.1641 | train_emotion_acc=100.00% | train_strategy_f1=40.00% | train_relation_acc=100.00% | elapsed=5060s
[Stage3-KO(madx_lang_frozen_task_r16)] | step 920/1591 (57.8%) | loss=4.8095 | lm=3.0949 | strategy_loss=0.5432 | relation_loss=0.2499 | train_emotion_acc=50.00% | train_strategy_f1=50.00% | train_relation_acc=100.00% | elapsed=5115s
[Stage3-KO(madx_lang_frozen_task_r16)] | step 930/1591 (58.5%) | loss=4.7591 | lm=2.7259 | strategy_loss=0.8359 | relation_loss=0.6125 | train_emotion_acc=100.00% | train_strategy_f1=33.33% | train_relation_acc=50.00% | elapsed=5170s
[Stage3-KO(madx_lang_frozen_task_r16)] | step 940/1591 (59.1%) | loss=4.1656 | lm=2.5313 | strategy_loss=0.6822 | relation_loss=0.4589 | train_emotion_acc=100.00% | train_strategy_f1=60.00% | train_relation_acc=100.00% | elapsed=5225s
[Stage3-KO(madx_lang_frozen_task_r16)] | step 950/1591 (59.7%) | loss=3.4533 | lm=2.5472 | strategy_loss=0.4830 | relation_loss=0.0277 | train_emotion_acc=100.00% | train_strategy_f1=75.00% | train_relation_acc=100.00% | elapsed=5279s
[Stage3-KO(madx_lang_frozen_task_r16)] | step 960/1591 (60.3%) | loss=3.2125 | lm=2.0292 | strategy_loss=0.5766 | relation_loss=0.0011 | train_emotion_acc=100.00% | train_strategy_f1=40.00% | train_relation_acc=100.00% | elapsed=5335s
[Stage3-KO(madx_lang_frozen_task_r16)] | step 970/1591 (61.0%) | loss=4.7028 | lm=2.6025 | strategy_loss=0.6904 | relation_loss=0.2279 | train_emotion_acc=50.00% | train_strategy_f1=33.33% | train_relation_acc=100.00% | elapsed=5390s
[Stage3-KO(madx_lang_frozen_task_r16)] | step 980/1591 (61.6%) | loss=3.7864 | lm=2.3786 | strategy_loss=0.6921 | relation_loss=0.0761 | train_emotion_acc=100.00% | train_strategy_f1=40.00% | train_relation_acc=100.00% | elapsed=5446s
[Stage3-KO(madx_lang_frozen_task_r16)] | step 990/1591 (62.2%) | loss=4.5326 | lm=2.8359 | strategy_loss=0.6375 | relation_loss=0.5780 | train_emotion_acc=100.00% | train_strategy_f1=80.00% | train_relation_acc=100.00% | elapsed=5501s
[Stage3-KO(madx_lang_frozen_task_r16)] | step 1000/1591 (62.9%) | loss=4.3584 | lm=1.9995 | strategy_loss=1.1295 | relation_loss=0.0571 | train_emotion_acc=100.00% | train_strategy_f1=16.67% | train_relation_acc=100.00% | elapsed=5556s
[Stage3-KO(madx_lang_frozen_task_r16)] | step 1010/1591 (63.5%) | loss=4.8716 | lm=3.0370 | strategy_loss=0.6323 | relation_loss=0.9881 | train_emotion_acc=50.00% | train_strategy_f1=33.33% | train_relation_acc=50.00% | elapsed=5611s
[Stage3-KO(madx_lang_frozen_task_r16)] | step 1020/1591 (64.1%) | loss=3.9428 | lm=2.6634 | strategy_loss=0.6540 | relation_loss=0.0713 | train_emotion_acc=100.00% | train_strategy_f1=40.00% | train_relation_acc=100.00% | elapsed=5666s
[Stage3-KO(madx_lang_frozen_task_r16)] | step 1030/1591 (64.7%) | loss=3.8818 | lm=1.8090 | strategy_loss=1.1364 | relation_loss=0.0120 | train_emotion_acc=100.00% | train_strategy_f1=16.67% | train_relation_acc=100.00% | elapsed=5721s
[Stage3-KO(madx_lang_frozen_task_r16)] | step 1040/1591 (65.4%) | loss=3.4782 | lm=1.8165 | strategy_loss=0.7256 | relation_loss=0.2691 | train_emotion_acc=100.00% | train_strategy_f1=66.67% | train_relation_acc=100.00% | elapsed=5781s
[Stage3-KO(madx_lang_frozen_task_r16)] | step 1050/1591 (66.0%) | loss=4.1731 | lm=2.6070 | strategy_loss=0.6683 | relation_loss=0.0099 | train_emotion_acc=50.00% | train_strategy_f1=50.00% | train_relation_acc=100.00% | elapsed=5843s
[Stage3-KO(madx_lang_frozen_task_r16)] | step 1060/1591 (66.6%) | loss=3.4878 | lm=2.3869 | strategy_loss=0.5895 | relation_loss=0.0127 | train_emotion_acc=100.00% | train_strategy_f1=50.00% | train_relation_acc=100.00% | elapsed=5905s
[Stage3-KO(madx_lang_frozen_task_r16)] | step 1070/1591 (67.3%) | loss=4.3565 | lm=2.2417 | strategy_loss=0.9958 | relation_loss=0.2785 | train_emotion_acc=100.00% | train_strategy_f1=33.33% | train_relation_acc=100.00% | elapsed=5968s
[Stage3-KO(madx_lang_frozen_task_r16)] | step 1080/1591 (67.9%) | loss=4.9900 | lm=3.1807 | strategy_loss=0.7937 | relation_loss=0.7619 | train_emotion_acc=100.00% | train_strategy_f1=60.00% | train_relation_acc=100.00% | elapsed=6029s
[Stage3-KO(madx_lang_frozen_task_r16)] | step 1090/1591 (68.5%) | loss=4.2567 | lm=2.3764 | strategy_loss=0.9033 | relation_loss=0.0307 | train_emotion_acc=100.00% | train_strategy_f1=80.00% | train_relation_acc=100.00% | elapsed=6090s
[Stage3-KO(madx_lang_frozen_task_r16)] | step 1100/1591 (69.1%) | loss=4.0348 | lm=2.5956 | strategy_loss=0.7718 | relation_loss=0.0217 | train_emotion_acc=100.00% | train_strategy_f1=50.00% | train_relation_acc=100.00% | elapsed=6152s
[Stage3-KO(madx_lang_frozen_task_r16)] | step 1110/1591 (69.8%) | loss=4.4531 | lm=2.6743 | strategy_loss=0.7872 | relation_loss=0.5116 | train_emotion_acc=100.00% | train_strategy_f1=25.00% | train_relation_acc=100.00% | elapsed=6214s
[Stage3-KO(madx_lang_frozen_task_r16)] | step 1120/1591 (70.4%) | loss=4.8002 | lm=2.0114 | strategy_loss=0.9593 | relation_loss=0.5825 | train_emotion_acc=0.00% | train_strategy_f1=50.00% | train_relation_acc=50.00% | elapsed=6276s
[Stage3-KO(madx_lang_frozen_task_r16)] | step 1130/1591 (71.0%) | loss=3.7597 | lm=2.1158 | strategy_loss=0.6819 | relation_loss=0.1360 | train_emotion_acc=50.00% | train_strategy_f1=60.00% | train_relation_acc=100.00% | elapsed=6337s
[Stage3-KO(madx_lang_frozen_task_r16)] | step 1140/1591 (71.7%) | loss=3.6134 | lm=2.2862 | strategy_loss=0.4989 | relation_loss=0.0198 | train_emotion_acc=50.00% | train_strategy_f1=100.00% | train_relation_acc=100.00% | elapsed=6400s
[Stage3-KO(madx_lang_frozen_task_r16)] | step 1150/1591 (72.3%) | loss=4.0335 | lm=2.3668 | strategy_loss=0.6599 | relation_loss=0.4369 | train_emotion_acc=50.00% | train_strategy_f1=50.00% | train_relation_acc=50.00% | elapsed=6462s
[Stage3-KO(madx_lang_frozen_task_r16)] | step 1160/1591 (72.9%) | loss=5.6278 | lm=2.1270 | strategy_loss=1.6341 | relation_loss=0.0553 | train_emotion_acc=50.00% | train_strategy_f1=42.86% | train_relation_acc=100.00% | elapsed=6524s
[Stage3-KO(madx_lang_frozen_task_r16)] | step 1170/1591 (73.5%) | loss=3.9262 | lm=2.1866 | strategy_loss=0.9259 | relation_loss=0.0500 | train_emotion_acc=100.00% | train_strategy_f1=16.67% | train_relation_acc=100.00% | elapsed=6585s
[Stage3-KO(madx_lang_frozen_task_r16)] | step 1180/1591 (74.2%) | loss=5.5430 | lm=2.3135 | strategy_loss=1.2913 | relation_loss=1.0532 | train_emotion_acc=50.00% | train_strategy_f1=40.00% | train_relation_acc=50.00% | elapsed=6647s
[Stage3-KO(madx_lang_frozen_task_r16)] | step 1190/1591 (74.8%) | loss=3.6368 | lm=1.8229 | strategy_loss=0.7834 | relation_loss=0.0295 | train_emotion_acc=50.00% | train_strategy_f1=33.33% | train_relation_acc=100.00% | elapsed=6709s
[Stage3-KO(madx_lang_frozen_task_r16)] | step 1200/1591 (75.4%) | loss=3.5275 | lm=1.8453 | strategy_loss=0.8101 | relation_loss=0.0011 | train_emotion_acc=100.00% | train_strategy_f1=33.33% | train_relation_acc=100.00% | elapsed=6770s
[Stage3-KO(madx_lang_frozen_task_r16)] EVAL @1200 (valid) | EMOTION=79.50% | RELATION=97.00% | STRATEGY=67.71% | STRATEGY_HAMMING=64.00% | loss=3.7494 | lm_loss=2.1720 | emotion_loss=0.6157 | strategy_loss=0.7205 | relation_loss=0.1442
[Stage3-KO(madx_lang_frozen_task_r16)] | step 1210/1591 (76.1%) | loss=4.8280 | lm=1.8174 | strategy_loss=1.2652 | relation_loss=1.1053 | train_emotion_acc=100.00% | train_strategy_f1=28.57% | train_relation_acc=50.00% | elapsed=6867s
[Stage3-KO(madx_lang_frozen_task_r16)] | step 1220/1591 (76.7%) | loss=5.0859 | lm=2.3879 | strategy_loss=0.7266 | relation_loss=0.8870 | train_emotion_acc=0.00% | train_strategy_f1=50.00% | train_relation_acc=50.00% | elapsed=6929s
[Stage3-KO(madx_lang_frozen_task_r16)] | step 1230/1591 (77.3%) | loss=3.4119 | lm=2.0513 | strategy_loss=0.6340 | relation_loss=0.0462 | train_emotion_acc=100.00% | train_strategy_f1=66.67% | train_relation_acc=100.00% | elapsed=6992s
[Stage3-KO(madx_lang_frozen_task_r16)] | step 1240/1591 (77.9%) | loss=3.3206 | lm=1.7480 | strategy_loss=0.6694 | relation_loss=0.0661 | train_emotion_acc=50.00% | train_strategy_f1=50.00% | train_relation_acc=100.00% | elapsed=7053s
[Stage3-KO(madx_lang_frozen_task_r16)] | step 1250/1591 (78.6%) | loss=3.8000 | lm=2.3481 | strategy_loss=0.6306 | relation_loss=0.0270 | train_emotion_acc=50.00% | train_strategy_f1=60.00% | train_relation_acc=100.00% | elapsed=7114s
[Stage3-KO(madx_lang_frozen_task_r16)] | step 1260/1591 (79.2%) | loss=3.7925 | lm=1.9912 | strategy_loss=0.6444 | relation_loss=0.5044 | train_emotion_acc=50.00% | train_strategy_f1=33.33% | train_relation_acc=50.00% | elapsed=7177s
[Stage3-KO(madx_lang_frozen_task_r16)] | step 1270/1591 (79.8%) | loss=4.0224 | lm=2.3233 | strategy_loss=0.7644 | relation_loss=0.3949 | train_emotion_acc=100.00% | train_strategy_f1=40.00% | train_relation_acc=50.00% | elapsed=7238s
[Stage3-KO(madx_lang_frozen_task_r16)] | step 1280/1591 (80.5%) | loss=3.2794 | lm=2.1752 | strategy_loss=0.5619 | relation_loss=0.0557 | train_emotion_acc=100.00% | train_strategy_f1=40.00% | train_relation_acc=100.00% | elapsed=7299s
[Stage3-KO(madx_lang_frozen_task_r16)] | step 1290/1591 (81.1%) | loss=3.7353 | lm=1.9696 | strategy_loss=0.7111 | relation_loss=0.4049 | train_emotion_acc=50.00% | train_strategy_f1=40.00% | train_relation_acc=50.00% | elapsed=7361s
[Stage3-KO(madx_lang_frozen_task_r16)] | step 1300/1591 (81.7%) | loss=3.4942 | lm=1.9918 | strategy_loss=0.7211 | relation_loss=0.3558 | train_emotion_acc=100.00% | train_strategy_f1=40.00% | train_relation_acc=100.00% | elapsed=7422s
[Stage3-KO(madx_lang_frozen_task_r16)] | step 1310/1591 (82.3%) | loss=3.7490 | lm=2.3042 | strategy_loss=0.5823 | relation_loss=0.2179 | train_emotion_acc=50.00% | train_strategy_f1=50.00% | train_relation_acc=100.00% | elapsed=7485s
[Stage3-KO(madx_lang_frozen_task_r16)] | step 1320/1591 (83.0%) | loss=3.8888 | lm=2.6274 | strategy_loss=0.5522 | relation_loss=0.0016 | train_emotion_acc=50.00% | train_strategy_f1=60.00% | train_relation_acc=100.00% | elapsed=7546s
[Stage3-KO(madx_lang_frozen_task_r16)] | step 1330/1591 (83.6%) | loss=4.8274 | lm=2.5760 | strategy_loss=1.0415 | relation_loss=0.2662 | train_emotion_acc=100.00% | train_strategy_f1=28.57% | train_relation_acc=100.00% | elapsed=7610s
[Stage3-KO(madx_lang_frozen_task_r16)] | step 1340/1591 (84.2%) | loss=4.8400 | lm=2.7770 | strategy_loss=0.9872 | relation_loss=0.0564 | train_emotion_acc=50.00% | train_strategy_f1=50.00% | train_relation_acc=100.00% | elapsed=7672s
[Stage3-KO(madx_lang_frozen_task_r16)] | step 1350/1591 (84.9%) | loss=4.6023 | lm=2.7136 | strategy_loss=0.3246 | relation_loss=2.2363 | train_emotion_acc=50.00% | train_strategy_f1=100.00% | train_relation_acc=50.00% | elapsed=7734s
[Stage3-KO(madx_lang_frozen_task_r16)] | step 1360/1591 (85.5%) | loss=3.6744 | lm=2.5585 | strategy_loss=0.5336 | relation_loss=0.0216 | train_emotion_acc=100.00% | train_strategy_f1=50.00% | train_relation_acc=100.00% | elapsed=7796s
[Stage3-KO(madx_lang_frozen_task_r16)] | step 1370/1591 (86.1%) | loss=5.1425 | lm=2.3495 | strategy_loss=1.4736 | relation_loss=0.1191 | train_emotion_acc=100.00% | train_strategy_f1=28.57% | train_relation_acc=100.00% | elapsed=7857s
[Stage3-KO(madx_lang_frozen_task_r16)] | step 1380/1591 (86.7%) | loss=3.7320 | lm=2.1660 | strategy_loss=0.8044 | relation_loss=0.0043 | train_emotion_acc=100.00% | train_strategy_f1=40.00% | train_relation_acc=100.00% | elapsed=7919s
[Stage3-KO(madx_lang_frozen_task_r16)] | step 1390/1591 (87.4%) | loss=2.6288 | lm=1.5310 | strategy_loss=0.5769 | relation_loss=0.1088 | train_emotion_acc=100.00% | train_strategy_f1=50.00% | train_relation_acc=100.00% | elapsed=7982s
[Stage3-KO(madx_lang_frozen_task_r16)] | step 1400/1591 (88.0%) | loss=4.6026 | lm=2.4190 | strategy_loss=1.1828 | relation_loss=0.0504 | train_emotion_acc=100.00% | train_strategy_f1=28.57% | train_relation_acc=100.00% | elapsed=8044s
[Stage3-KO(madx_lang_frozen_task_r16)] | step 1410/1591 (88.6%) | loss=4.4101 | lm=2.4467 | strategy_loss=0.7340 | relation_loss=0.0059 | train_emotion_acc=50.00% | train_strategy_f1=20.00% | train_relation_acc=100.00% | elapsed=8106s
[Stage3-KO(madx_lang_frozen_task_r16)] | step 1420/1591 (89.3%) | loss=4.2138 | lm=1.9498 | strategy_loss=1.0236 | relation_loss=0.2903 | train_emotion_acc=100.00% | train_strategy_f1=40.00% | train_relation_acc=100.00% | elapsed=8168s
[Stage3-KO(madx_lang_frozen_task_r16)] | step 1430/1591 (89.9%) | loss=3.5644 | lm=1.8415 | strategy_loss=0.6700 | relation_loss=0.7008 | train_emotion_acc=100.00% | train_strategy_f1=66.67% | train_relation_acc=50.00% | elapsed=8231s
[Stage3-KO(madx_lang_frozen_task_r16)] | step 1440/1591 (90.5%) | loss=4.6024 | lm=2.6240 | strategy_loss=0.7279 | relation_loss=0.8688 | train_emotion_acc=50.00% | train_strategy_f1=25.00% | train_relation_acc=50.00% | elapsed=8293s
[Stage3-KO(madx_lang_frozen_task_r16)] | step 1450/1591 (91.1%) | loss=3.4312 | lm=1.6019 | strategy_loss=0.6967 | relation_loss=0.7390 | train_emotion_acc=100.00% | train_strategy_f1=50.00% | train_relation_acc=100.00% | elapsed=8354s
[Stage3-KO(madx_lang_frozen_task_r16)] | step 1460/1591 (91.8%) | loss=4.6796 | lm=2.2087 | strategy_loss=0.8176 | relation_loss=1.7400 | train_emotion_acc=100.00% | train_strategy_f1=25.00% | train_relation_acc=50.00% | elapsed=8416s
[Stage3-KO(madx_lang_frozen_task_r16)] | step 1470/1591 (92.4%) | loss=3.6270 | lm=1.9442 | strategy_loss=0.8402 | relation_loss=0.0626 | train_emotion_acc=100.00% | train_strategy_f1=40.00% | train_relation_acc=100.00% | elapsed=8478s
[Stage3-KO(madx_lang_frozen_task_r16)] | step 1480/1591 (93.0%) | loss=3.5324 | lm=2.1907 | strategy_loss=0.5290 | relation_loss=0.4634 | train_emotion_acc=100.00% | train_strategy_f1=75.00% | train_relation_acc=100.00% | elapsed=8540s
[Stage3-KO(madx_lang_frozen_task_r16)] | step 1490/1591 (93.7%) | loss=3.6616 | lm=2.3797 | strategy_loss=0.6173 | relation_loss=0.0118 | train_emotion_acc=100.00% | train_strategy_f1=40.00% | train_relation_acc=100.00% | elapsed=8602s
[Stage3-KO(madx_lang_frozen_task_r16)] | step 1500/1591 (94.3%) | loss=3.8291 | lm=2.2215 | strategy_loss=0.8486 | relation_loss=0.0301 | train_emotion_acc=100.00% | train_strategy_f1=33.33% | train_relation_acc=100.00% | elapsed=8664s
[Stage3-KO(madx_lang_frozen_task_r16)] | step 1510/1591 (94.9%) | loss=4.2955 | lm=2.4489 | strategy_loss=0.7043 | relation_loss=0.0040 | train_emotion_acc=0.00% | train_strategy_f1=50.00% | train_relation_acc=100.00% | elapsed=8725s
[Stage3-KO(madx_lang_frozen_task_r16)] | step 1520/1591 (95.5%) | loss=3.8491 | lm=2.3293 | strategy_loss=0.5721 | relation_loss=0.6319 | train_emotion_acc=100.00% | train_strategy_f1=50.00% | train_relation_acc=50.00% | elapsed=8788s
[Stage3-KO(madx_lang_frozen_task_r16)] | step 1530/1591 (96.2%) | loss=3.4130 | lm=1.9113 | strategy_loss=0.7871 | relation_loss=0.0549 | train_emotion_acc=100.00% | train_strategy_f1=33.33% | train_relation_acc=100.00% | elapsed=8849s
[Stage3-KO(madx_lang_frozen_task_r16)] | step 1540/1591 (96.8%) | loss=3.4878 | lm=2.3284 | strategy_loss=0.4765 | relation_loss=0.5945 | train_emotion_acc=100.00% | train_strategy_f1=60.00% | train_relation_acc=100.00% | elapsed=8912s
[Stage3-KO(madx_lang_frozen_task_r16)] | step 1550/1591 (97.4%) | loss=3.1020 | lm=2.0812 | strategy_loss=0.4644 | relation_loss=0.2758 | train_emotion_acc=100.00% | train_strategy_f1=60.00% | train_relation_acc=100.00% | elapsed=8974s
[Stage3-KO(madx_lang_frozen_task_r16)] | step 1560/1591 (98.1%) | loss=4.4395 | lm=2.3254 | strategy_loss=0.8398 | relation_loss=0.0149 | train_emotion_acc=0.00% | train_strategy_f1=40.00% | train_relation_acc=100.00% | elapsed=9036s
[Stage3-KO(madx_lang_frozen_task_r16)] | step 1570/1591 (98.7%) | loss=4.0403 | lm=2.0120 | strategy_loss=1.0463 | relation_loss=0.0261 | train_emotion_acc=100.00% | train_strategy_f1=16.67% | train_relation_acc=100.00% | elapsed=9097s
[Stage3-KO(madx_lang_frozen_task_r16)] | step 1580/1591 (99.3%) | loss=3.7964 | lm=2.6769 | strategy_loss=0.5942 | relation_loss=0.0050 | train_emotion_acc=100.00% | train_strategy_f1=60.00% | train_relation_acc=100.00% | elapsed=9159s
[Stage3-KO(madx_lang_frozen_task_r16)] | step 1590/1591 (99.9%) | loss=4.4389 | lm=2.0851 | strategy_loss=1.0780 | relation_loss=0.3418 | train_emotion_acc=100.00% | train_strategy_f1=25.00% | train_relation_acc=100.00% | elapsed=9221s
[Stage3-KO(madx_lang_frozen_task_r16)] FINAL | EMOTION=79.50% | RELATION=98.00% | STRATEGY=69.04% | STRATEGY_HAMMING=68.50%
[Stage3-KO(madx_lang_frozen_task_r16)] saved_to=/home/jbnu/jaehong/en-ko-empathy-lora/outputs/taffc/qwen/MADX/s42
[Stage3-KO(madx_lang_frozen_task_r16)] init_mode=madx_lang_frozen_task_r16
[Stage3-KO(madx_lang_frozen_task_r16)] vram_peak_gb=37.809
[Stage3-KO(madx_lang_frozen_task_r16)] steps=1591
[Stage3-KO(madx_lang_frozen_task_r16)] progress -> /home/jbnu/jaehong/en-ko-empathy-lora/outputs/taffc/qwen/MADX/s42/progress.json
[TRAIN] outputs/taffc/qwen/KED/s42 seed=42
device=cuda
cuda_device=NVIDIA L40S
train=19530 valid=2769 A=32 S=0 R=0 strategy_scope=utterance
Warning: You are sending unauthenticated requests to the HF Hub. Please set a HF_TOKEN to enable higher rate limits and faster downloads.
Fetching 4 files:   0%|          | 0/4 [00:00<?, ?it/s]Fetching 4 files: 100%|██████████| 4/4 [00:00<00:00, 15265.89it/s]
[transformers] The fast path is not available because one of the required library is not installed. Falling back to torch implementation. To install follow https://github.com/fla-org/flash-linear-attention#installation and https://github.com/Dao-AILab/causal-conv1d
Loading weights:   0%|          | 0/427 [00:00<?, ?it/s]Loading weights: 100%|██████████| 427/427 [00:00<00:00, 8812.60it/s]
bitsandbytes library load error: Configured CUDA binary not found at /home/jbnu/jupyter-env/lib/python3.12/site-packages/bitsandbytes/libbitsandbytes_cuda130.so
 If you are using Intel CPU/XPU, please install intel_extension_for_pytorch to enable required ops
Traceback (most recent call last):
  File "/home/jbnu/jupyter-env/lib/python3.12/site-packages/bitsandbytes/cextension.py", line 318, in <module>
    lib = get_native_library()
          ^^^^^^^^^^^^^^^^^^^^
  File "/home/jbnu/jupyter-env/lib/python3.12/site-packages/bitsandbytes/cextension.py", line 282, in get_native_library
    raise RuntimeError(f"Configured {BNB_BACKEND} binary not found at {cuda_binary_path}")
RuntimeError: Configured CUDA binary not found at /home/jbnu/jupyter-env/lib/python3.12/site-packages/bitsandbytes/libbitsandbytes_cuda130.so
lora_init_mode=relearn_fresh
gates={'affect': 'share', 'strategy': 'relearn', 'relation': 'relearn', 'culture': 'suppress'}
strategy_pos_weight=[]
loss_weights emotion=0.350 strategy=1.800 relation=0.450 gate_conditioned=False curriculum=False
/home/jbnu/jupyter-env/lib/python3.12/site-packages/torch/nn/modules/linear.py:124: UserWarning: Initializing zero-element tensors is a no-op
  init.kaiming_uniform_(self.weight, a=math.sqrt(5))
two_pass_affect=False
lr_lora=0.00015 lr_head=0.00015 freeze_lora=False trainable=20,844,576
[Stage3-KO(relearn_fresh)] model=Qwen/Qwen3.5-9B train=19530 valid=2769 init=relearn_fresh steps≈1220 S=multilabel gates={'affect': 'share', 'strategy': 'relearn', 'relation': 'relearn', 'culture': 'suppress'}
[Stage3-KO(relearn_fresh)] | step 1/1220 (0.1%) | loss=5.0469 | lm=3.8157 | train_emotion_acc=50.00% | elapsed=4s
[Stage3-KO(relearn_fresh)] | step 10/1220 (0.8%) | loss=2.9751 | lm=1.9116 | train_emotion_acc=0.00% | elapsed=32s
[Stage3-KO(relearn_fresh)] | step 20/1220 (1.6%) | loss=3.4919 | lm=2.3829 | train_emotion_acc=50.00% | elapsed=64s
[Stage3-KO(relearn_fresh)] | step 30/1220 (2.5%) | loss=3.2704 | lm=1.9803 | train_emotion_acc=0.00% | elapsed=96s
[Stage3-KO(relearn_fresh)] | step 40/1220 (3.3%) | loss=3.7928 | lm=2.4784 | train_emotion_acc=0.00% | elapsed=127s
[Stage3-KO(relearn_fresh)] | step 50/1220 (4.1%) | loss=3.9450 | lm=2.8887 | train_emotion_acc=0.00% | elapsed=159s
[Stage3-KO(relearn_fresh)] | step 60/1220 (4.9%) | loss=3.0552 | lm=2.0711 | train_emotion_acc=0.00% | elapsed=191s
[Stage3-KO(relearn_fresh)] | step 70/1220 (5.7%) | loss=2.7750 | lm=2.0187 | train_emotion_acc=50.00% | elapsed=223s
[Stage3-KO(relearn_fresh)] | step 80/1220 (6.6%) | loss=3.0106 | lm=2.3448 | train_emotion_acc=100.00% | elapsed=254s
[Stage3-KO(relearn_fresh)] | step 90/1220 (7.4%) | loss=3.6259 | lm=2.2486 | train_emotion_acc=0.00% | elapsed=286s
[Stage3-KO(relearn_fresh)] | step 100/1220 (8.2%) | loss=3.1893 | lm=2.5326 | train_emotion_acc=0.00% | elapsed=318s
[Stage3-KO(relearn_fresh)] | step 110/1220 (9.0%) | loss=2.4364 | lm=2.1967 | train_emotion_acc=100.00% | elapsed=351s
[Stage3-KO(relearn_fresh)] | step 120/1220 (9.8%) | loss=3.2284 | lm=2.4520 | train_emotion_acc=50.00% | elapsed=383s
[Stage3-KO(relearn_fresh)] | step 130/1220 (10.7%) | loss=3.3025 | lm=2.4317 | train_emotion_acc=0.00% | elapsed=415s
[Stage3-KO(relearn_fresh)] | step 140/1220 (11.5%) | loss=3.0867 | lm=2.5161 | train_emotion_acc=50.00% | elapsed=447s
[Stage3-KO(relearn_fresh)] | step 150/1220 (12.3%) | loss=3.7852 | lm=3.0055 | train_emotion_acc=50.00% | elapsed=478s
[Stage3-KO(relearn_fresh)] | step 160/1220 (13.1%) | loss=2.9289 | lm=2.1310 | train_emotion_acc=50.00% | elapsed=510s
[Stage3-KO(relearn_fresh)] | step 170/1220 (13.9%) | loss=2.7571 | lm=2.6244 | train_emotion_acc=100.00% | elapsed=542s
[Stage3-KO(relearn_fresh)] | step 180/1220 (14.8%) | loss=2.4486 | lm=2.0512 | train_emotion_acc=50.00% | elapsed=574s
[Stage3-KO(relearn_fresh)] | step 190/1220 (15.6%) | loss=2.8606 | lm=2.4610 | train_emotion_acc=50.00% | elapsed=606s
[Stage3-KO(relearn_fresh)] | step 200/1220 (16.4%) | loss=3.2540 | lm=2.5180 | train_emotion_acc=0.00% | elapsed=638s
[Stage3-KO(relearn_fresh)] | step 210/1220 (17.2%) | loss=2.7495 | lm=2.4820 | train_emotion_acc=100.00% | elapsed=669s
[Stage3-KO(relearn_fresh)] | step 220/1220 (18.0%) | loss=2.3820 | lm=1.8905 | train_emotion_acc=50.00% | elapsed=701s
[Stage3-KO(relearn_fresh)] | step 230/1220 (18.9%) | loss=2.5736 | lm=2.3661 | train_emotion_acc=100.00% | elapsed=732s
[Stage3-KO(relearn_fresh)] | step 240/1220 (19.7%) | loss=2.5577 | lm=2.2010 | train_emotion_acc=50.00% | elapsed=764s
[Stage3-KO(relearn_fresh)] | step 250/1220 (20.5%) | loss=3.6925 | lm=3.3493 | train_emotion_acc=50.00% | elapsed=796s
[Stage3-KO(relearn_fresh)] | step 260/1220 (21.3%) | loss=2.3269 | lm=1.9152 | train_emotion_acc=0.00% | elapsed=828s
[Stage3-KO(relearn_fresh)] | step 270/1220 (22.1%) | loss=3.4065 | lm=2.9436 | train_emotion_acc=100.00% | elapsed=859s
[Stage3-KO(relearn_fresh)] | step 280/1220 (23.0%) | loss=2.9723 | lm=2.5033 | train_emotion_acc=50.00% | elapsed=891s
[Stage3-KO(relearn_fresh)] | step 290/1220 (23.8%) | loss=2.9666 | lm=2.6709 | train_emotion_acc=100.00% | elapsed=923s
[Stage3-KO(relearn_fresh)] | step 300/1220 (24.6%) | loss=4.1017 | lm=3.3994 | train_emotion_acc=0.00% | elapsed=955s
[Stage3-KO(relearn_fresh)] | step 310/1220 (25.4%) | loss=2.5632 | lm=2.3706 | train_emotion_acc=100.00% | elapsed=986s
[Stage3-KO(relearn_fresh)] | step 320/1220 (26.2%) | loss=2.1513 | lm=1.9878 | train_emotion_acc=100.00% | elapsed=1018s
[Stage3-KO(relearn_fresh)] | step 330/1220 (27.0%) | loss=2.6420 | lm=2.1756 | train_emotion_acc=50.00% | elapsed=1050s
[Stage3-KO(relearn_fresh)] | step 340/1220 (27.9%) | loss=2.5649 | lm=1.9679 | train_emotion_acc=50.00% | elapsed=1081s
[Stage3-KO(relearn_fresh)] | step 350/1220 (28.7%) | loss=1.9523 | lm=1.6154 | train_emotion_acc=50.00% | elapsed=1113s
[Stage3-KO(relearn_fresh)] | step 360/1220 (29.5%) | loss=3.8948 | lm=2.5439 | train_emotion_acc=50.00% | elapsed=1145s
[Stage3-KO(relearn_fresh)] | step 370/1220 (30.3%) | loss=1.5668 | lm=1.5286 | train_emotion_acc=100.00% | elapsed=1176s
[Stage3-KO(relearn_fresh)] | step 380/1220 (31.1%) | loss=3.2807 | lm=2.5723 | train_emotion_acc=50.00% | elapsed=1207s
[Stage3-KO(relearn_fresh)] | step 390/1220 (32.0%) | loss=3.4843 | lm=2.4235 | train_emotion_acc=50.00% | elapsed=1239s
[Stage3-KO(relearn_fresh)] | step 400/1220 (32.8%) | loss=3.1870 | lm=2.4638 | train_emotion_acc=50.00% | elapsed=1271s
[Stage3-KO(relearn_fresh)] EVAL @400 (valid) | EMOTION=57.50% | RELATION=n/a | STRATEGY=n/a | loss=2.8200 | lm_loss=2.3692 | emotion_loss=1.2883
[Stage3-KO(relearn_fresh)] | step 410/1220 (33.6%) | loss=2.7346 | lm=1.8971 | train_emotion_acc=0.00% | elapsed=1314s
[Stage3-KO(relearn_fresh)] | step 420/1220 (34.4%) | loss=2.7546 | lm=2.2742 | train_emotion_acc=50.00% | elapsed=1346s
[Stage3-KO(relearn_fresh)] | step 430/1220 (35.2%) | loss=2.8823 | lm=2.5717 | train_emotion_acc=50.00% | elapsed=1378s
[Stage3-KO(relearn_fresh)] | step 440/1220 (36.1%) | loss=3.1224 | lm=2.5955 | train_emotion_acc=50.00% | elapsed=1409s
[Stage3-KO(relearn_fresh)] | step 450/1220 (36.9%) | loss=2.7321 | lm=2.0030 | train_emotion_acc=50.00% | elapsed=1441s
[Stage3-KO(relearn_fresh)] | step 460/1220 (37.7%) | loss=2.8990 | lm=2.3927 | train_emotion_acc=50.00% | elapsed=1473s
[Stage3-KO(relearn_fresh)] | step 470/1220 (38.5%) | loss=2.3767 | lm=2.2553 | train_emotion_acc=100.00% | elapsed=1504s
[Stage3-KO(relearn_fresh)] | step 480/1220 (39.3%) | loss=2.3766 | lm=2.1488 | train_emotion_acc=50.00% | elapsed=1536s
[Stage3-KO(relearn_fresh)] | step 490/1220 (40.2%) | loss=3.0720 | lm=3.0584 | train_emotion_acc=100.00% | elapsed=1568s
[Stage3-KO(relearn_fresh)] | step 500/1220 (41.0%) | loss=2.3495 | lm=2.3379 | train_emotion_acc=100.00% | elapsed=1600s
[Stage3-KO(relearn_fresh)] | step 510/1220 (41.8%) | loss=3.5839 | lm=2.2666 | train_emotion_acc=0.00% | elapsed=1632s
[Stage3-KO(relearn_fresh)] | step 520/1220 (42.6%) | loss=2.4899 | lm=1.9826 | train_emotion_acc=0.00% | elapsed=1664s
[Stage3-KO(relearn_fresh)] | step 530/1220 (43.4%) | loss=2.6198 | lm=2.5025 | train_emotion_acc=100.00% | elapsed=1696s
[Stage3-KO(relearn_fresh)] | step 540/1220 (44.3%) | loss=2.2696 | lm=2.1731 | train_emotion_acc=100.00% | elapsed=1728s
[Stage3-KO(relearn_fresh)] | step 550/1220 (45.1%) | loss=2.9636 | lm=2.4321 | train_emotion_acc=0.00% | elapsed=1760s
[Stage3-KO(relearn_fresh)] | step 560/1220 (45.9%) | loss=2.7774 | lm=2.4136 | train_emotion_acc=50.00% | elapsed=1791s
[Stage3-KO(relearn_fresh)] | step 570/1220 (46.7%) | loss=2.5628 | lm=2.3918 | train_emotion_acc=100.00% | elapsed=1823s
[Stage3-KO(relearn_fresh)] | step 580/1220 (47.5%) | loss=3.6150 | lm=3.1653 | train_emotion_acc=50.00% | elapsed=1855s
[Stage3-KO(relearn_fresh)] | step 590/1220 (48.4%) | loss=2.3207 | lm=1.6846 | train_emotion_acc=0.00% | elapsed=1887s
[Stage3-KO(relearn_fresh)] | step 600/1220 (49.2%) | loss=3.7172 | lm=2.0923 | train_emotion_acc=0.00% | elapsed=1919s
[Stage3-KO(relearn_fresh)] | step 610/1220 (50.0%) | loss=2.5806 | lm=2.2338 | train_emotion_acc=50.00% | elapsed=1951s
[Stage3-KO(relearn_fresh)] | step 620/1220 (50.8%) | loss=3.5730 | lm=3.2905 | train_emotion_acc=50.00% | elapsed=1983s
[Stage3-KO(relearn_fresh)] | step 630/1220 (51.6%) | loss=2.1763 | lm=1.7084 | train_emotion_acc=50.00% | elapsed=2015s
[Stage3-KO(relearn_fresh)] | step 640/1220 (52.5%) | loss=2.6413 | lm=2.4690 | train_emotion_acc=100.00% | elapsed=2047s
[Stage3-KO(relearn_fresh)] | step 650/1220 (53.3%) | loss=3.0153 | lm=2.0730 | train_emotion_acc=0.00% | elapsed=2079s
[Stage3-KO(relearn_fresh)] | step 660/1220 (54.1%) | loss=2.8097 | lm=2.6590 | train_emotion_acc=100.00% | elapsed=2111s
[Stage3-KO(relearn_fresh)] | step 670/1220 (54.9%) | loss=2.7251 | lm=2.3901 | train_emotion_acc=50.00% | elapsed=2143s
[Stage3-KO(relearn_fresh)] | step 680/1220 (55.7%) | loss=2.3843 | lm=2.3775 | train_emotion_acc=100.00% | elapsed=2175s
[Stage3-KO(relearn_fresh)] | step 690/1220 (56.6%) | loss=3.8209 | lm=3.0238 | train_emotion_acc=50.00% | elapsed=2207s
[Stage3-KO(relearn_fresh)] | step 700/1220 (57.4%) | loss=3.5776 | lm=2.9021 | train_emotion_acc=50.00% | elapsed=2238s
[Stage3-KO(relearn_fresh)] | step 710/1220 (58.2%) | loss=2.7427 | lm=2.4781 | train_emotion_acc=50.00% | elapsed=2271s
[Stage3-KO(relearn_fresh)] | step 720/1220 (59.0%) | loss=3.1491 | lm=2.3218 | train_emotion_acc=0.00% | elapsed=2302s
[Stage3-KO(relearn_fresh)] | step 730/1220 (59.8%) | loss=3.1036 | lm=2.7951 | train_emotion_acc=50.00% | elapsed=2334s
[Stage3-KO(relearn_fresh)] | step 740/1220 (60.7%) | loss=2.6292 | lm=2.4029 | train_emotion_acc=100.00% | elapsed=2366s
[Stage3-KO(relearn_fresh)] | step 750/1220 (61.5%) | loss=3.0563 | lm=2.8800 | train_emotion_acc=100.00% | elapsed=2398s
[Stage3-KO(relearn_fresh)] | step 760/1220 (62.3%) | loss=2.0725 | lm=1.9552 | train_emotion_acc=100.00% | elapsed=2430s
[Stage3-KO(relearn_fresh)] | step 770/1220 (63.1%) | loss=2.6027 | lm=2.4912 | train_emotion_acc=50.00% | elapsed=2462s
[Stage3-KO(relearn_fresh)] | step 780/1220 (63.9%) | loss=3.4279 | lm=2.9926 | train_emotion_acc=50.00% | elapsed=2494s
[Stage3-KO(relearn_fresh)] | step 790/1220 (64.8%) | loss=3.5766 | lm=2.4731 | train_emotion_acc=50.00% | elapsed=2526s
[Stage3-KO(relearn_fresh)] | step 800/1220 (65.6%) | loss=3.0120 | lm=1.9671 | train_emotion_acc=50.00% | elapsed=2558s
[Stage3-KO(relearn_fresh)] EVAL @800 (valid) | EMOTION=57.50% | RELATION=n/a | STRATEGY=n/a | loss=2.7577 | lm_loss=2.3334 | emotion_loss=1.2123
[Stage3-KO(relearn_fresh)] | step 810/1220 (66.4%) | loss=2.0742 | lm=1.6672 | train_emotion_acc=50.00% | elapsed=2603s
[Stage3-KO(relearn_fresh)] | step 820/1220 (67.2%) | loss=3.3196 | lm=2.3159 | train_emotion_acc=0.00% | elapsed=2634s
[Stage3-KO(relearn_fresh)] | step 830/1220 (68.0%) | loss=2.8126 | lm=2.4318 | train_emotion_acc=50.00% | elapsed=2666s
[Stage3-KO(relearn_fresh)] | step 840/1220 (68.9%) | loss=2.9976 | lm=1.9640 | train_emotion_acc=50.00% | elapsed=2697s
[Stage3-KO(relearn_fresh)] | step 850/1220 (69.7%) | loss=4.2583 | lm=4.0396 | train_emotion_acc=100.00% | elapsed=2729s
[Stage3-KO(relearn_fresh)] | step 860/1220 (70.5%) | loss=2.9440 | lm=2.6552 | train_emotion_acc=50.00% | elapsed=2760s
[Stage3-KO(relearn_fresh)] | step 870/1220 (71.3%) | loss=2.3794 | lm=2.2033 | train_emotion_acc=50.00% | elapsed=2792s
[Stage3-KO(relearn_fresh)] | step 880/1220 (72.1%) | loss=3.5580 | lm=3.2001 | train_emotion_acc=50.00% | elapsed=2824s
[Stage3-KO(relearn_fresh)] | step 890/1220 (73.0%) | loss=2.9078 | lm=2.3550 | train_emotion_acc=50.00% | elapsed=2856s
[Stage3-KO(relearn_fresh)] | step 900/1220 (73.8%) | loss=2.5502 | lm=2.5303 | train_emotion_acc=100.00% | elapsed=2888s
[Stage3-KO(relearn_fresh)] | step 910/1220 (74.6%) | loss=3.8403 | lm=3.4238 | train_emotion_acc=50.00% | elapsed=2920s
[Stage3-KO(relearn_fresh)] | step 920/1220 (75.4%) | loss=2.8752 | lm=2.6499 | train_emotion_acc=50.00% | elapsed=2952s
[Stage3-KO(relearn_fresh)] | step 930/1220 (76.2%) | loss=2.4488 | lm=2.4015 | train_emotion_acc=100.00% | elapsed=2985s
[Stage3-KO(relearn_fresh)] | step 940/1220 (77.0%) | loss=2.1262 | lm=1.8836 | train_emotion_acc=50.00% | elapsed=3017s
[Stage3-KO(relearn_fresh)] | step 950/1220 (77.9%) | loss=2.7676 | lm=2.3836 | train_emotion_acc=50.00% | elapsed=3048s
[Stage3-KO(relearn_fresh)] | step 960/1220 (78.7%) | loss=3.2344 | lm=2.6281 | train_emotion_acc=50.00% | elapsed=3080s
[Stage3-KO(relearn_fresh)] | step 970/1220 (79.5%) | loss=3.6931 | lm=3.0665 | train_emotion_acc=0.00% | elapsed=3112s
[Stage3-KO(relearn_fresh)] | step 980/1220 (80.3%) | loss=3.0267 | lm=1.9444 | train_emotion_acc=50.00% | elapsed=3144s
[Stage3-KO(relearn_fresh)] | step 990/1220 (81.1%) | loss=2.4748 | lm=2.3841 | train_emotion_acc=100.00% | elapsed=3175s
[Stage3-KO(relearn_fresh)] | step 1000/1220 (82.0%) | loss=2.5446 | lm=2.1641 | train_emotion_acc=50.00% | elapsed=3207s
[Stage3-KO(relearn_fresh)] | step 1010/1220 (82.8%) | loss=3.2235 | lm=2.2295 | train_emotion_acc=50.00% | elapsed=3238s
[Stage3-KO(relearn_fresh)] | step 1020/1220 (83.6%) | loss=3.1284 | lm=2.0676 | train_emotion_acc=0.00% | elapsed=3270s
[Stage3-KO(relearn_fresh)] | step 1030/1220 (84.4%) | loss=2.5712 | lm=2.5040 | train_emotion_acc=100.00% | elapsed=3302s
[Stage3-KO(relearn_fresh)] | step 1040/1220 (85.2%) | loss=2.2193 | lm=1.9775 | train_emotion_acc=100.00% | elapsed=3334s
[Stage3-KO(relearn_fresh)] | step 1050/1220 (86.1%) | loss=2.3393 | lm=2.0579 | train_emotion_acc=100.00% | elapsed=3366s
[Stage3-KO(relearn_fresh)] | step 1060/1220 (86.9%) | loss=2.9847 | lm=2.7231 | train_emotion_acc=100.00% | elapsed=3398s
[Stage3-KO(relearn_fresh)] | step 1070/1220 (87.7%) | loss=3.5893 | lm=2.5282 | train_emotion_acc=0.00% | elapsed=3430s
[Stage3-KO(relearn_fresh)] | step 1080/1220 (88.5%) | loss=2.9368 | lm=2.5239 | train_emotion_acc=50.00% | elapsed=3463s
[Stage3-KO(relearn_fresh)] | step 1090/1220 (89.3%) | loss=2.2607 | lm=2.2450 | train_emotion_acc=100.00% | elapsed=3495s
[Stage3-KO(relearn_fresh)] | step 1100/1220 (90.2%) | loss=2.1377 | lm=1.7578 | train_emotion_acc=50.00% | elapsed=3526s
[Stage3-KO(relearn_fresh)] | step 1110/1220 (91.0%) | loss=3.1938 | lm=2.7904 | train_emotion_acc=50.00% | elapsed=3558s
[Stage3-KO(relearn_fresh)] | step 1120/1220 (91.8%) | loss=1.5632 | lm=1.3332 | train_emotion_acc=50.00% | elapsed=3590s
[Stage3-KO(relearn_fresh)] | step 1130/1220 (92.6%) | loss=2.2993 | lm=2.2557 | train_emotion_acc=100.00% | elapsed=3622s
[Stage3-KO(relearn_fresh)] | step 1140/1220 (93.4%) | loss=2.3089 | lm=2.2297 | train_emotion_acc=100.00% | elapsed=3654s
[Stage3-KO(relearn_fresh)] | step 1150/1220 (94.3%) | loss=1.9967 | lm=1.6813 | train_emotion_acc=50.00% | elapsed=3686s
[Stage3-KO(relearn_fresh)] | step 1160/1220 (95.1%) | loss=3.4381 | lm=2.5115 | train_emotion_acc=0.00% | elapsed=3717s
[Stage3-KO(relearn_fresh)] | step 1170/1220 (95.9%) | loss=2.9615 | lm=2.3338 | train_emotion_acc=0.00% | elapsed=3749s
[Stage3-KO(relearn_fresh)] | step 1180/1220 (96.7%) | loss=2.9636 | lm=2.1381 | train_emotion_acc=50.00% | elapsed=3780s
[Stage3-KO(relearn_fresh)] | step 1190/1220 (97.5%) | loss=2.3723 | lm=2.1165 | train_emotion_acc=50.00% | elapsed=3812s
[Stage3-KO(relearn_fresh)] | step 1200/1220 (98.4%) | loss=2.2243 | lm=1.8718 | train_emotion_acc=50.00% | elapsed=3844s
[Stage3-KO(relearn_fresh)] EVAL @1200 (valid) | EMOTION=65.50% | RELATION=n/a | STRATEGY=n/a | loss=2.6981 | lm_loss=2.3084 | emotion_loss=1.1135
[Stage3-KO(relearn_fresh)] | step 1210/1220 (99.2%) | loss=3.1899 | lm=2.4538 | train_emotion_acc=0.00% | elapsed=3888s
[Stage3-KO(relearn_fresh)] | step 1220/1220 (100.0%) | loss=2.7494 | lm=2.3711 | train_emotion_acc=50.00% | elapsed=3920s
[Stage3-KO(relearn_fresh)] FINAL | EMOTION=61.00% | RELATION=n/a | STRATEGY=n/a
[Stage3-KO(relearn_fresh)] saved_to=/home/jbnu/jaehong/en-ko-empathy-lora/outputs/taffc/qwen/KED/s42
[Stage3-KO(relearn_fresh)] init_mode=relearn_fresh
[Stage3-KO(relearn_fresh)] vram_peak_gb=36.789
[Stage3-KO(relearn_fresh)] steps=1220
[Stage3-KO(relearn_fresh)] progress -> /home/jbnu/jaehong/en-ko-empathy-lora/outputs/taffc/qwen/KED/s42/progress.json
=== Phase 2: ablations ===
[TRAIN] outputs/taffc/qwen/ablation/A0_v3_soft/s42 seed=42
device=cuda
cuda_device=NVIDIA L40S
train=25456 valid=3182 A=6 S=4 R=7 strategy_scope=utterance
Warning: You are sending unauthenticated requests to the HF Hub. Please set a HF_TOKEN to enable higher rate limits and faster downloads.
EN replay: every 4 KO steps, n=17788
Fetching 4 files:   0%|          | 0/4 [00:00<?, ?it/s]Fetching 4 files: 100%|██████████| 4/4 [00:00<00:00, 23366.60it/s]
[transformers] The fast path is not available because one of the required library is not installed. Falling back to torch implementation. To install follow https://github.com/fla-org/flash-linear-attention#installation and https://github.com/Dao-AILab/causal-conv1d
Loading weights:   0%|          | 0/427 [00:00<?, ?it/s]Loading weights: 100%|██████████| 427/427 [00:00<00:00, 8978.36it/s]
bitsandbytes library load error: Configured CUDA binary not found at /home/jbnu/jupyter-env/lib/python3.12/site-packages/bitsandbytes/libbitsandbytes_cuda130.so
 If you are using Intel CPU/XPU, please install intel_extension_for_pytorch to enable required ops
Traceback (most recent call last):
  File "/home/jbnu/jupyter-env/lib/python3.12/site-packages/bitsandbytes/cextension.py", line 318, in <module>
    lib = get_native_library()
          ^^^^^^^^^^^^^^^^^^^^
  File "/home/jbnu/jupyter-env/lib/python3.12/site-packages/bitsandbytes/cextension.py", line 282, in get_native_library
    raise RuntimeError(f"Configured {BNB_BACKEND} binary not found at {cuda_binary_path}")
RuntimeError: Configured CUDA binary not found at /home/jbnu/jupyter-env/lib/python3.12/site-packages/bitsandbytes/libbitsandbytes_cuda130.so
lora_init_mode=soft_share_from_en_suppress_0.75
gates={'affect': 'share', 'strategy': 'relearn', 'relation': 'relearn', 'culture': 'suppress'}
strategy_pos_weight=[1.7157411575317383, 1.7157411575317383, 1.7157411575317383, 1.7157411575317383]
loss_weights emotion=0.245 strategy=3.150 relation=0.787 gate_conditioned=True curriculum=True
two_pass_affect=True
LoRA anchor enabled weight=0.04 n_params=64
lr_lora=7.5e-05 lr_head=0.00015 freeze_lora=False trainable=20,783,121
[Stage3-KO(soft_share_from_en_suppress_0.75)] model=Qwen/Qwen3.5-9B train=25456 valid=3182 init=soft_share_from_en_suppress_0.75 steps≈1591 S=multilabel gates={'affect': 'share', 'strategy': 'relearn', 'relation': 'relearn', 'culture': 'suppress'}
[Stage3-KO(soft_share_from_en_suppress_0.75)] | step 1/1591 (0.1%) | loss=10.1039 | lm=2.8219 | strategy_loss=1.0103 | relation_loss=2.4664 | anchor=0.0000 | train_emotion_acc=0.00% | train_strategy_f1=33.33% | train_relation_acc=0.00% | elapsed=6s
[Stage3-KO(soft_share_from_en_suppress_0.75)] | step 10/1591 (0.6%) | loss=9.0805 | lm=2.5813 | strategy_loss=0.9697 | relation_loss=2.0742 | anchor=0.0000 | train_emotion_acc=0.00% | train_strategy_f1=33.33% | train_relation_acc=0.00% | elapsed=56s
[Stage3-KO(soft_share_from_en_suppress_0.75)] | step 20/1591 (1.3%) | loss=7.9236 | lm=2.5851 | strategy_loss=0.8675 | relation_loss=1.3503 | anchor=0.0000 | train_emotion_acc=50.00% | train_strategy_f1=25.00% | train_relation_acc=50.00% | elapsed=113s
[Stage3-KO(soft_share_from_en_suppress_0.75)] | step 30/1591 (1.9%) | loss=7.5643 | lm=2.9248 | strategy_loss=0.7231 | relation_loss=1.3929 | anchor=0.0000 | train_emotion_acc=100.00% | train_strategy_f1=33.33% | train_relation_acc=100.00% | elapsed=169s
[Stage3-KO(soft_share_from_en_suppress_0.75)] | step 40/1591 (2.5%) | loss=7.2584 | lm=2.7409 | strategy_loss=0.6582 | relation_loss=1.5189 | anchor=0.0000 | train_emotion_acc=100.00% | train_strategy_f1=80.00% | train_relation_acc=50.00% | elapsed=227s
[Stage3-KO(soft_share_from_en_suppress_0.75)] | step 50/1591 (3.1%) | loss=11.5678 | lm=3.9165 | strategy_loss=1.2584 | relation_loss=2.1826 | anchor=0.0000 | train_emotion_acc=50.00% | train_strategy_f1=0.00% | train_relation_acc=0.00% | elapsed=284s
[Stage3-KO(soft_share_from_en_suppress_0.75)] | step 60/1591 (3.8%) | loss=8.3112 | lm=2.4174 | strategy_loss=1.1557 | relation_loss=0.6629 | anchor=0.0000 | train_emotion_acc=50.00% | train_strategy_f1=16.67% | train_relation_acc=100.00% | elapsed=341s
[Stage3-KO(soft_share_from_en_suppress_0.75)] | step 70/1591 (4.4%) | loss=7.2846 | lm=2.4602 | strategy_loss=0.6604 | relation_loss=1.8415 | anchor=0.0000 | train_emotion_acc=50.00% | train_strategy_f1=50.00% | train_relation_acc=0.00% | elapsed=398s
[Stage3-KO(soft_share_from_en_suppress_0.75)] | step 80/1591 (5.0%) | loss=6.3024 | lm=2.1152 | strategy_loss=0.7100 | relation_loss=0.9127 | anchor=0.0000 | train_emotion_acc=50.00% | train_strategy_f1=50.00% | train_relation_acc=100.00% | elapsed=455s
[Stage3-KO(soft_share_from_en_suppress_0.75)] | step 90/1591 (5.7%) | loss=8.4183 | lm=2.4704 | strategy_loss=1.1294 | relation_loss=0.9714 | anchor=0.0000 | train_emotion_acc=100.00% | train_strategy_f1=33.33% | train_relation_acc=50.00% | elapsed=512s
[Stage3-KO(soft_share_from_en_suppress_0.75)] | step 100/1591 (6.3%) | loss=6.5654 | lm=2.4113 | strategy_loss=0.8840 | relation_loss=0.1233 | anchor=0.0000 | train_emotion_acc=100.00% | train_strategy_f1=60.00% | train_relation_acc=100.00% | elapsed=569s
[Stage3-KO(soft_share_from_en_suppress_0.75)] | step 110/1591 (6.9%) | loss=7.3537 | lm=2.4683 | strategy_loss=1.0662 | relation_loss=0.0262 | anchor=0.0000 | train_emotion_acc=50.00% | train_strategy_f1=50.00% | train_relation_acc=100.00% | elapsed=625s
[Stage3-KO(soft_share_from_en_suppress_0.75)] | step 120/1591 (7.5%) | loss=7.6544 | lm=2.8503 | strategy_loss=1.0515 | relation_loss=0.0835 | anchor=0.0000 | train_emotion_acc=100.00% | train_strategy_f1=42.86% | train_relation_acc=100.00% | elapsed=682s
[Stage3-KO(soft_share_from_en_suppress_0.75)] | step 130/1591 (8.2%) | loss=6.6585 | lm=2.7204 | strategy_loss=0.7145 | relation_loss=0.6646 | anchor=0.0000 | train_emotion_acc=100.00% | train_strategy_f1=50.00% | train_relation_acc=50.00% | elapsed=739s
[Stage3-KO(soft_share_from_en_suppress_0.75)] | step 140/1591 (8.8%) | loss=5.2900 | lm=2.1824 | strategy_loss=0.6701 | relation_loss=0.0181 | anchor=0.0000 | train_emotion_acc=50.00% | train_strategy_f1=60.00% | train_relation_acc=100.00% | elapsed=796s
[Stage3-KO(soft_share_from_en_suppress_0.75)] | step 150/1591 (9.4%) | loss=5.9787 | lm=2.5844 | strategy_loss=0.5135 | relation_loss=1.1013 | anchor=0.0000 | train_emotion_acc=100.00% | train_strategy_f1=40.00% | train_relation_acc=50.00% | elapsed=852s
[Stage3-KO(soft_share_from_en_suppress_0.75)] | step 160/1591 (10.1%) | loss=5.9311 | lm=2.7920 | strategy_loss=0.6117 | relation_loss=0.2445 | anchor=0.0000 | train_emotion_acc=50.00% | train_strategy_f1=40.00% | train_relation_acc=100.00% | elapsed=909s
[Stage3-KO(soft_share_from_en_suppress_0.75)] | step 170/1591 (10.7%) | loss=6.0398 | lm=2.0054 | strategy_loss=0.7679 | relation_loss=0.6111 | anchor=0.0000 | train_emotion_acc=50.00% | train_strategy_f1=50.00% | train_relation_acc=100.00% | elapsed=966s
[Stage3-KO(soft_share_from_en_suppress_0.75)] | step 180/1591 (11.3%) | loss=7.6237 | lm=2.4261 | strategy_loss=1.0538 | relation_loss=0.4807 | anchor=0.0000 | train_emotion_acc=50.00% | train_strategy_f1=33.33% | train_relation_acc=100.00% | elapsed=1024s
[Stage3-KO(soft_share_from_en_suppress_0.75)] | step 190/1591 (11.9%) | loss=6.7003 | lm=3.1397 | strategy_loss=0.7861 | relation_loss=0.0085 | anchor=0.0000 | train_emotion_acc=100.00% | train_strategy_f1=20.00% | train_relation_acc=100.00% | elapsed=1081s
[Stage3-KO(soft_share_from_en_suppress_0.75)] | step 200/1591 (12.6%) | loss=5.3936 | lm=2.5575 | strategy_loss=0.5959 | relation_loss=0.0895 | anchor=0.0000 | train_emotion_acc=50.00% | train_strategy_f1=60.00% | train_relation_acc=100.00% | elapsed=1138s
[Stage3-KO(soft_share_from_en_suppress_0.75)] | step 210/1591 (13.2%) | loss=7.5973 | lm=2.6547 | strategy_loss=0.6726 | relation_loss=2.0414 | anchor=0.0000 | train_emotion_acc=100.00% | train_strategy_f1=60.00% | train_relation_acc=0.00% | elapsed=1194s
[Stage3-KO(soft_share_from_en_suppress_0.75)] | step 220/1591 (13.8%) | loss=6.4432 | lm=2.6122 | strategy_loss=0.7755 | relation_loss=0.2943 | anchor=0.0000 | train_emotion_acc=100.00% | train_strategy_f1=50.00% | train_relation_acc=100.00% | elapsed=1252s
[Stage3-KO(soft_share_from_en_suppress_0.75)] | step 230/1591 (14.5%) | loss=5.8674 | lm=2.1036 | strategy_loss=0.5984 | relation_loss=1.0413 | anchor=0.0000 | train_emotion_acc=50.00% | train_strategy_f1=60.00% | train_relation_acc=50.00% | elapsed=1308s
[Stage3-KO(soft_share_from_en_suppress_0.75)] | step 240/1591 (15.1%) | loss=6.2221 | lm=2.4456 | strategy_loss=0.6807 | relation_loss=0.7042 | anchor=0.0000 | train_emotion_acc=50.00% | train_strategy_f1=50.00% | train_relation_acc=100.00% | elapsed=1365s
[Stage3-KO(soft_share_from_en_suppress_0.75)] | step 250/1591 (15.7%) | loss=6.3467 | lm=2.5359 | strategy_loss=0.5737 | relation_loss=1.1892 | anchor=0.0000 | train_emotion_acc=50.00% | train_strategy_f1=75.00% | train_relation_acc=50.00% | elapsed=1421s
[Stage3-KO(soft_share_from_en_suppress_0.75)] | step 260/1591 (16.3%) | loss=5.8404 | lm=2.1779 | strategy_loss=0.6376 | relation_loss=0.6962 | anchor=0.0000 | train_emotion_acc=0.00% | train_strategy_f1=60.00% | train_relation_acc=50.00% | elapsed=1479s
[Stage3-KO(soft_share_from_en_suppress_0.75)] | step 270/1591 (17.0%) | loss=7.9872 | lm=2.4382 | strategy_loss=1.0321 | relation_loss=1.0582 | anchor=0.0000 | train_emotion_acc=100.00% | train_strategy_f1=20.00% | train_relation_acc=50.00% | elapsed=1536s
[Stage3-KO(soft_share_from_en_suppress_0.75)] | step 280/1591 (17.6%) | loss=5.0536 | lm=2.1737 | strategy_loss=0.6101 | relation_loss=0.0033 | anchor=0.0000 | train_emotion_acc=0.00% | train_strategy_f1=50.00% | train_relation_acc=100.00% | elapsed=1593s
[Stage3-KO(soft_share_from_en_suppress_0.75)] | step 290/1591 (18.2%) | loss=7.7691 | lm=2.4631 | strategy_loss=0.7367 | relation_loss=1.9788 | anchor=0.0000 | train_emotion_acc=0.00% | train_strategy_f1=16.67% | train_relation_acc=50.00% | elapsed=1650s
[Stage3-KO(soft_share_from_en_suppress_0.75)] | step 300/1591 (18.9%) | loss=6.9257 | lm=2.1726 | strategy_loss=0.9298 | relation_loss=0.6994 | anchor=0.0000 | train_emotion_acc=100.00% | train_strategy_f1=16.67% | train_relation_acc=50.00% | elapsed=1708s
[Stage3-KO(soft_share_from_en_suppress_0.75)] | step 310/1591 (19.5%) | loss=7.2363 | lm=2.4997 | strategy_loss=0.9675 | relation_loss=0.5881 | anchor=0.0000 | train_emotion_acc=100.00% | train_strategy_f1=20.00% | train_relation_acc=50.00% | elapsed=1764s
[Stage3-KO(soft_share_from_en_suppress_0.75)] | step 320/1591 (20.1%) | loss=5.7205 | lm=2.5862 | strategy_loss=0.6217 | relation_loss=0.3287 | anchor=0.0000 | train_emotion_acc=100.00% | train_strategy_f1=40.00% | train_relation_acc=100.00% | elapsed=1822s
[Stage3-KO(soft_share_from_en_suppress_0.75)] | step 330/1591 (20.7%) | loss=6.3008 | lm=2.1718 | strategy_loss=0.7208 | relation_loss=0.8456 | anchor=0.0000 | train_emotion_acc=50.00% | train_strategy_f1=33.33% | train_relation_acc=50.00% | elapsed=1879s
[Stage3-KO(soft_share_from_en_suppress_0.75)] | step 340/1591 (21.4%) | loss=9.3043 | lm=2.1576 | strategy_loss=1.5845 | relation_loss=0.1432 | anchor=0.0000 | train_emotion_acc=0.00% | train_strategy_f1=14.29% | train_relation_acc=100.00% | elapsed=1936s
[Stage3-KO(soft_share_from_en_suppress_0.75)] | step 350/1591 (22.0%) | loss=5.7217 | lm=1.9969 | strategy_loss=0.7791 | relation_loss=0.1332 | anchor=0.0000 | train_emotion_acc=0.00% | train_strategy_f1=33.33% | train_relation_acc=100.00% | elapsed=1993s
[Stage3-KO(soft_share_from_en_suppress_0.75)] | step 360/1591 (22.6%) | loss=4.8892 | lm=2.4478 | strategy_loss=0.5105 | relation_loss=0.2065 | anchor=0.0000 | train_emotion_acc=100.00% | train_strategy_f1=66.67% | train_relation_acc=100.00% | elapsed=2050s
[Stage3-KO(soft_share_from_en_suppress_0.75)] | step 370/1591 (23.3%) | loss=10.5548 | lm=2.6969 | strategy_loss=1.3814 | relation_loss=1.8466 | anchor=0.0000 | train_emotion_acc=50.00% | train_strategy_f1=28.57% | train_relation_acc=50.00% | elapsed=2108s
[Stage3-KO(soft_share_from_en_suppress_0.75)] | step 380/1591 (23.9%) | loss=6.1368 | lm=1.8681 | strategy_loss=0.6532 | relation_loss=1.3270 | anchor=0.0000 | train_emotion_acc=100.00% | train_strategy_f1=60.00% | train_relation_acc=50.00% | elapsed=2166s
[Stage3-KO(soft_share_from_en_suppress_0.75)] | step 390/1591 (24.5%) | loss=6.4138 | lm=2.0727 | strategy_loss=0.8286 | relation_loss=0.5802 | anchor=0.0000 | train_emotion_acc=50.00% | train_strategy_f1=50.00% | train_relation_acc=50.00% | elapsed=2223s
[Stage3-KO(soft_share_from_en_suppress_0.75)] | step 400/1591 (25.1%) | loss=6.1320 | lm=2.2783 | strategy_loss=0.8560 | relation_loss=0.0008 | anchor=0.0000 | train_emotion_acc=50.00% | train_strategy_f1=33.33% | train_relation_acc=100.00% | elapsed=2280s
[Stage3-KO(soft_share_from_en_suppress_0.75)] EVAL @400 (valid) | EMOTION=71.50% | RELATION=96.00% | STRATEGY=67.27% | STRATEGY_HAMMING=64.12% | loss=6.0808 | lm_loss=2.4569 | emotion_loss=1.0642 | strategy_loss=0.7701 | relation_loss=0.1626
[Stage3-KO(soft_share_from_en_suppress_0.75)] | step 410/1591 (25.8%) | loss=5.8810 | lm=2.1278 | strategy_loss=0.7279 | relation_loss=0.4776 | anchor=0.0000 | train_emotion_acc=50.00% | train_strategy_f1=50.00% | train_relation_acc=100.00% | elapsed=2371s
[Stage3-KO(soft_share_from_en_suppress_0.75)] | step 420/1591 (26.4%) | loss=7.3490 | lm=3.2768 | strategy_loss=0.8413 | relation_loss=0.2110 | anchor=0.0000 | train_emotion_acc=0.00% | train_strategy_f1=16.67% | train_relation_acc=100.00% | elapsed=2428s
[Stage3-KO(soft_share_from_en_suppress_0.75)] | step 430/1591 (27.0%) | loss=8.5704 | lm=2.2430 | strategy_loss=0.6851 | relation_loss=3.4387 | anchor=0.0000 | train_emotion_acc=100.00% | train_strategy_f1=80.00% | train_relation_acc=0.00% | elapsed=2485s
[Stage3-KO(soft_share_from_en_suppress_0.75)] | step 440/1591 (27.7%) | loss=7.2980 | lm=2.5772 | strategy_loss=0.7460 | relation_loss=1.4234 | anchor=0.0000 | train_emotion_acc=50.00% | train_strategy_f1=50.00% | train_relation_acc=50.00% | elapsed=2543s
[Stage3-KO(soft_share_from_en_suppress_0.75)] | step 450/1591 (28.3%) | loss=7.6947 | lm=2.7707 | strategy_loss=1.0579 | relation_loss=0.1908 | anchor=0.0000 | train_emotion_acc=100.00% | train_strategy_f1=40.00% | train_relation_acc=100.00% | elapsed=2600s
[Stage3-KO(soft_share_from_en_suppress_0.75)] | step 460/1591 (28.9%) | loss=7.8429 | lm=2.1654 | strategy_loss=0.6431 | relation_loss=2.8802 | anchor=0.0000 | train_emotion_acc=50.00% | train_strategy_f1=80.00% | train_relation_acc=0.00% | elapsed=2657s
[Stage3-KO(soft_share_from_en_suppress_0.75)] | step 470/1591 (29.5%) | loss=6.0247 | lm=2.8517 | strategy_loss=0.5957 | relation_loss=0.4580 | anchor=0.0000 | train_emotion_acc=50.00% | train_strategy_f1=40.00% | train_relation_acc=100.00% | elapsed=2713s
[Stage3-KO(soft_share_from_en_suppress_0.75)] | step 480/1591 (30.2%) | loss=5.1236 | lm=1.7458 | strategy_loss=0.6611 | relation_loss=0.3450 | anchor=0.0000 | train_emotion_acc=50.00% | train_strategy_f1=50.00% | train_relation_acc=100.00% | elapsed=2769s
[Stage3-KO(soft_share_from_en_suppress_0.75)] | step 490/1591 (30.8%) | loss=4.8371 | lm=1.8028 | strategy_loss=0.6430 | relation_loss=0.0034 | anchor=0.0000 | train_emotion_acc=0.00% | train_strategy_f1=40.00% | train_relation_acc=100.00% | elapsed=2826s
[Stage3-KO(soft_share_from_en_suppress_0.75)] | step 500/1591 (31.4%) | loss=9.0514 | lm=2.8638 | strategy_loss=1.2177 | relation_loss=0.9491 | anchor=0.0000 | train_emotion_acc=100.00% | train_strategy_f1=16.67% | train_relation_acc=50.00% | elapsed=2884s
[Stage3-KO(soft_share_from_en_suppress_0.75)] | step 510/1591 (32.1%) | loss=5.9096 | lm=2.1786 | strategy_loss=0.8663 | relation_loss=0.0023 | anchor=0.0000 | train_emotion_acc=100.00% | train_strategy_f1=50.00% | train_relation_acc=100.00% | elapsed=2941s
[Stage3-KO(soft_share_from_en_suppress_0.75)] | step 520/1591 (32.7%) | loss=7.4365 | lm=2.5872 | strategy_loss=0.9107 | relation_loss=0.7996 | anchor=0.0000 | train_emotion_acc=50.00% | train_strategy_f1=20.00% | train_relation_acc=100.00% | elapsed=2998s
[Stage3-KO(soft_share_from_en_suppress_0.75)] | step 530/1591 (33.3%) | loss=5.1918 | lm=2.4357 | strategy_loss=0.5780 | relation_loss=0.0733 | anchor=0.0000 | train_emotion_acc=0.00% | train_strategy_f1=75.00% | train_relation_acc=100.00% | elapsed=3055s
[Stage3-KO(soft_share_from_en_suppress_0.75)] | step 540/1591 (33.9%) | loss=5.9230 | lm=2.6233 | strategy_loss=0.6780 | relation_loss=0.1909 | anchor=0.0000 | train_emotion_acc=50.00% | train_strategy_f1=33.33% | train_relation_acc=100.00% | elapsed=3113s
[Stage3-KO(soft_share_from_en_suppress_0.75)] | step 550/1591 (34.6%) | loss=5.3069 | lm=2.4344 | strategy_loss=0.6607 | relation_loss=0.0217 | anchor=0.0000 | train_emotion_acc=100.00% | train_strategy_f1=40.00% | train_relation_acc=100.00% | elapsed=3169s
[Stage3-KO(soft_share_from_en_suppress_0.75)] | step 560/1591 (35.2%) | loss=5.1342 | lm=2.0226 | strategy_loss=0.6764 | relation_loss=0.0537 | anchor=0.0000 | train_emotion_acc=50.00% | train_strategy_f1=40.00% | train_relation_acc=100.00% | elapsed=3226s
[Stage3-KO(soft_share_from_en_suppress_0.75)] | step 570/1591 (35.8%) | loss=7.3093 | lm=2.1181 | strategy_loss=1.0147 | relation_loss=0.5957 | anchor=0.0000 | train_emotion_acc=0.00% | train_strategy_f1=28.57% | train_relation_acc=50.00% | elapsed=3282s
[Stage3-KO(soft_share_from_en_suppress_0.75)] | step 580/1591 (36.5%) | loss=6.0881 | lm=2.3711 | strategy_loss=0.7036 | relation_loss=0.6472 | anchor=0.0000 | train_emotion_acc=100.00% | train_strategy_f1=40.00% | train_relation_acc=50.00% | elapsed=3339s
[Stage3-KO(soft_share_from_en_suppress_0.75)] | step 590/1591 (37.1%) | loss=6.3690 | lm=2.2547 | strategy_loss=0.7906 | relation_loss=0.6922 | anchor=0.0000 | train_emotion_acc=100.00% | train_strategy_f1=33.33% | train_relation_acc=50.00% | elapsed=3397s
[Stage3-KO(soft_share_from_en_suppress_0.75)] | step 600/1591 (37.7%) | loss=6.7770 | lm=2.0302 | strategy_loss=0.8612 | relation_loss=0.8025 | anchor=0.0000 | train_emotion_acc=0.00% | train_strategy_f1=40.00% | train_relation_acc=100.00% | elapsed=3454s
[Stage3-KO(soft_share_from_en_suppress_0.75)] | step 610/1591 (38.3%) | loss=7.0035 | lm=2.3246 | strategy_loss=0.9299 | relation_loss=0.3276 | anchor=0.0000 | train_emotion_acc=0.00% | train_strategy_f1=40.00% | train_relation_acc=100.00% | elapsed=3510s
[Stage3-KO(soft_share_from_en_suppress_0.75)] | step 620/1591 (39.0%) | loss=5.4265 | lm=2.6825 | strategy_loss=0.6033 | relation_loss=0.0532 | anchor=0.0000 | train_emotion_acc=50.00% | train_strategy_f1=50.00% | train_relation_acc=100.00% | elapsed=3566s
[Stage3-KO(soft_share_from_en_suppress_0.75)] | step 630/1591 (39.6%) | loss=8.1675 | lm=2.4823 | strategy_loss=0.8006 | relation_loss=2.2415 | anchor=0.0000 | train_emotion_acc=50.00% | train_strategy_f1=33.33% | train_relation_acc=50.00% | elapsed=3622s
[Stage3-KO(soft_share_from_en_suppress_0.75)] | step 640/1591 (40.2%) | loss=5.4736 | lm=2.4633 | strategy_loss=0.8389 | relation_loss=0.1115 | anchor=0.0000 | train_emotion_acc=50.00% | train_strategy_f1=40.00% | train_relation_acc=100.00% | elapsed=3678s
[Stage3-KO(soft_share_from_en_suppress_0.75)] | step 650/1591 (40.9%) | loss=5.8787 | lm=2.3834 | strategy_loss=0.7732 | relation_loss=1.0723 | anchor=0.0000 | train_emotion_acc=100.00% | train_strategy_f1=20.00% | train_relation_acc=50.00% | elapsed=3735s
[Stage3-KO(soft_share_from_en_suppress_0.75)] | step 660/1591 (41.5%) | loss=5.6623 | lm=2.8810 | strategy_loss=0.7935 | relation_loss=0.0298 | anchor=0.0000 | train_emotion_acc=50.00% | train_strategy_f1=33.33% | train_relation_acc=100.00% | elapsed=3792s
[Stage3-KO(soft_share_from_en_suppress_0.75)] | step 670/1591 (42.1%) | loss=6.9616 | lm=2.2113 | strategy_loss=1.1732 | relation_loss=0.9385 | anchor=0.0000 | train_emotion_acc=50.00% | train_strategy_f1=57.14% | train_relation_acc=50.00% | elapsed=3849s
[Stage3-KO(soft_share_from_en_suppress_0.75)] | step 680/1591 (42.7%) | loss=4.3086 | lm=2.2024 | strategy_loss=0.5356 | relation_loss=0.3908 | anchor=0.0000 | train_emotion_acc=100.00% | train_strategy_f1=60.00% | train_relation_acc=50.00% | elapsed=3906s
[Stage3-KO(soft_share_from_en_suppress_0.75)] | step 690/1591 (43.4%) | loss=4.6993 | lm=2.6401 | strategy_loss=0.6052 | relation_loss=0.0090 | anchor=0.0000 | train_emotion_acc=50.00% | train_strategy_f1=50.00% | train_relation_acc=100.00% | elapsed=3962s
[Stage3-KO(soft_share_from_en_suppress_0.75)] | step 700/1591 (44.0%) | loss=5.4818 | lm=2.8508 | strategy_loss=0.7460 | relation_loss=0.0256 | anchor=0.0000 | train_emotion_acc=50.00% | train_strategy_f1=50.00% | train_relation_acc=100.00% | elapsed=4019s
[Stage3-KO(soft_share_from_en_suppress_0.75)] | step 710/1591 (44.6%) | loss=4.6249 | lm=2.1175 | strategy_loss=0.6990 | relation_loss=0.0936 | anchor=0.0000 | train_emotion_acc=100.00% | train_strategy_f1=60.00% | train_relation_acc=100.00% | elapsed=4076s
[Stage3-KO(soft_share_from_en_suppress_0.75)] | step 720/1591 (45.3%) | loss=4.7342 | lm=1.8460 | strategy_loss=0.7282 | relation_loss=0.4632 | anchor=0.0000 | train_emotion_acc=50.00% | train_strategy_f1=66.67% | train_relation_acc=50.00% | elapsed=4133s
[Stage3-KO(soft_share_from_en_suppress_0.75)] | step 730/1591 (45.9%) | loss=4.8762 | lm=2.4726 | strategy_loss=0.6909 | relation_loss=0.0939 | anchor=0.0000 | train_emotion_acc=100.00% | train_strategy_f1=40.00% | train_relation_acc=100.00% | elapsed=4190s
[Stage3-KO(soft_share_from_en_suppress_0.75)] | step 740/1591 (46.5%) | loss=5.0736 | lm=2.4293 | strategy_loss=0.7146 | relation_loss=0.1132 | anchor=0.0000 | train_emotion_acc=50.00% | train_strategy_f1=60.00% | train_relation_acc=100.00% | elapsed=4246s
[Stage3-KO(soft_share_from_en_suppress_0.75)] | step 750/1591 (47.1%) | loss=5.5118 | lm=2.6144 | strategy_loss=0.6625 | relation_loss=0.4782 | anchor=0.0000 | train_emotion_acc=50.00% | train_strategy_f1=40.00% | train_relation_acc=100.00% | elapsed=4303s
[Stage3-KO(soft_share_from_en_suppress_0.75)] | step 760/1591 (47.8%) | loss=5.1866 | lm=2.5018 | strategy_loss=0.6800 | relation_loss=0.5393 | anchor=0.0000 | train_emotion_acc=100.00% | train_strategy_f1=40.00% | train_relation_acc=100.00% | elapsed=4360s
[Stage3-KO(soft_share_from_en_suppress_0.75)] | step 770/1591 (48.4%) | loss=6.0639 | lm=2.8731 | strategy_loss=0.6185 | relation_loss=1.2596 | anchor=0.0000 | train_emotion_acc=100.00% | train_strategy_f1=80.00% | train_relation_acc=50.00% | elapsed=4417s
[Stage3-KO(soft_share_from_en_suppress_0.75)] | step 780/1591 (49.0%) | loss=4.7557 | lm=2.1137 | strategy_loss=0.7920 | relation_loss=0.0176 | anchor=0.0000 | train_emotion_acc=100.00% | train_strategy_f1=50.00% | train_relation_acc=100.00% | elapsed=4474s
[Stage3-KO(soft_share_from_en_suppress_0.75)] | step 790/1591 (49.7%) | loss=7.5283 | lm=2.5433 | strategy_loss=1.4594 | relation_loss=0.1672 | anchor=0.0000 | train_emotion_acc=50.00% | train_strategy_f1=33.33% | train_relation_acc=100.00% | elapsed=4530s
[Stage3-KO(soft_share_from_en_suppress_0.75)] | step 800/1591 (50.3%) | loss=4.7461 | lm=2.2909 | strategy_loss=0.7291 | relation_loss=0.0381 | anchor=0.0000 | train_emotion_acc=100.00% | train_strategy_f1=33.33% | train_relation_acc=100.00% | elapsed=4587s
[Stage3-KO(soft_share_from_en_suppress_0.75)] EVAL @800 (valid) | EMOTION=70.50% | RELATION=97.50% | STRATEGY=68.11% | STRATEGY_HAMMING=65.12% | loss=4.9578 | lm_loss=2.3587 | emotion_loss=0.8922 | strategy_loss=0.7268 | relation_loss=0.1158
[Stage3-KO(soft_share_from_en_suppress_0.75)] | step 810/1591 (50.9%) | loss=4.5009 | lm=2.4095 | strategy_loss=0.6029 | relation_loss=0.0099 | anchor=0.0000 | train_emotion_acc=100.00% | train_strategy_f1=40.00% | train_relation_acc=100.00% | elapsed=4677s
[Stage3-KO(soft_share_from_en_suppress_0.75)] | step 820/1591 (51.5%) | loss=4.8406 | lm=2.5337 | strategy_loss=0.7117 | relation_loss=0.0061 | anchor=0.0000 | train_emotion_acc=100.00% | train_strategy_f1=60.00% | train_relation_acc=100.00% | elapsed=4734s
[Stage3-KO(soft_share_from_en_suppress_0.75)] | step 830/1591 (52.2%) | loss=7.8270 | lm=2.8195 | strategy_loss=1.2807 | relation_loss=0.9373 | anchor=0.0000 | train_emotion_acc=50.00% | train_strategy_f1=14.29% | train_relation_acc=100.00% | elapsed=4791s
[Stage3-KO(soft_share_from_en_suppress_0.75)] | step 840/1591 (52.8%) | loss=5.7106 | lm=2.8089 | strategy_loss=0.8255 | relation_loss=0.2117 | anchor=0.0000 | train_emotion_acc=100.00% | train_strategy_f1=50.00% | train_relation_acc=100.00% | elapsed=4848s
[Stage3-KO(soft_share_from_en_suppress_0.75)] | step 850/1591 (53.4%) | loss=4.8065 | lm=2.4140 | strategy_loss=0.6268 | relation_loss=0.2333 | anchor=0.0000 | train_emotion_acc=50.00% | train_strategy_f1=25.00% | train_relation_acc=100.00% | elapsed=4905s
[Stage3-KO(soft_share_from_en_suppress_0.75)] | step 860/1591 (54.1%) | loss=5.4454 | lm=2.4156 | strategy_loss=0.9066 | relation_loss=0.0487 | anchor=0.0000 | train_emotion_acc=100.00% | train_strategy_f1=40.00% | train_relation_acc=100.00% | elapsed=4962s
[Stage3-KO(soft_share_from_en_suppress_0.75)] | step 870/1591 (54.7%) | loss=5.8987 | lm=2.2280 | strategy_loss=0.5908 | relation_loss=1.9000 | anchor=0.0000 | train_emotion_acc=50.00% | train_strategy_f1=50.00% | train_relation_acc=0.00% | elapsed=5019s
[Stage3-KO(soft_share_from_en_suppress_0.75)] | step 880/1591 (55.3%) | loss=6.7318 | lm=2.6542 | strategy_loss=0.9419 | relation_loss=1.2532 | anchor=0.0000 | train_emotion_acc=100.00% | train_strategy_f1=33.33% | train_relation_acc=50.00% | elapsed=5075s
[Stage3-KO(soft_share_from_en_suppress_0.75)] | step 890/1591 (55.9%) | loss=6.6843 | lm=2.1599 | strategy_loss=1.2936 | relation_loss=0.0428 | anchor=0.0000 | train_emotion_acc=50.00% | train_strategy_f1=28.57% | train_relation_acc=100.00% | elapsed=5132s
[Stage3-KO(soft_share_from_en_suppress_0.75)] | step 900/1591 (56.6%) | loss=5.3281 | lm=2.7930 | strategy_loss=0.6875 | relation_loss=0.2623 | anchor=0.0000 | train_emotion_acc=50.00% | train_strategy_f1=66.67% | train_relation_acc=100.00% | elapsed=5190s
[Stage3-KO(soft_share_from_en_suppress_0.75)] | step 910/1591 (57.2%) | loss=6.3484 | lm=2.8716 | strategy_loss=0.6849 | relation_loss=1.3617 | anchor=0.0000 | train_emotion_acc=50.00% | train_strategy_f1=50.00% | train_relation_acc=50.00% | elapsed=5245s
[Stage3-KO(soft_share_from_en_suppress_0.75)] | step 920/1591 (57.8%) | loss=4.8070 | lm=2.5447 | strategy_loss=0.6740 | relation_loss=0.0397 | anchor=0.0000 | train_emotion_acc=100.00% | train_strategy_f1=33.33% | train_relation_acc=100.00% | elapsed=5303s
[Stage3-KO(soft_share_from_en_suppress_0.75)] | step 930/1591 (58.5%) | loss=4.3222 | lm=1.7450 | strategy_loss=0.6787 | relation_loss=0.1619 | anchor=0.0000 | train_emotion_acc=50.00% | train_strategy_f1=25.00% | train_relation_acc=100.00% | elapsed=5359s
[Stage3-KO(soft_share_from_en_suppress_0.75)] | step 940/1591 (59.1%) | loss=5.4765 | lm=2.9345 | strategy_loss=0.7707 | relation_loss=0.0122 | anchor=0.0000 | train_emotion_acc=100.00% | train_strategy_f1=50.00% | train_relation_acc=100.00% | elapsed=5416s
[Stage3-KO(soft_share_from_en_suppress_0.75)] | step 950/1591 (59.7%) | loss=4.4502 | lm=2.3156 | strategy_loss=0.6000 | relation_loss=0.1382 | anchor=0.0000 | train_emotion_acc=100.00% | train_strategy_f1=60.00% | train_relation_acc=100.00% | elapsed=5473s
[Stage3-KO(soft_share_from_en_suppress_0.75)] | step 960/1591 (60.3%) | loss=4.8008 | lm=2.1641 | strategy_loss=0.6358 | relation_loss=0.4964 | anchor=0.0000 | train_emotion_acc=50.00% | train_strategy_f1=60.00% | train_relation_acc=50.00% | elapsed=5530s
[Stage3-KO(soft_share_from_en_suppress_0.75)] | step 970/1591 (61.0%) | loss=5.4967 | lm=2.0193 | strategy_loss=0.7889 | relation_loss=0.5059 | anchor=0.0000 | train_emotion_acc=50.00% | train_strategy_f1=40.00% | train_relation_acc=50.00% | elapsed=5586s
[Stage3-KO(soft_share_from_en_suppress_0.75)] | step 980/1591 (61.6%) | loss=5.3311 | lm=2.6233 | strategy_loss=0.7007 | relation_loss=0.3173 | anchor=0.0000 | train_emotion_acc=50.00% | train_strategy_f1=33.33% | train_relation_acc=100.00% | elapsed=5643s
[Stage3-KO(soft_share_from_en_suppress_0.75)] | step 990/1591 (62.2%) | loss=5.0517 | lm=2.0810 | strategy_loss=0.7392 | relation_loss=0.7434 | anchor=0.0000 | train_emotion_acc=100.00% | train_strategy_f1=40.00% | train_relation_acc=50.00% | elapsed=5699s
[Stage3-KO(soft_share_from_en_suppress_0.75)] | step 1000/1591 (62.9%) | loss=4.6373 | lm=2.3347 | strategy_loss=0.5216 | relation_loss=0.7618 | anchor=0.0000 | train_emotion_acc=100.00% | train_strategy_f1=50.00% | train_relation_acc=50.00% | elapsed=5756s
[Stage3-KO(soft_share_from_en_suppress_0.75)] | step 1010/1591 (63.5%) | loss=4.9866 | lm=2.7266 | strategy_loss=0.6420 | relation_loss=0.0186 | anchor=0.0000 | train_emotion_acc=50.00% | train_strategy_f1=66.67% | train_relation_acc=100.00% | elapsed=5813s
[Stage3-KO(soft_share_from_en_suppress_0.75)] | step 1020/1591 (64.1%) | loss=4.9184 | lm=2.4164 | strategy_loss=0.6785 | relation_loss=0.3464 | anchor=0.0000 | train_emotion_acc=100.00% | train_strategy_f1=50.00% | train_relation_acc=100.00% | elapsed=5870s
[Stage3-KO(soft_share_from_en_suppress_0.75)] | step 1030/1591 (64.7%) | loss=5.3956 | lm=2.6403 | strategy_loss=0.7590 | relation_loss=0.0452 | anchor=0.0000 | train_emotion_acc=50.00% | train_strategy_f1=33.33% | train_relation_acc=100.00% | elapsed=5927s
[Stage3-KO(soft_share_from_en_suppress_0.75)] | step 1040/1591 (65.4%) | loss=4.9973 | lm=2.6982 | strategy_loss=0.6228 | relation_loss=0.0147 | anchor=0.0000 | train_emotion_acc=50.00% | train_strategy_f1=80.00% | train_relation_acc=100.00% | elapsed=5984s
[Stage3-KO(soft_share_from_en_suppress_0.75)] | step 1050/1591 (66.0%) | loss=4.6004 | lm=2.5036 | strategy_loss=0.6140 | relation_loss=0.0419 | anchor=0.0000 | train_emotion_acc=100.00% | train_strategy_f1=40.00% | train_relation_acc=100.00% | elapsed=6041s
[Stage3-KO(soft_share_from_en_suppress_0.75)] | step 1060/1591 (66.6%) | loss=8.8026 | lm=2.6147 | strategy_loss=1.1434 | relation_loss=3.1966 | anchor=0.0000 | train_emotion_acc=100.00% | train_strategy_f1=0.00% | train_relation_acc=50.00% | elapsed=6098s
[Stage3-KO(soft_share_from_en_suppress_0.75)] | step 1070/1591 (67.3%) | loss=4.6352 | lm=2.1602 | strategy_loss=0.7357 | relation_loss=0.0092 | anchor=0.0000 | train_emotion_acc=100.00% | train_strategy_f1=50.00% | train_relation_acc=100.00% | elapsed=6155s
[Stage3-KO(soft_share_from_en_suppress_0.75)] | step 1080/1591 (67.9%) | loss=5.9953 | lm=1.9978 | strategy_loss=1.1895 | relation_loss=0.0064 | anchor=0.0000 | train_emotion_acc=50.00% | train_strategy_f1=50.00% | train_relation_acc=100.00% | elapsed=6211s
[Stage3-KO(soft_share_from_en_suppress_0.75)] | step 1090/1591 (68.5%) | loss=8.6573 | lm=2.8300 | strategy_loss=0.6210 | relation_loss=4.8659 | anchor=0.0000 | train_emotion_acc=100.00% | train_strategy_f1=40.00% | train_relation_acc=0.00% | elapsed=6268s
[Stage3-KO(soft_share_from_en_suppress_0.75)] | step 1100/1591 (69.1%) | loss=5.8792 | lm=2.7743 | strategy_loss=0.9290 | relation_loss=0.0565 | anchor=0.0000 | train_emotion_acc=100.00% | train_strategy_f1=20.00% | train_relation_acc=100.00% | elapsed=6325s
[Stage3-KO(soft_share_from_en_suppress_0.75)] | step 1110/1591 (69.8%) | loss=4.7444 | lm=1.9342 | strategy_loss=0.7533 | relation_loss=0.1809 | anchor=0.0000 | train_emotion_acc=50.00% | train_strategy_f1=50.00% | train_relation_acc=100.00% | elapsed=6382s
[Stage3-KO(soft_share_from_en_suppress_0.75)] | step 1120/1591 (70.4%) | loss=5.0808 | lm=2.2106 | strategy_loss=0.6477 | relation_loss=0.6582 | anchor=0.0000 | train_emotion_acc=0.00% | train_strategy_f1=50.00% | train_relation_acc=50.00% | elapsed=6439s
[Stage3-KO(soft_share_from_en_suppress_0.75)] | step 1130/1591 (71.0%) | loss=5.8448 | lm=3.2210 | strategy_loss=0.7677 | relation_loss=0.0153 | anchor=0.0000 | train_emotion_acc=50.00% | train_strategy_f1=60.00% | train_relation_acc=100.00% | elapsed=6496s
[Stage3-KO(soft_share_from_en_suppress_0.75)] | step 1140/1591 (71.7%) | loss=4.5365 | lm=2.3640 | strategy_loss=0.6638 | relation_loss=0.0039 | anchor=0.0000 | train_emotion_acc=100.00% | train_strategy_f1=60.00% | train_relation_acc=100.00% | elapsed=6553s
[Stage3-KO(soft_share_from_en_suppress_0.75)] | step 1150/1591 (72.3%) | loss=4.9287 | lm=2.2195 | strategy_loss=0.7130 | relation_loss=0.2763 | anchor=0.0000 | train_emotion_acc=50.00% | train_strategy_f1=40.00% | train_relation_acc=100.00% | elapsed=6610s
[Stage3-KO(soft_share_from_en_suppress_0.75)] | step 1160/1591 (72.9%) | loss=4.8869 | lm=2.7507 | strategy_loss=0.5982 | relation_loss=0.2867 | anchor=0.0000 | train_emotion_acc=100.00% | train_strategy_f1=60.00% | train_relation_acc=100.00% | elapsed=6668s
[Stage3-KO(soft_share_from_en_suppress_0.75)] | step 1170/1591 (73.5%) | loss=4.6911 | lm=2.3725 | strategy_loss=0.6972 | relation_loss=0.0056 | anchor=0.0000 | train_emotion_acc=50.00% | train_strategy_f1=40.00% | train_relation_acc=100.00% | elapsed=6725s
[Stage3-KO(soft_share_from_en_suppress_0.75)] | step 1180/1591 (74.2%) | loss=7.8201 | lm=1.8348 | strategy_loss=1.1366 | relation_loss=2.9330 | anchor=0.0000 | train_emotion_acc=100.00% | train_strategy_f1=28.57% | train_relation_acc=0.00% | elapsed=6782s
[Stage3-KO(soft_share_from_en_suppress_0.75)] | step 1190/1591 (74.8%) | loss=6.0834 | lm=2.5322 | strategy_loss=0.7632 | relation_loss=1.1406 | anchor=0.0000 | train_emotion_acc=50.00% | train_strategy_f1=33.33% | train_relation_acc=50.00% | elapsed=6838s
[Stage3-KO(soft_share_from_en_suppress_0.75)] | step 1200/1591 (75.4%) | loss=4.8435 | lm=2.3610 | strategy_loss=0.6702 | relation_loss=0.0551 | anchor=0.0000 | train_emotion_acc=50.00% | train_strategy_f1=33.33% | train_relation_acc=100.00% | elapsed=6896s
[Stage3-KO(soft_share_from_en_suppress_0.75)] EVAL @1200 (valid) | EMOTION=75.50% | RELATION=98.00% | STRATEGY=65.06% | STRATEGY_HAMMING=62.00% | loss=5.0555 | lm_loss=2.3178 | emotion_loss=0.8295 | strategy_loss=0.7658 | relation_loss=0.1554
[Stage3-KO(soft_share_from_en_suppress_0.75)] | step 1210/1591 (76.1%) | loss=5.4634 | lm=2.7638 | strategy_loss=0.8059 | relation_loss=0.0980 | anchor=0.0000 | train_emotion_acc=100.00% | train_strategy_f1=16.67% | train_relation_acc=100.00% | elapsed=6986s
[Stage3-KO(soft_share_from_en_suppress_0.75)] | step 1220/1591 (76.7%) | loss=5.5607 | lm=2.2050 | strategy_loss=0.6819 | relation_loss=1.3232 | anchor=0.0000 | train_emotion_acc=100.00% | train_strategy_f1=66.67% | train_relation_acc=50.00% | elapsed=7044s
[Stage3-KO(soft_share_from_en_suppress_0.75)] | step 1230/1591 (77.3%) | loss=4.7101 | lm=1.8771 | strategy_loss=0.7568 | relation_loss=0.0962 | anchor=0.0000 | train_emotion_acc=50.00% | train_strategy_f1=40.00% | train_relation_acc=100.00% | elapsed=7100s
[Stage3-KO(soft_share_from_en_suppress_0.75)] | step 1240/1591 (77.9%) | loss=4.2784 | lm=1.8606 | strategy_loss=0.7293 | relation_loss=0.0074 | anchor=0.0000 | train_emotion_acc=100.00% | train_strategy_f1=50.00% | train_relation_acc=100.00% | elapsed=7157s
[Stage3-KO(soft_share_from_en_suppress_0.75)] | step 1250/1591 (78.6%) | loss=5.6467 | lm=2.4912 | strategy_loss=0.6994 | relation_loss=0.8263 | anchor=0.0000 | train_emotion_acc=50.00% | train_strategy_f1=50.00% | train_relation_acc=50.00% | elapsed=7214s
[Stage3-KO(soft_share_from_en_suppress_0.75)] | step 1260/1591 (79.2%) | loss=4.4809 | lm=2.0717 | strategy_loss=0.7018 | relation_loss=0.1902 | anchor=0.0000 | train_emotion_acc=100.00% | train_strategy_f1=50.00% | train_relation_acc=100.00% | elapsed=7271s
[Stage3-KO(soft_share_from_en_suppress_0.75)] | step 1270/1591 (79.8%) | loss=5.3215 | lm=3.1210 | strategy_loss=0.6356 | relation_loss=0.0505 | anchor=0.0000 | train_emotion_acc=100.00% | train_strategy_f1=60.00% | train_relation_acc=100.00% | elapsed=7327s
[Stage3-KO(soft_share_from_en_suppress_0.75)] | step 1280/1591 (80.5%) | loss=4.9292 | lm=2.0766 | strategy_loss=0.7697 | relation_loss=0.2718 | anchor=0.0000 | train_emotion_acc=100.00% | train_strategy_f1=40.00% | train_relation_acc=100.00% | elapsed=7384s
[Stage3-KO(soft_share_from_en_suppress_0.75)] | step 1290/1591 (81.1%) | loss=4.2083 | lm=1.9545 | strategy_loss=0.6695 | relation_loss=0.0099 | anchor=0.0000 | train_emotion_acc=100.00% | train_strategy_f1=60.00% | train_relation_acc=100.00% | elapsed=7441s
[Stage3-KO(soft_share_from_en_suppress_0.75)] | step 1300/1591 (81.7%) | loss=4.9210 | lm=2.9026 | strategy_loss=0.5516 | relation_loss=0.2012 | anchor=0.0000 | train_emotion_acc=100.00% | train_strategy_f1=50.00% | train_relation_acc=100.00% | elapsed=7498s
[Stage3-KO(soft_share_from_en_suppress_0.75)] | step 1310/1591 (82.3%) | loss=4.5740 | lm=2.5186 | strategy_loss=0.4803 | relation_loss=0.6561 | anchor=0.0000 | train_emotion_acc=100.00% | train_strategy_f1=75.00% | train_relation_acc=50.00% | elapsed=7555s
[Stage3-KO(soft_share_from_en_suppress_0.75)] | step 1320/1591 (83.0%) | loss=7.3018 | lm=2.4986 | strategy_loss=1.4036 | relation_loss=0.0000 | anchor=0.0000 | train_emotion_acc=0.00% | train_strategy_f1=28.57% | train_relation_acc=100.00% | elapsed=7611s
[Stage3-KO(soft_share_from_en_suppress_0.75)] | step 1330/1591 (83.6%) | loss=5.0263 | lm=2.4082 | strategy_loss=0.7437 | relation_loss=0.0033 | anchor=0.0000 | train_emotion_acc=50.00% | train_strategy_f1=50.00% | train_relation_acc=100.00% | elapsed=7668s
[Stage3-KO(soft_share_from_en_suppress_0.75)] | step 1340/1591 (84.2%) | loss=4.1381 | lm=1.6861 | strategy_loss=0.6788 | relation_loss=0.1764 | anchor=0.0000 | train_emotion_acc=50.00% | train_strategy_f1=60.00% | train_relation_acc=100.00% | elapsed=7726s
[Stage3-KO(soft_share_from_en_suppress_0.75)] | step 1350/1591 (84.9%) | loss=4.4645 | lm=1.9545 | strategy_loss=0.6671 | relation_loss=0.3484 | anchor=0.0000 | train_emotion_acc=100.00% | train_strategy_f1=50.00% | train_relation_acc=100.00% | elapsed=7782s
[Stage3-KO(soft_share_from_en_suppress_0.75)] | step 1360/1591 (85.5%) | loss=4.2720 | lm=2.3811 | strategy_loss=0.5943 | relation_loss=0.0049 | anchor=0.0000 | train_emotion_acc=100.00% | train_strategy_f1=40.00% | train_relation_acc=100.00% | elapsed=7839s
[Stage3-KO(soft_share_from_en_suppress_0.75)] | step 1370/1591 (86.1%) | loss=4.5309 | lm=2.8511 | strategy_loss=0.4891 | relation_loss=0.1249 | anchor=0.0000 | train_emotion_acc=100.00% | train_strategy_f1=60.00% | train_relation_acc=100.00% | elapsed=7895s
[Stage3-KO(soft_share_from_en_suppress_0.75)] | step 1380/1591 (86.7%) | loss=3.7782 | lm=2.1321 | strategy_loss=0.4923 | relation_loss=0.0306 | anchor=0.0000 | train_emotion_acc=100.00% | train_strategy_f1=60.00% | train_relation_acc=100.00% | elapsed=7952s
[Stage3-KO(soft_share_from_en_suppress_0.75)] | step 1390/1591 (87.4%) | loss=5.4232 | lm=2.6553 | strategy_loss=0.7092 | relation_loss=0.5002 | anchor=0.0000 | train_emotion_acc=50.00% | train_strategy_f1=40.00% | train_relation_acc=50.00% | elapsed=8009s
[Stage3-KO(soft_share_from_en_suppress_0.75)] | step 1400/1591 (88.0%) | loss=4.7334 | lm=2.3927 | strategy_loss=0.6673 | relation_loss=0.0076 | anchor=0.0000 | train_emotion_acc=50.00% | train_strategy_f1=50.00% | train_relation_acc=100.00% | elapsed=8066s
[Stage3-KO(soft_share_from_en_suppress_0.75)] | step 1410/1591 (88.6%) | loss=4.1920 | lm=2.1347 | strategy_loss=0.5941 | relation_loss=0.0311 | anchor=0.0000 | train_emotion_acc=100.00% | train_strategy_f1=75.00% | train_relation_acc=100.00% | elapsed=8123s
[Stage3-KO(soft_share_from_en_suppress_0.75)] | step 1420/1591 (89.3%) | loss=5.4506 | lm=2.4847 | strategy_loss=0.7592 | relation_loss=0.5628 | anchor=0.0000 | train_emotion_acc=100.00% | train_strategy_f1=50.00% | train_relation_acc=50.00% | elapsed=8179s
[Stage3-KO(soft_share_from_en_suppress_0.75)] | step 1430/1591 (89.9%) | loss=4.0447 | lm=2.1354 | strategy_loss=0.3901 | relation_loss=0.2600 | anchor=0.0000 | train_emotion_acc=0.00% | train_strategy_f1=100.00% | train_relation_acc=100.00% | elapsed=8235s
[Stage3-KO(soft_share_from_en_suppress_0.75)] | step 1440/1591 (90.5%) | loss=6.3314 | lm=2.7715 | strategy_loss=0.9898 | relation_loss=0.3252 | anchor=0.0000 | train_emotion_acc=100.00% | train_strategy_f1=28.57% | train_relation_acc=100.00% | elapsed=8292s
[Stage3-KO(soft_share_from_en_suppress_0.75)] | step 1450/1591 (91.1%) | loss=5.1008 | lm=1.9275 | strategy_loss=0.9216 | relation_loss=0.0001 | anchor=0.0000 | train_emotion_acc=50.00% | train_strategy_f1=40.00% | train_relation_acc=100.00% | elapsed=8348s
[Stage3-KO(soft_share_from_en_suppress_0.75)] | step 1460/1591 (91.8%) | loss=4.8258 | lm=2.3302 | strategy_loss=0.7013 | relation_loss=0.0816 | anchor=0.0000 | train_emotion_acc=100.00% | train_strategy_f1=66.67% | train_relation_acc=100.00% | elapsed=8405s
[Stage3-KO(soft_share_from_en_suppress_0.75)] | step 1470/1591 (92.4%) | loss=4.8711 | lm=2.5407 | strategy_loss=0.7223 | relation_loss=0.0011 | anchor=0.0000 | train_emotion_acc=100.00% | train_strategy_f1=50.00% | train_relation_acc=100.00% | elapsed=8462s
[Stage3-KO(soft_share_from_en_suppress_0.75)] | step 1480/1591 (93.0%) | loss=5.2845 | lm=2.6115 | strategy_loss=0.7890 | relation_loss=0.0029 | anchor=0.0000 | train_emotion_acc=100.00% | train_strategy_f1=66.67% | train_relation_acc=100.00% | elapsed=8519s
[Stage3-KO(soft_share_from_en_suppress_0.75)] | step 1490/1591 (93.7%) | loss=6.1394 | lm=1.9772 | strategy_loss=0.6833 | relation_loss=2.3579 | anchor=0.0000 | train_emotion_acc=50.00% | train_strategy_f1=40.00% | train_relation_acc=50.00% | elapsed=8575s
[Stage3-KO(soft_share_from_en_suppress_0.75)] | step 1500/1591 (94.3%) | loss=5.8876 | lm=2.5325 | strategy_loss=0.8764 | relation_loss=0.6362 | anchor=0.0000 | train_emotion_acc=100.00% | train_strategy_f1=16.67% | train_relation_acc=50.00% | elapsed=8632s
[Stage3-KO(soft_share_from_en_suppress_0.75)] | step 1510/1591 (94.9%) | loss=4.5133 | lm=2.4579 | strategy_loss=0.5307 | relation_loss=0.0316 | anchor=0.0000 | train_emotion_acc=50.00% | train_strategy_f1=80.00% | train_relation_acc=100.00% | elapsed=8689s
[Stage3-KO(soft_share_from_en_suppress_0.75)] | step 1520/1591 (95.5%) | loss=5.2035 | lm=2.6646 | strategy_loss=0.7505 | relation_loss=0.1270 | anchor=0.0000 | train_emotion_acc=100.00% | train_strategy_f1=40.00% | train_relation_acc=100.00% | elapsed=8746s
[Stage3-KO(soft_share_from_en_suppress_0.75)] | step 1530/1591 (96.2%) | loss=4.8927 | lm=2.2921 | strategy_loss=0.7676 | relation_loss=0.0237 | anchor=0.0000 | train_emotion_acc=50.00% | train_strategy_f1=33.33% | train_relation_acc=100.00% | elapsed=8803s
[Stage3-KO(soft_share_from_en_suppress_0.75)] | step 1540/1591 (96.8%) | loss=5.5556 | lm=2.4166 | strategy_loss=0.7881 | relation_loss=0.7203 | anchor=0.0000 | train_emotion_acc=100.00% | train_strategy_f1=25.00% | train_relation_acc=50.00% | elapsed=8860s
[Stage3-KO(soft_share_from_en_suppress_0.75)] | step 1550/1591 (97.4%) | loss=5.2456 | lm=2.2594 | strategy_loss=0.7096 | relation_loss=0.8180 | anchor=0.0000 | train_emotion_acc=100.00% | train_strategy_f1=40.00% | train_relation_acc=50.00% | elapsed=8917s
[Stage3-KO(soft_share_from_en_suppress_0.75)] | step 1560/1591 (98.1%) | loss=5.7063 | lm=2.7531 | strategy_loss=0.8061 | relation_loss=0.4323 | anchor=0.0000 | train_emotion_acc=100.00% | train_strategy_f1=20.00% | train_relation_acc=100.00% | elapsed=8975s
[Stage3-KO(soft_share_from_en_suppress_0.75)] | step 1570/1591 (98.7%) | loss=4.5532 | lm=1.5909 | strategy_loss=0.7204 | relation_loss=0.4603 | anchor=0.0000 | train_emotion_acc=50.00% | train_strategy_f1=33.33% | train_relation_acc=50.00% | elapsed=9032s
[Stage3-KO(soft_share_from_en_suppress_0.75)] | step 1580/1591 (99.3%) | loss=4.4473 | lm=2.4718 | strategy_loss=0.5647 | relation_loss=0.1092 | anchor=0.0000 | train_emotion_acc=100.00% | train_strategy_f1=50.00% | train_relation_acc=100.00% | elapsed=9089s
[Stage3-KO(soft_share_from_en_suppress_0.75)] | step 1590/1591 (99.9%) | loss=5.8119 | lm=2.3983 | strategy_loss=0.8861 | relation_loss=0.4715 | anchor=0.0000 | train_emotion_acc=50.00% | train_strategy_f1=33.33% | train_relation_acc=100.00% | elapsed=9146s
[Stage3-KO(soft_share_from_en_suppress_0.75)] FINAL | EMOTION=73.50% | RELATION=98.00% | STRATEGY=67.67% | STRATEGY_HAMMING=65.25%
[Stage3-KO(soft_share_from_en_suppress_0.75)] saved_to=/home/jbnu/jaehong/en-ko-empathy-lora/outputs/taffc/qwen/ablation/A0_v3_soft/s42
[Stage3-KO(soft_share_from_en_suppress_0.75)] init_mode=soft_share_from_en_suppress_0.75
[Stage3-KO(soft_share_from_en_suppress_0.75)] vram_peak_gb=37.062
[Stage3-KO(soft_share_from_en_suppress_0.75)] steps=1591
[Stage3-KO(soft_share_from_en_suppress_0.75)] progress -> /home/jbnu/jaehong/en-ko-empathy-lora/outputs/taffc/qwen/ablation/A0_v3_soft/s42/progress.json
[TRAIN] outputs/taffc/qwen/ablation/A2_no_two_pass/s42 seed=42
device=cuda
cuda_device=NVIDIA L40S
train=25456 valid=3182 A=6 S=4 R=7 strategy_scope=utterance
Warning: You are sending unauthenticated requests to the HF Hub. Please set a HF_TOKEN to enable higher rate limits and faster downloads.
EN replay: every 4 KO steps, n=17788
Fetching 4 files:   0%|          | 0/4 [00:00<?, ?it/s]Fetching 4 files: 100%|██████████| 4/4 [00:00<00:00, 14886.62it/s]
[transformers] The fast path is not available because one of the required library is not installed. Falling back to torch implementation. To install follow https://github.com/fla-org/flash-linear-attention#installation and https://github.com/Dao-AILab/causal-conv1d
Loading weights:   0%|          | 0/427 [00:00<?, ?it/s]Loading weights: 100%|██████████| 427/427 [00:00<00:00, 8293.59it/s]
bitsandbytes library load error: Configured CUDA binary not found at /home/jbnu/jupyter-env/lib/python3.12/site-packages/bitsandbytes/libbitsandbytes_cuda130.so
 If you are using Intel CPU/XPU, please install intel_extension_for_pytorch to enable required ops
Traceback (most recent call last):
  File "/home/jbnu/jupyter-env/lib/python3.12/site-packages/bitsandbytes/cextension.py", line 318, in <module>
    lib = get_native_library()
          ^^^^^^^^^^^^^^^^^^^^
  File "/home/jbnu/jupyter-env/lib/python3.12/site-packages/bitsandbytes/cextension.py", line 282, in get_native_library
    raise RuntimeError(f"Configured {BNB_BACKEND} binary not found at {cuda_binary_path}")
RuntimeError: Configured CUDA binary not found at /home/jbnu/jupyter-env/lib/python3.12/site-packages/bitsandbytes/libbitsandbytes_cuda130.so
lora_init_mode=select_bank_en_merged_r16
gates={'affect': 'share', 'strategy': 'relearn', 'relation': 'relearn', 'culture': 'suppress'}
strategy_pos_weight=[1.7157411575317383, 1.7157411575317383, 1.7157411575317383, 1.7157411575317383]
loss_weights emotion=0.245 strategy=3.150 relation=0.787 gate_conditioned=True curriculum=True
two_pass_affect=False
LoRA anchor enabled weight=0.04 n_params=64
lr_lora=7.5e-05 lr_head=0.00015 freeze_lora=False trainable=20,783,121
[Stage3-KO(select_bank_en_merged_r16)] model=Qwen/Qwen3.5-9B train=25456 valid=3182 init=select_bank_en_merged_r16 steps≈1591 S=multilabel gates={'affect': 'share', 'strategy': 'relearn', 'relation': 'relearn', 'culture': 'suppress'}
[Stage3-KO(select_bank_en_merged_r16)] | step 1/1591 (0.1%) | loss=9.4035 | lm=3.4505 | strategy_loss=0.8085 | relation_loss=2.2490 | anchor=0.0000 | train_emotion_acc=0.00% | train_strategy_f1=50.00% | train_relation_acc=0.00% | elapsed=5s
[Stage3-KO(select_bank_en_merged_r16)] | step 10/1591 (0.6%) | loss=7.3388 | lm=2.6803 | strategy_loss=0.6055 | relation_loss=1.8366 | anchor=0.0000 | train_emotion_acc=0.00% | train_strategy_f1=25.00% | train_relation_acc=0.00% | elapsed=44s
[Stage3-KO(select_bank_en_merged_r16)] | step 20/1591 (1.3%) | loss=11.4307 | lm=2.5859 | strategy_loss=1.5522 | relation_loss=1.9653 | anchor=0.0000 | train_emotion_acc=0.00% | train_strategy_f1=50.00% | train_relation_acc=50.00% | elapsed=88s
[Stage3-KO(select_bank_en_merged_r16)] | step 30/1591 (1.9%) | loss=7.5860 | lm=2.4380 | strategy_loss=0.8555 | relation_loss=1.2522 | anchor=0.0000 | train_emotion_acc=0.00% | train_strategy_f1=40.00% | train_relation_acc=100.00% | elapsed=131s
[Stage3-KO(select_bank_en_merged_r16)] | step 40/1591 (2.5%) | loss=7.0497 | lm=2.2194 | strategy_loss=0.7335 | relation_loss=1.5104 | anchor=0.0000 | train_emotion_acc=100.00% | train_strategy_f1=50.00% | train_relation_acc=50.00% | elapsed=174s
[Stage3-KO(select_bank_en_merged_r16)] | step 50/1591 (3.1%) | loss=5.5939 | lm=2.2468 | strategy_loss=0.5930 | relation_loss=0.5750 | anchor=0.0000 | train_emotion_acc=50.00% | train_strategy_f1=33.33% | train_relation_acc=100.00% | elapsed=218s
[Stage3-KO(select_bank_en_merged_r16)] | step 60/1591 (3.8%) | loss=7.1424 | lm=3.3900 | strategy_loss=0.5675 | relation_loss=1.2538 | anchor=0.0000 | train_emotion_acc=100.00% | train_strategy_f1=60.00% | train_relation_acc=50.00% | elapsed=262s
[Stage3-KO(select_bank_en_merged_r16)] | step 70/1591 (4.4%) | loss=7.1058 | lm=2.4006 | strategy_loss=0.8561 | relation_loss=0.8725 | anchor=0.0000 | train_emotion_acc=100.00% | train_strategy_f1=16.67% | train_relation_acc=50.00% | elapsed=306s
[Stage3-KO(select_bank_en_merged_r16)] | step 80/1591 (5.0%) | loss=6.4108 | lm=2.5102 | strategy_loss=0.7903 | relation_loss=0.3396 | anchor=0.0000 | train_emotion_acc=50.00% | train_strategy_f1=20.00% | train_relation_acc=100.00% | elapsed=351s
[Stage3-KO(select_bank_en_merged_r16)] | step 90/1591 (5.7%) | loss=7.8126 | lm=2.5262 | strategy_loss=0.7106 | relation_loss=2.2294 | anchor=0.0000 | train_emotion_acc=100.00% | train_strategy_f1=33.33% | train_relation_acc=50.00% | elapsed=395s
[Stage3-KO(select_bank_en_merged_r16)] | step 100/1591 (6.3%) | loss=6.7141 | lm=2.3158 | strategy_loss=0.8316 | relation_loss=0.6402 | anchor=0.0000 | train_emotion_acc=50.00% | train_strategy_f1=33.33% | train_relation_acc=100.00% | elapsed=440s
[Stage3-KO(select_bank_en_merged_r16)] | step 110/1591 (6.9%) | loss=7.2421 | lm=2.6564 | strategy_loss=1.0152 | relation_loss=0.0704 | anchor=0.0000 | train_emotion_acc=100.00% | train_strategy_f1=33.33% | train_relation_acc=100.00% | elapsed=483s
[Stage3-KO(select_bank_en_merged_r16)] | step 120/1591 (7.5%) | loss=6.9318 | lm=2.6051 | strategy_loss=0.7806 | relation_loss=0.9846 | anchor=0.0000 | train_emotion_acc=100.00% | train_strategy_f1=40.00% | train_relation_acc=50.00% | elapsed=528s
[Stage3-KO(select_bank_en_merged_r16)] | step 130/1591 (8.2%) | loss=4.5767 | lm=2.3025 | strategy_loss=0.4880 | relation_loss=0.0391 | anchor=0.0000 | train_emotion_acc=50.00% | train_strategy_f1=50.00% | train_relation_acc=100.00% | elapsed=572s
[Stage3-KO(select_bank_en_merged_r16)] | step 140/1591 (8.8%) | loss=7.8724 | lm=2.2873 | strategy_loss=1.0618 | relation_loss=1.0767 | anchor=0.0000 | train_emotion_acc=100.00% | train_strategy_f1=40.00% | train_relation_acc=50.00% | elapsed=616s
[Stage3-KO(select_bank_en_merged_r16)] | step 150/1591 (9.4%) | loss=5.8937 | lm=2.9556 | strategy_loss=0.6327 | relation_loss=0.0996 | anchor=0.0000 | train_emotion_acc=50.00% | train_strategy_f1=40.00% | train_relation_acc=100.00% | elapsed=660s
[Stage3-KO(select_bank_en_merged_r16)] | step 160/1591 (10.1%) | loss=10.5083 | lm=2.5438 | strategy_loss=1.1829 | relation_loss=2.9695 | anchor=0.0000 | train_emotion_acc=100.00% | train_strategy_f1=16.67% | train_relation_acc=0.00% | elapsed=704s
[Stage3-KO(select_bank_en_merged_r16)] | step 170/1591 (10.7%) | loss=6.6408 | lm=2.6691 | strategy_loss=0.8717 | relation_loss=0.2136 | anchor=0.0000 | train_emotion_acc=100.00% | train_strategy_f1=16.67% | train_relation_acc=100.00% | elapsed=748s
[Stage3-KO(select_bank_en_merged_r16)] | step 180/1591 (11.3%) | loss=6.3027 | lm=2.5010 | strategy_loss=0.7581 | relation_loss=0.5710 | anchor=0.0000 | train_emotion_acc=100.00% | train_strategy_f1=40.00% | train_relation_acc=50.00% | elapsed=792s
[Stage3-KO(select_bank_en_merged_r16)] | step 190/1591 (11.9%) | loss=8.0814 | lm=2.7931 | strategy_loss=0.6397 | relation_loss=2.6474 | anchor=0.0000 | train_emotion_acc=100.00% | train_strategy_f1=40.00% | train_relation_acc=50.00% | elapsed=836s
[Stage3-KO(select_bank_en_merged_r16)] | step 200/1591 (12.6%) | loss=5.6051 | lm=2.4144 | strategy_loss=0.6933 | relation_loss=0.0408 | anchor=0.0000 | train_emotion_acc=100.00% | train_strategy_f1=60.00% | train_relation_acc=100.00% | elapsed=880s
[Stage3-KO(select_bank_en_merged_r16)] | step 210/1591 (13.2%) | loss=5.1288 | lm=2.0661 | strategy_loss=0.6837 | relation_loss=0.1053 | anchor=0.0000 | train_emotion_acc=100.00% | train_strategy_f1=60.00% | train_relation_acc=100.00% | elapsed=924s
[Stage3-KO(select_bank_en_merged_r16)] | step 220/1591 (13.8%) | loss=6.6902 | lm=2.4645 | strategy_loss=0.7371 | relation_loss=1.0165 | anchor=0.0000 | train_emotion_acc=50.00% | train_strategy_f1=40.00% | train_relation_acc=50.00% | elapsed=968s
[Stage3-KO(select_bank_en_merged_r16)] | step 230/1591 (14.5%) | loss=7.0719 | lm=2.9554 | strategy_loss=0.8087 | relation_loss=0.6596 | anchor=0.0000 | train_emotion_acc=100.00% | train_strategy_f1=60.00% | train_relation_acc=50.00% | elapsed=1011s
[Stage3-KO(select_bank_en_merged_r16)] | step 240/1591 (15.1%) | loss=6.1202 | lm=2.3614 | strategy_loss=0.7686 | relation_loss=0.4089 | anchor=0.0000 | train_emotion_acc=100.00% | train_strategy_f1=60.00% | train_relation_acc=100.00% | elapsed=1056s
[Stage3-KO(select_bank_en_merged_r16)] | step 250/1591 (15.7%) | loss=7.1481 | lm=2.7530 | strategy_loss=0.7485 | relation_loss=1.2663 | anchor=0.0000 | train_emotion_acc=100.00% | train_strategy_f1=66.67% | train_relation_acc=50.00% | elapsed=1099s
[Stage3-KO(select_bank_en_merged_r16)] | step 260/1591 (16.3%) | loss=6.3463 | lm=2.3943 | strategy_loss=0.6491 | relation_loss=1.1290 | anchor=0.0000 | train_emotion_acc=50.00% | train_strategy_f1=75.00% | train_relation_acc=50.00% | elapsed=1144s
[Stage3-KO(select_bank_en_merged_r16)] | step 270/1591 (17.0%) | loss=6.1272 | lm=2.7567 | strategy_loss=0.7265 | relation_loss=0.2795 | anchor=0.0000 | train_emotion_acc=100.00% | train_strategy_f1=50.00% | train_relation_acc=100.00% | elapsed=1188s
[Stage3-KO(select_bank_en_merged_r16)] | step 280/1591 (17.6%) | loss=5.6144 | lm=2.6691 | strategy_loss=0.6601 | relation_loss=0.1329 | anchor=0.0000 | train_emotion_acc=100.00% | train_strategy_f1=60.00% | train_relation_acc=100.00% | elapsed=1232s
[Stage3-KO(select_bank_en_merged_r16)] | step 290/1591 (18.2%) | loss=7.4951 | lm=2.7208 | strategy_loss=0.6682 | relation_loss=1.9334 | anchor=0.0000 | train_emotion_acc=50.00% | train_strategy_f1=50.00% | train_relation_acc=50.00% | elapsed=1277s
[Stage3-KO(select_bank_en_merged_r16)] | step 300/1591 (18.9%) | loss=6.0467 | lm=2.6999 | strategy_loss=0.7292 | relation_loss=0.0840 | anchor=0.0000 | train_emotion_acc=50.00% | train_strategy_f1=50.00% | train_relation_acc=100.00% | elapsed=1321s
[Stage3-KO(select_bank_en_merged_r16)] | step 310/1591 (19.5%) | loss=6.2171 | lm=2.6477 | strategy_loss=0.6454 | relation_loss=0.8457 | anchor=0.0000 | train_emotion_acc=100.00% | train_strategy_f1=50.00% | train_relation_acc=50.00% | elapsed=1366s
[Stage3-KO(select_bank_en_merged_r16)] | step 320/1591 (20.1%) | loss=4.9731 | lm=2.2293 | strategy_loss=0.5167 | relation_loss=0.5141 | anchor=0.0000 | train_emotion_acc=100.00% | train_strategy_f1=80.00% | train_relation_acc=100.00% | elapsed=1411s
[Stage3-KO(select_bank_en_merged_r16)] | step 330/1591 (20.7%) | loss=7.4423 | lm=3.1122 | strategy_loss=0.5794 | relation_loss=1.8271 | anchor=0.0000 | train_emotion_acc=50.00% | train_strategy_f1=50.00% | train_relation_acc=50.00% | elapsed=1455s
[Stage3-KO(select_bank_en_merged_r16)] | step 340/1591 (21.4%) | loss=4.9430 | lm=2.1466 | strategy_loss=0.6051 | relation_loss=0.0088 | anchor=0.0000 | train_emotion_acc=50.00% | train_strategy_f1=80.00% | train_relation_acc=100.00% | elapsed=1499s
[Stage3-KO(select_bank_en_merged_r16)] | step 350/1591 (22.0%) | loss=5.2543 | lm=1.9928 | strategy_loss=0.6787 | relation_loss=0.3427 | anchor=0.0000 | train_emotion_acc=100.00% | train_strategy_f1=50.00% | train_relation_acc=100.00% | elapsed=1543s
[Stage3-KO(select_bank_en_merged_r16)] | step 360/1591 (22.6%) | loss=6.7049 | lm=2.3842 | strategy_loss=1.0140 | relation_loss=0.0009 | anchor=0.0000 | train_emotion_acc=100.00% | train_strategy_f1=50.00% | train_relation_acc=100.00% | elapsed=1588s
[Stage3-KO(select_bank_en_merged_r16)] | step 370/1591 (23.3%) | loss=6.8531 | lm=1.8867 | strategy_loss=1.1474 | relation_loss=0.0009 | anchor=0.0000 | train_emotion_acc=100.00% | train_strategy_f1=14.29% | train_relation_acc=100.00% | elapsed=1632s
[Stage3-KO(select_bank_en_merged_r16)] | step 380/1591 (23.9%) | loss=5.2232 | lm=2.2561 | strategy_loss=0.5855 | relation_loss=0.4500 | anchor=0.0000 | train_emotion_acc=100.00% | train_strategy_f1=80.00% | train_relation_acc=100.00% | elapsed=1677s
[Stage3-KO(select_bank_en_merged_r16)] | step 390/1591 (24.5%) | loss=6.7535 | lm=2.5783 | strategy_loss=0.6879 | relation_loss=1.3039 | anchor=0.0000 | train_emotion_acc=100.00% | train_strategy_f1=60.00% | train_relation_acc=50.00% | elapsed=1722s
[Stage3-KO(select_bank_en_merged_r16)] | step 400/1591 (25.1%) | loss=5.8612 | lm=2.1849 | strategy_loss=0.6081 | relation_loss=0.9623 | anchor=0.0000 | train_emotion_acc=50.00% | train_strategy_f1=60.00% | train_relation_acc=50.00% | elapsed=1767s
[Stage3-KO(select_bank_en_merged_r16)] EVAL @400 (valid) | EMOTION=93.00% | RELATION=96.50% | STRATEGY=67.21% | STRATEGY_HAMMING=64.88% | loss=5.8212 | lm_loss=2.4195 | emotion_loss=0.3224 | strategy_loss=0.7395 | relation_loss=0.2094
[Stage3-KO(select_bank_en_merged_r16)] | step 410/1591 (25.8%) | loss=8.0376 | lm=2.8186 | strategy_loss=0.5939 | relation_loss=2.6371 | anchor=0.0000 | train_emotion_acc=50.00% | train_strategy_f1=75.00% | train_relation_acc=0.00% | elapsed=1830s
[Stage3-KO(select_bank_en_merged_r16)] | step 420/1591 (26.4%) | loss=4.6527 | lm=2.5378 | strategy_loss=0.4576 | relation_loss=0.1673 | anchor=0.0000 | train_emotion_acc=100.00% | train_strategy_f1=50.00% | train_relation_acc=100.00% | elapsed=1875s
[Stage3-KO(select_bank_en_merged_r16)] | step 430/1591 (27.0%) | loss=6.1351 | lm=2.8369 | strategy_loss=0.6060 | relation_loss=0.6445 | anchor=0.0000 | train_emotion_acc=100.00% | train_strategy_f1=40.00% | train_relation_acc=50.00% | elapsed=1919s
[Stage3-KO(select_bank_en_merged_r16)] | step 440/1591 (27.7%) | loss=6.0984 | lm=2.0152 | strategy_loss=0.6860 | relation_loss=1.1917 | anchor=0.0000 | train_emotion_acc=100.00% | train_strategy_f1=50.00% | train_relation_acc=50.00% | elapsed=1964s
[Stage3-KO(select_bank_en_merged_r16)] | step 450/1591 (28.3%) | loss=5.7601 | lm=3.0896 | strategy_loss=0.5202 | relation_loss=0.4507 | anchor=0.0000 | train_emotion_acc=100.00% | train_strategy_f1=66.67% | train_relation_acc=100.00% | elapsed=2008s
[Stage3-KO(select_bank_en_merged_r16)] | step 460/1591 (28.9%) | loss=5.9682 | lm=2.3009 | strategy_loss=0.8155 | relation_loss=0.0560 | anchor=0.0000 | train_emotion_acc=50.00% | train_strategy_f1=20.00% | train_relation_acc=100.00% | elapsed=2052s
[Stage3-KO(select_bank_en_merged_r16)] | step 470/1591 (29.5%) | loss=6.2022 | lm=2.0414 | strategy_loss=0.6331 | relation_loss=1.5234 | anchor=0.0000 | train_emotion_acc=100.00% | train_strategy_f1=50.00% | train_relation_acc=50.00% | elapsed=2097s
[Stage3-KO(select_bank_en_merged_r16)] | step 480/1591 (30.2%) | loss=4.2933 | lm=1.8342 | strategy_loss=0.5498 | relation_loss=0.0146 | anchor=0.0000 | train_emotion_acc=100.00% | train_strategy_f1=100.00% | train_relation_acc=100.00% | elapsed=2142s
[Stage3-KO(select_bank_en_merged_r16)] | step 490/1591 (30.8%) | loss=5.6210 | lm=2.2600 | strategy_loss=0.5847 | relation_loss=0.8704 | anchor=0.0000 | train_emotion_acc=100.00% | train_strategy_f1=40.00% | train_relation_acc=0.00% | elapsed=2185s
[Stage3-KO(select_bank_en_merged_r16)] | step 500/1591 (31.4%) | loss=5.9081 | lm=2.1986 | strategy_loss=0.8638 | relation_loss=0.0248 | anchor=0.0000 | train_emotion_acc=100.00% | train_strategy_f1=20.00% | train_relation_acc=100.00% | elapsed=2230s
[Stage3-KO(select_bank_en_merged_r16)] | step 510/1591 (32.1%) | loss=4.1651 | lm=2.0840 | strategy_loss=0.4476 | relation_loss=0.1856 | anchor=0.0000 | train_emotion_acc=100.00% | train_strategy_f1=50.00% | train_relation_acc=100.00% | elapsed=2274s
[Stage3-KO(select_bank_en_merged_r16)] | step 520/1591 (32.7%) | loss=6.0341 | lm=2.5054 | strategy_loss=0.6115 | relation_loss=0.9199 | anchor=0.0000 | train_emotion_acc=100.00% | train_strategy_f1=66.67% | train_relation_acc=50.00% | elapsed=2318s
[Stage3-KO(select_bank_en_merged_r16)] | step 530/1591 (33.3%) | loss=6.1506 | lm=2.1955 | strategy_loss=0.8030 | relation_loss=0.5094 | anchor=0.0000 | train_emotion_acc=100.00% | train_strategy_f1=40.00% | train_relation_acc=50.00% | elapsed=2362s
[Stage3-KO(select_bank_en_merged_r16)] | step 540/1591 (33.9%) | loss=5.6670 | lm=1.9810 | strategy_loss=0.6968 | relation_loss=0.6036 | anchor=0.0000 | train_emotion_acc=50.00% | train_strategy_f1=40.00% | train_relation_acc=50.00% | elapsed=2407s
[Stage3-KO(select_bank_en_merged_r16)] | step 550/1591 (34.6%) | loss=5.4696 | lm=1.6356 | strategy_loss=0.8642 | relation_loss=0.0878 | anchor=0.0000 | train_emotion_acc=100.00% | train_strategy_f1=33.33% | train_relation_acc=100.00% | elapsed=2451s
[Stage3-KO(select_bank_en_merged_r16)] | step 560/1591 (35.2%) | loss=5.2874 | lm=2.3050 | strategy_loss=0.6853 | relation_loss=0.0192 | anchor=0.0000 | train_emotion_acc=100.00% | train_strategy_f1=50.00% | train_relation_acc=100.00% | elapsed=2496s
[Stage3-KO(select_bank_en_merged_r16)] | step 570/1591 (35.8%) | loss=5.8855 | lm=2.5884 | strategy_loss=0.7720 | relation_loss=0.0067 | anchor=0.0000 | train_emotion_acc=100.00% | train_strategy_f1=40.00% | train_relation_acc=100.00% | elapsed=2540s
[Stage3-KO(select_bank_en_merged_r16)] | step 580/1591 (36.5%) | loss=8.9477 | lm=2.9546 | strategy_loss=1.3079 | relation_loss=0.2885 | anchor=0.0000 | train_emotion_acc=50.00% | train_strategy_f1=28.57% | train_relation_acc=100.00% | elapsed=2584s
[Stage3-KO(select_bank_en_merged_r16)] | step 590/1591 (37.1%) | loss=7.9989 | lm=3.3160 | strategy_loss=0.9608 | relation_loss=0.6063 | anchor=0.0000 | train_emotion_acc=100.00% | train_strategy_f1=33.33% | train_relation_acc=100.00% | elapsed=2628s
[Stage3-KO(select_bank_en_merged_r16)] | step 600/1591 (37.7%) | loss=4.9832 | lm=2.1531 | strategy_loss=0.6459 | relation_loss=0.0005 | anchor=0.0000 | train_emotion_acc=100.00% | train_strategy_f1=60.00% | train_relation_acc=100.00% | elapsed=2672s
[Stage3-KO(select_bank_en_merged_r16)] | step 610/1591 (38.3%) | loss=6.5771 | lm=2.2802 | strategy_loss=0.8994 | relation_loss=0.4934 | anchor=0.0000 | train_emotion_acc=100.00% | train_strategy_f1=50.00% | train_relation_acc=100.00% | elapsed=2716s
[Stage3-KO(select_bank_en_merged_r16)] | step 620/1591 (39.0%) | loss=5.2929 | lm=2.4743 | strategy_loss=0.6441 | relation_loss=0.0783 | anchor=0.0000 | train_emotion_acc=100.00% | train_strategy_f1=25.00% | train_relation_acc=100.00% | elapsed=2761s
[Stage3-KO(select_bank_en_merged_r16)] | step 630/1591 (39.6%) | loss=7.4427 | lm=2.5386 | strategy_loss=1.1366 | relation_loss=0.0625 | anchor=0.0000 | train_emotion_acc=100.00% | train_strategy_f1=42.86% | train_relation_acc=100.00% | elapsed=2805s
[Stage3-KO(select_bank_en_merged_r16)] | step 640/1591 (40.2%) | loss=5.6241 | lm=3.2002 | strategy_loss=0.6812 | relation_loss=0.1235 | anchor=0.0000 | train_emotion_acc=50.00% | train_strategy_f1=60.00% | train_relation_acc=100.00% | elapsed=2850s
[Stage3-KO(select_bank_en_merged_r16)] | step 650/1591 (40.9%) | loss=4.3758 | lm=2.3889 | strategy_loss=0.6251 | relation_loss=0.0074 | anchor=0.0000 | train_emotion_acc=100.00% | train_strategy_f1=75.00% | train_relation_acc=100.00% | elapsed=2893s
[Stage3-KO(select_bank_en_merged_r16)] | step 660/1591 (41.5%) | loss=5.2510 | lm=2.4271 | strategy_loss=0.5611 | relation_loss=1.3363 | anchor=0.0000 | train_emotion_acc=100.00% | train_strategy_f1=100.00% | train_relation_acc=50.00% | elapsed=2937s
[Stage3-KO(select_bank_en_merged_r16)] | step 670/1591 (42.1%) | loss=4.5851 | lm=2.2004 | strategy_loss=0.6522 | relation_loss=0.3568 | anchor=0.0000 | train_emotion_acc=100.00% | train_strategy_f1=60.00% | train_relation_acc=50.00% | elapsed=2981s
[Stage3-KO(select_bank_en_merged_r16)] | step 680/1591 (42.7%) | loss=4.6126 | lm=2.3508 | strategy_loss=0.6917 | relation_loss=0.0302 | anchor=0.0000 | train_emotion_acc=100.00% | train_strategy_f1=50.00% | train_relation_acc=100.00% | elapsed=3026s
[Stage3-KO(select_bank_en_merged_r16)] | step 690/1591 (43.4%) | loss=5.7792 | lm=2.7200 | strategy_loss=0.6690 | relation_loss=0.9907 | anchor=0.0000 | train_emotion_acc=50.00% | train_strategy_f1=50.00% | train_relation_acc=50.00% | elapsed=3070s
[Stage3-KO(select_bank_en_merged_r16)] | step 700/1591 (44.0%) | loss=4.7359 | lm=2.5934 | strategy_loss=0.6080 | relation_loss=0.1393 | anchor=0.0000 | train_emotion_acc=100.00% | train_strategy_f1=75.00% | train_relation_acc=100.00% | elapsed=3115s
[Stage3-KO(select_bank_en_merged_r16)] | step 710/1591 (44.6%) | loss=4.2480 | lm=1.9581 | strategy_loss=0.7091 | relation_loss=0.0679 | anchor=0.0000 | train_emotion_acc=100.00% | train_strategy_f1=40.00% | train_relation_acc=100.00% | elapsed=3160s
[Stage3-KO(select_bank_en_merged_r16)] | step 720/1591 (45.3%) | loss=5.2789 | lm=2.9797 | strategy_loss=0.5062 | relation_loss=0.2410 | anchor=0.0000 | train_emotion_acc=50.00% | train_strategy_f1=50.00% | train_relation_acc=100.00% | elapsed=3204s
[Stage3-KO(select_bank_en_merged_r16)] | step 730/1591 (45.9%) | loss=4.9327 | lm=2.4616 | strategy_loss=0.7444 | relation_loss=0.1569 | anchor=0.0000 | train_emotion_acc=100.00% | train_strategy_f1=40.00% | train_relation_acc=100.00% | elapsed=3248s
[Stage3-KO(select_bank_en_merged_r16)] | step 740/1591 (46.5%) | loss=5.2449 | lm=2.4015 | strategy_loss=0.7734 | relation_loss=0.4764 | anchor=0.0000 | train_emotion_acc=100.00% | train_strategy_f1=20.00% | train_relation_acc=50.00% | elapsed=3292s
[Stage3-KO(select_bank_en_merged_r16)] | step 750/1591 (47.1%) | loss=5.2501 | lm=2.4962 | strategy_loss=0.7162 | relation_loss=0.6237 | anchor=0.0000 | train_emotion_acc=100.00% | train_strategy_f1=80.00% | train_relation_acc=50.00% | elapsed=3336s
[Stage3-KO(select_bank_en_merged_r16)] | step 760/1591 (47.8%) | loss=4.7310 | lm=1.9761 | strategy_loss=0.6535 | relation_loss=0.6152 | anchor=0.0000 | train_emotion_acc=50.00% | train_strategy_f1=66.67% | train_relation_acc=50.00% | elapsed=3381s
[Stage3-KO(select_bank_en_merged_r16)] | step 770/1591 (48.4%) | loss=4.6029 | lm=2.5011 | strategy_loss=0.6620 | relation_loss=0.0164 | anchor=0.0000 | train_emotion_acc=100.00% | train_strategy_f1=33.33% | train_relation_acc=100.00% | elapsed=3425s
[Stage3-KO(select_bank_en_merged_r16)] | step 780/1591 (49.0%) | loss=5.3844 | lm=2.6519 | strategy_loss=0.5533 | relation_loss=1.2269 | anchor=0.0000 | train_emotion_acc=100.00% | train_strategy_f1=60.00% | train_relation_acc=50.00% | elapsed=3469s
[Stage3-KO(select_bank_en_merged_r16)] | step 790/1591 (49.7%) | loss=5.0649 | lm=2.5265 | strategy_loss=0.8033 | relation_loss=0.0028 | anchor=0.0000 | train_emotion_acc=100.00% | train_strategy_f1=50.00% | train_relation_acc=100.00% | elapsed=3513s
[Stage3-KO(select_bank_en_merged_r16)] | step 800/1591 (50.3%) | loss=5.7847 | lm=2.3353 | strategy_loss=0.8582 | relation_loss=0.4884 | anchor=0.0000 | train_emotion_acc=50.00% | train_strategy_f1=60.00% | train_relation_acc=50.00% | elapsed=3557s
[Stage3-KO(select_bank_en_merged_r16)] EVAL @800 (valid) | EMOTION=93.00% | RELATION=96.50% | STRATEGY=67.13% | STRATEGY_HAMMING=64.38% | loss=4.8377 | lm_loss=2.3389 | emotion_loss=0.1982 | strategy_loss=0.7271 | relation_loss=0.2030
[Stage3-KO(select_bank_en_merged_r16)] | step 810/1591 (50.9%) | loss=4.4875 | lm=2.0165 | strategy_loss=0.5905 | relation_loss=0.7285 | anchor=0.0000 | train_emotion_acc=100.00% | train_strategy_f1=40.00% | train_relation_acc=50.00% | elapsed=3618s
[Stage3-KO(select_bank_en_merged_r16)] | step 820/1591 (51.5%) | loss=5.5148 | lm=2.7805 | strategy_loss=0.7849 | relation_loss=0.3301 | anchor=0.0000 | train_emotion_acc=100.00% | train_strategy_f1=33.33% | train_relation_acc=100.00% | elapsed=3662s
[Stage3-KO(select_bank_en_merged_r16)] | step 830/1591 (52.2%) | loss=5.6235 | lm=2.2848 | strategy_loss=0.6385 | relation_loss=1.6797 | anchor=0.0000 | train_emotion_acc=100.00% | train_strategy_f1=60.00% | train_relation_acc=50.00% | elapsed=3707s
[Stage3-KO(select_bank_en_merged_r16)] | step 840/1591 (52.8%) | loss=4.9619 | lm=2.6177 | strategy_loss=0.7435 | relation_loss=0.0001 | anchor=0.0000 | train_emotion_acc=100.00% | train_strategy_f1=50.00% | train_relation_acc=100.00% | elapsed=3751s
[Stage3-KO(select_bank_en_merged_r16)] | step 850/1591 (53.4%) | loss=6.8268 | lm=2.5741 | strategy_loss=1.3383 | relation_loss=0.0466 | anchor=0.0000 | train_emotion_acc=100.00% | train_strategy_f1=28.57% | train_relation_acc=100.00% | elapsed=3795s
[Stage3-KO(select_bank_en_merged_r16)] | step 860/1591 (54.1%) | loss=6.0756 | lm=1.5705 | strategy_loss=0.7302 | relation_loss=2.2181 | anchor=0.0000 | train_emotion_acc=0.00% | train_strategy_f1=20.00% | train_relation_acc=50.00% | elapsed=3840s
[Stage3-KO(select_bank_en_merged_r16)] | step 870/1591 (54.7%) | loss=5.6473 | lm=2.3615 | strategy_loss=0.9471 | relation_loss=0.3731 | anchor=0.0000 | train_emotion_acc=100.00% | train_strategy_f1=16.67% | train_relation_acc=100.00% | elapsed=3884s
[Stage3-KO(select_bank_en_merged_r16)] | step 880/1591 (55.3%) | loss=5.5310 | lm=2.4625 | strategy_loss=0.7354 | relation_loss=0.4212 | anchor=0.0000 | train_emotion_acc=50.00% | train_strategy_f1=40.00% | train_relation_acc=100.00% | elapsed=3928s
[Stage3-KO(select_bank_en_merged_r16)] | step 890/1591 (55.9%) | loss=5.2725 | lm=2.5162 | strategy_loss=0.7279 | relation_loss=0.5588 | anchor=0.0000 | train_emotion_acc=100.00% | train_strategy_f1=40.00% | train_relation_acc=100.00% | elapsed=3973s
[Stage3-KO(select_bank_en_merged_r16)] | step 900/1591 (56.6%) | loss=4.9655 | lm=2.2326 | strategy_loss=0.8104 | relation_loss=0.1959 | anchor=0.0000 | train_emotion_acc=100.00% | train_strategy_f1=33.33% | train_relation_acc=100.00% | elapsed=4018s
[Stage3-KO(select_bank_en_merged_r16)] | step 910/1591 (57.2%) | loss=5.5441 | lm=2.2733 | strategy_loss=0.9870 | relation_loss=0.1935 | anchor=0.0000 | train_emotion_acc=100.00% | train_strategy_f1=33.33% | train_relation_acc=100.00% | elapsed=4062s
[Stage3-KO(select_bank_en_merged_r16)] | step 920/1591 (57.8%) | loss=4.3534 | lm=1.6953 | strategy_loss=0.6809 | relation_loss=0.6005 | anchor=0.0000 | train_emotion_acc=100.00% | train_strategy_f1=33.33% | train_relation_acc=50.00% | elapsed=4106s
[Stage3-KO(select_bank_en_merged_r16)] | step 930/1591 (58.5%) | loss=6.4693 | lm=2.3870 | strategy_loss=1.2864 | relation_loss=0.0087 | anchor=0.0000 | train_emotion_acc=100.00% | train_strategy_f1=42.86% | train_relation_acc=100.00% | elapsed=4150s
[Stage3-KO(select_bank_en_merged_r16)] | step 940/1591 (59.1%) | loss=5.1336 | lm=2.0424 | strategy_loss=0.8414 | relation_loss=0.5225 | anchor=0.0000 | train_emotion_acc=100.00% | train_strategy_f1=33.33% | train_relation_acc=50.00% | elapsed=4194s
[Stage3-KO(select_bank_en_merged_r16)] | step 950/1591 (59.7%) | loss=4.6794 | lm=2.2040 | strategy_loss=0.4869 | relation_loss=0.7528 | anchor=0.0000 | train_emotion_acc=50.00% | train_strategy_f1=50.00% | train_relation_acc=50.00% | elapsed=4238s
[Stage3-KO(select_bank_en_merged_r16)] | step 960/1591 (60.3%) | loss=6.7502 | lm=2.7110 | strategy_loss=0.6805 | relation_loss=2.3967 | anchor=0.0000 | train_emotion_acc=100.00% | train_strategy_f1=40.00% | train_relation_acc=0.00% | elapsed=4282s
[Stage3-KO(select_bank_en_merged_r16)] | step 970/1591 (61.0%) | loss=4.5828 | lm=2.6997 | strategy_loss=0.5961 | relation_loss=0.0013 | anchor=0.0000 | train_emotion_acc=100.00% | train_strategy_f1=40.00% | train_relation_acc=100.00% | elapsed=4326s
[Stage3-KO(select_bank_en_merged_r16)] | step 980/1591 (61.6%) | loss=4.7024 | lm=2.4663 | strategy_loss=0.6328 | relation_loss=0.2598 | anchor=0.0000 | train_emotion_acc=100.00% | train_strategy_f1=50.00% | train_relation_acc=100.00% | elapsed=4369s
[Stage3-KO(select_bank_en_merged_r16)] | step 990/1591 (62.2%) | loss=5.4455 | lm=2.4203 | strategy_loss=0.8166 | relation_loss=0.2536 | anchor=0.0000 | train_emotion_acc=50.00% | train_strategy_f1=50.00% | train_relation_acc=100.00% | elapsed=4413s
[Stage3-KO(select_bank_en_merged_r16)] | step 1000/1591 (62.9%) | loss=6.6082 | lm=2.9206 | strategy_loss=0.6130 | relation_loss=1.7411 | anchor=0.0000 | train_emotion_acc=50.00% | train_strategy_f1=50.00% | train_relation_acc=50.00% | elapsed=4457s
[Stage3-KO(select_bank_en_merged_r16)] | step 1010/1591 (63.5%) | loss=6.1600 | lm=2.5871 | strategy_loss=0.8929 | relation_loss=0.6394 | anchor=0.0000 | train_emotion_acc=50.00% | train_strategy_f1=33.33% | train_relation_acc=50.00% | elapsed=4501s
[Stage3-KO(select_bank_en_merged_r16)] | step 1020/1591 (64.1%) | loss=4.7706 | lm=2.2686 | strategy_loss=0.7883 | relation_loss=0.0201 | anchor=0.0000 | train_emotion_acc=100.00% | train_strategy_f1=40.00% | train_relation_acc=100.00% | elapsed=4545s
[Stage3-KO(select_bank_en_merged_r16)] | step 1030/1591 (64.7%) | loss=3.9679 | lm=1.9520 | strategy_loss=0.6239 | relation_loss=0.0097 | anchor=0.0000 | train_emotion_acc=100.00% | train_strategy_f1=50.00% | train_relation_acc=100.00% | elapsed=4588s
[Stage3-KO(select_bank_en_merged_r16)] | step 1040/1591 (65.4%) | loss=4.8595 | lm=2.2534 | strategy_loss=0.6792 | relation_loss=0.0002 | anchor=0.0000 | train_emotion_acc=50.00% | train_strategy_f1=66.67% | train_relation_acc=100.00% | elapsed=4632s
[Stage3-KO(select_bank_en_merged_r16)] | step 1050/1591 (66.0%) | loss=5.3325 | lm=3.3237 | strategy_loss=0.5158 | relation_loss=0.2370 | anchor=0.0000 | train_emotion_acc=50.00% | train_strategy_f1=80.00% | train_relation_acc=100.00% | elapsed=4676s
[Stage3-KO(select_bank_en_merged_r16)] | step 1060/1591 (66.6%) | loss=6.1299 | lm=2.5050 | strategy_loss=1.1493 | relation_loss=0.0033 | anchor=0.0000 | train_emotion_acc=100.00% | train_strategy_f1=42.86% | train_relation_acc=100.00% | elapsed=4721s
[Stage3-KO(select_bank_en_merged_r16)] | step 1070/1591 (67.3%) | loss=7.8553 | lm=1.8542 | strategy_loss=0.8108 | relation_loss=4.0580 | anchor=0.0000 | train_emotion_acc=50.00% | train_strategy_f1=66.67% | train_relation_acc=50.00% | elapsed=4764s
[Stage3-KO(select_bank_en_merged_r16)] | step 1080/1591 (67.9%) | loss=3.6153 | lm=1.8365 | strategy_loss=0.5091 | relation_loss=0.2174 | anchor=0.0000 | train_emotion_acc=100.00% | train_strategy_f1=80.00% | train_relation_acc=100.00% | elapsed=4809s
[Stage3-KO(select_bank_en_merged_r16)] | step 1090/1591 (68.5%) | loss=5.2949 | lm=2.2854 | strategy_loss=0.9238 | relation_loss=0.0208 | anchor=0.0000 | train_emotion_acc=100.00% | train_strategy_f1=33.33% | train_relation_acc=100.00% | elapsed=4853s
[Stage3-KO(select_bank_en_merged_r16)] | step 1100/1591 (69.1%) | loss=5.5772 | lm=2.3363 | strategy_loss=1.0245 | relation_loss=0.0142 | anchor=0.0000 | train_emotion_acc=100.00% | train_strategy_f1=50.00% | train_relation_acc=100.00% | elapsed=4897s
[Stage3-KO(select_bank_en_merged_r16)] | step 1110/1591 (69.8%) | loss=4.2370 | lm=2.0247 | strategy_loss=0.7005 | relation_loss=0.0001 | anchor=0.0000 | train_emotion_acc=100.00% | train_strategy_f1=50.00% | train_relation_acc=100.00% | elapsed=4941s
[Stage3-KO(select_bank_en_merged_r16)] | step 1120/1591 (70.4%) | loss=7.0446 | lm=2.5234 | strategy_loss=1.0079 | relation_loss=1.5168 | anchor=0.0000 | train_emotion_acc=50.00% | train_strategy_f1=25.00% | train_relation_acc=50.00% | elapsed=4986s
[Stage3-KO(select_bank_en_merged_r16)] | step 1130/1591 (71.0%) | loss=4.9995 | lm=2.0116 | strategy_loss=0.7990 | relation_loss=0.4791 | anchor=0.0000 | train_emotion_acc=100.00% | train_strategy_f1=20.00% | train_relation_acc=50.00% | elapsed=5030s
[Stage3-KO(select_bank_en_merged_r16)] | step 1140/1591 (71.7%) | loss=5.4494 | lm=1.7784 | strategy_loss=1.0207 | relation_loss=0.0890 | anchor=0.0000 | train_emotion_acc=50.00% | train_strategy_f1=42.86% | train_relation_acc=100.00% | elapsed=5074s
[Stage3-KO(select_bank_en_merged_r16)] | step 1150/1591 (72.3%) | loss=7.1855 | lm=2.6107 | strategy_loss=0.8086 | relation_loss=2.5434 | anchor=0.0000 | train_emotion_acc=100.00% | train_strategy_f1=20.00% | train_relation_acc=50.00% | elapsed=5118s
[Stage3-KO(select_bank_en_merged_r16)] | step 1160/1591 (72.9%) | loss=4.1185 | lm=2.6308 | strategy_loss=0.4381 | relation_loss=0.1291 | anchor=0.0000 | train_emotion_acc=100.00% | train_strategy_f1=75.00% | train_relation_acc=100.00% | elapsed=5162s
[Stage3-KO(select_bank_en_merged_r16)] | step 1170/1591 (73.5%) | loss=4.6700 | lm=2.3156 | strategy_loss=0.6015 | relation_loss=0.0764 | anchor=0.0000 | train_emotion_acc=0.00% | train_strategy_f1=40.00% | train_relation_acc=100.00% | elapsed=5206s
[Stage3-KO(select_bank_en_merged_r16)] | step 1180/1591 (74.2%) | loss=4.9948 | lm=2.4101 | strategy_loss=0.7088 | relation_loss=0.4413 | anchor=0.0000 | train_emotion_acc=100.00% | train_strategy_f1=60.00% | train_relation_acc=50.00% | elapsed=5250s
[Stage3-KO(select_bank_en_merged_r16)] | step 1190/1591 (74.8%) | loss=4.7627 | lm=2.1022 | strategy_loss=0.8383 | relation_loss=0.0190 | anchor=0.0000 | train_emotion_acc=100.00% | train_strategy_f1=20.00% | train_relation_acc=100.00% | elapsed=5294s
[Stage3-KO(select_bank_en_merged_r16)] | step 1200/1591 (75.4%) | loss=5.4773 | lm=2.5820 | strategy_loss=0.8044 | relation_loss=0.2626 | anchor=0.0000 | train_emotion_acc=50.00% | train_strategy_f1=16.67% | train_relation_acc=100.00% | elapsed=5338s
[Stage3-KO(select_bank_en_merged_r16)] EVAL @1200 (valid) | EMOTION=91.50% | RELATION=97.50% | STRATEGY=68.03% | STRATEGY_HAMMING=64.75% | loss=4.7305 | lm_loss=2.2864 | emotion_loss=0.2391 | strategy_loss=0.7232 | relation_loss=0.1363
[Stage3-KO(select_bank_en_merged_r16)] | step 1210/1591 (76.1%) | loss=4.2460 | lm=1.9516 | strategy_loss=0.6087 | relation_loss=0.4704 | anchor=0.0000 | train_emotion_acc=100.00% | train_strategy_f1=80.00% | train_relation_acc=100.00% | elapsed=5399s
[Stage3-KO(select_bank_en_merged_r16)] | step 1220/1591 (76.7%) | loss=4.8387 | lm=2.5374 | strategy_loss=0.7136 | relation_loss=0.0668 | anchor=0.0000 | train_emotion_acc=100.00% | train_strategy_f1=50.00% | train_relation_acc=100.00% | elapsed=5443s
[Stage3-KO(select_bank_en_merged_r16)] | step 1230/1591 (77.3%) | loss=4.5280 | lm=1.9193 | strategy_loss=0.7696 | relation_loss=0.1928 | anchor=0.0000 | train_emotion_acc=100.00% | train_strategy_f1=25.00% | train_relation_acc=100.00% | elapsed=5487s
[Stage3-KO(select_bank_en_merged_r16)] | step 1240/1591 (77.9%) | loss=4.9679 | lm=2.5313 | strategy_loss=0.7183 | relation_loss=0.2049 | anchor=0.0000 | train_emotion_acc=100.00% | train_strategy_f1=20.00% | train_relation_acc=100.00% | elapsed=5531s
[Stage3-KO(select_bank_en_merged_r16)] | step 1250/1591 (78.6%) | loss=5.6405 | lm=2.3549 | strategy_loss=0.7630 | relation_loss=0.6304 | anchor=0.0000 | train_emotion_acc=50.00% | train_strategy_f1=40.00% | train_relation_acc=50.00% | elapsed=5575s
[Stage3-KO(select_bank_en_merged_r16)] | step 1260/1591 (79.2%) | loss=5.3758 | lm=2.7170 | strategy_loss=0.7651 | relation_loss=0.2960 | anchor=0.0000 | train_emotion_acc=100.00% | train_strategy_f1=66.67% | train_relation_acc=100.00% | elapsed=5620s
[Stage3-KO(select_bank_en_merged_r16)] | step 1270/1591 (79.8%) | loss=5.0848 | lm=2.7416 | strategy_loss=0.6814 | relation_loss=0.0592 | anchor=0.0000 | train_emotion_acc=100.00% | train_strategy_f1=50.00% | train_relation_acc=100.00% | elapsed=5664s
[Stage3-KO(select_bank_en_merged_r16)] | step 1280/1591 (80.5%) | loss=5.3740 | lm=2.0625 | strategy_loss=0.8801 | relation_loss=0.1389 | anchor=0.0000 | train_emotion_acc=50.00% | train_strategy_f1=40.00% | train_relation_acc=100.00% | elapsed=5709s
[Stage3-KO(select_bank_en_merged_r16)] | step 1290/1591 (81.1%) | loss=4.2956 | lm=2.4367 | strategy_loss=0.5778 | relation_loss=0.0030 | anchor=0.0000 | train_emotion_acc=100.00% | train_strategy_f1=40.00% | train_relation_acc=100.00% | elapsed=5753s
[Stage3-KO(select_bank_en_merged_r16)] | step 1300/1591 (81.7%) | loss=4.0568 | lm=1.7001 | strategy_loss=0.6772 | relation_loss=0.2656 | anchor=0.0000 | train_emotion_acc=100.00% | train_strategy_f1=33.33% | train_relation_acc=100.00% | elapsed=5798s
[Stage3-KO(select_bank_en_merged_r16)] | step 1310/1591 (82.3%) | loss=5.8631 | lm=2.1752 | strategy_loss=0.9421 | relation_loss=0.4974 | anchor=0.0000 | train_emotion_acc=50.00% | train_strategy_f1=20.00% | train_relation_acc=50.00% | elapsed=5841s
[Stage3-KO(select_bank_en_merged_r16)] | step 1320/1591 (83.0%) | loss=5.0628 | lm=2.1199 | strategy_loss=0.8537 | relation_loss=0.2615 | anchor=0.0000 | train_emotion_acc=100.00% | train_strategy_f1=66.67% | train_relation_acc=100.00% | elapsed=5886s
[Stage3-KO(select_bank_en_merged_r16)] | step 1330/1591 (83.6%) | loss=4.6921 | lm=2.6824 | strategy_loss=0.6337 | relation_loss=0.0005 | anchor=0.0000 | train_emotion_acc=100.00% | train_strategy_f1=75.00% | train_relation_acc=100.00% | elapsed=5929s
[Stage3-KO(select_bank_en_merged_r16)] | step 1340/1591 (84.2%) | loss=4.2732 | lm=1.9020 | strategy_loss=0.7401 | relation_loss=0.0303 | anchor=0.0000 | train_emotion_acc=100.00% | train_strategy_f1=50.00% | train_relation_acc=100.00% | elapsed=5974s
[Stage3-KO(select_bank_en_merged_r16)] | step 1350/1591 (84.9%) | loss=5.8099 | lm=2.4867 | strategy_loss=0.7202 | relation_loss=1.3122 | anchor=0.0000 | train_emotion_acc=100.00% | train_strategy_f1=66.67% | train_relation_acc=50.00% | elapsed=6017s
[Stage3-KO(select_bank_en_merged_r16)] | step 1360/1591 (85.5%) | loss=4.6602 | lm=1.6896 | strategy_loss=0.9419 | relation_loss=0.0007 | anchor=0.0000 | train_emotion_acc=100.00% | train_strategy_f1=33.33% | train_relation_acc=100.00% | elapsed=6062s
[Stage3-KO(select_bank_en_merged_r16)] | step 1370/1591 (86.1%) | loss=4.8045 | lm=1.8386 | strategy_loss=0.9239 | relation_loss=0.0153 | anchor=0.0000 | train_emotion_acc=100.00% | train_strategy_f1=57.14% | train_relation_acc=100.00% | elapsed=6106s
[Stage3-KO(select_bank_en_merged_r16)] | step 1380/1591 (86.7%) | loss=6.0711 | lm=2.4523 | strategy_loss=0.7515 | relation_loss=1.5131 | anchor=0.0000 | train_emotion_acc=100.00% | train_strategy_f1=0.00% | train_relation_acc=50.00% | elapsed=6150s
[Stage3-KO(select_bank_en_merged_r16)] | step 1390/1591 (87.4%) | loss=4.4592 | lm=2.4558 | strategy_loss=0.6059 | relation_loss=0.0775 | anchor=0.0000 | train_emotion_acc=100.00% | train_strategy_f1=60.00% | train_relation_acc=100.00% | elapsed=6194s
[Stage3-KO(select_bank_en_merged_r16)] | step 1400/1591 (88.0%) | loss=5.6440 | lm=2.3690 | strategy_loss=0.7996 | relation_loss=0.7502 | anchor=0.0000 | train_emotion_acc=50.00% | train_strategy_f1=33.33% | train_relation_acc=50.00% | elapsed=6238s
[Stage3-KO(select_bank_en_merged_r16)] | step 1410/1591 (88.6%) | loss=4.4791 | lm=2.9403 | strategy_loss=0.4660 | relation_loss=0.0027 | anchor=0.0000 | train_emotion_acc=100.00% | train_strategy_f1=66.67% | train_relation_acc=100.00% | elapsed=6282s
[Stage3-KO(select_bank_en_merged_r16)] | step 1420/1591 (89.3%) | loss=5.4474 | lm=2.3691 | strategy_loss=0.7273 | relation_loss=0.8895 | anchor=0.0000 | train_emotion_acc=100.00% | train_strategy_f1=60.00% | train_relation_acc=50.00% | elapsed=6326s
[Stage3-KO(select_bank_en_merged_r16)] | step 1430/1591 (89.9%) | loss=5.5420 | lm=1.8182 | strategy_loss=1.1321 | relation_loss=0.1035 | anchor=0.0000 | train_emotion_acc=100.00% | train_strategy_f1=33.33% | train_relation_acc=100.00% | elapsed=6370s
[Stage3-KO(select_bank_en_merged_r16)] | step 1440/1591 (90.5%) | loss=5.4401 | lm=2.7624 | strategy_loss=0.6539 | relation_loss=0.5560 | anchor=0.0000 | train_emotion_acc=50.00% | train_strategy_f1=50.00% | train_relation_acc=100.00% | elapsed=6414s
[Stage3-KO(select_bank_en_merged_r16)] | step 1450/1591 (91.1%) | loss=5.2254 | lm=2.4876 | strategy_loss=0.8203 | relation_loss=0.0100 | anchor=0.0000 | train_emotion_acc=100.00% | train_strategy_f1=16.67% | train_relation_acc=100.00% | elapsed=6457s
[Stage3-KO(select_bank_en_merged_r16)] | step 1460/1591 (91.8%) | loss=4.9392 | lm=2.1647 | strategy_loss=0.8603 | relation_loss=0.0164 | anchor=0.0000 | train_emotion_acc=100.00% | train_strategy_f1=40.00% | train_relation_acc=100.00% | elapsed=6501s
[Stage3-KO(select_bank_en_merged_r16)] | step 1470/1591 (92.4%) | loss=3.5634 | lm=1.9067 | strategy_loss=0.5036 | relation_loss=0.0136 | anchor=0.0000 | train_emotion_acc=100.00% | train_strategy_f1=75.00% | train_relation_acc=100.00% | elapsed=6545s
[Stage3-KO(select_bank_en_merged_r16)] | step 1480/1591 (93.0%) | loss=6.5167 | lm=2.9104 | strategy_loss=1.1184 | relation_loss=0.0029 | anchor=0.0000 | train_emotion_acc=100.00% | train_strategy_f1=28.57% | train_relation_acc=100.00% | elapsed=6588s
[Stage3-KO(select_bank_en_merged_r16)] | step 1490/1591 (93.7%) | loss=6.2411 | lm=2.8292 | strategy_loss=0.6630 | relation_loss=1.6370 | anchor=0.0000 | train_emotion_acc=100.00% | train_strategy_f1=40.00% | train_relation_acc=0.00% | elapsed=6633s
[Stage3-KO(select_bank_en_merged_r16)] | step 1500/1591 (94.3%) | loss=4.9268 | lm=2.8501 | strategy_loss=0.5851 | relation_loss=0.0416 | anchor=0.0000 | train_emotion_acc=50.00% | train_strategy_f1=50.00% | train_relation_acc=100.00% | elapsed=6677s
[Stage3-KO(select_bank_en_merged_r16)] | step 1510/1591 (94.9%) | loss=4.2299 | lm=2.0125 | strategy_loss=0.6188 | relation_loss=0.3309 | anchor=0.0000 | train_emotion_acc=100.00% | train_strategy_f1=40.00% | train_relation_acc=100.00% | elapsed=6721s
[Stage3-KO(select_bank_en_merged_r16)] | step 1520/1591 (95.5%) | loss=5.8888 | lm=2.9914 | strategy_loss=0.7326 | relation_loss=0.7458 | anchor=0.0000 | train_emotion_acc=100.00% | train_strategy_f1=50.00% | train_relation_acc=50.00% | elapsed=6765s
[Stage3-KO(select_bank_en_merged_r16)] | step 1530/1591 (96.2%) | loss=5.8017 | lm=3.2505 | strategy_loss=0.5792 | relation_loss=0.8657 | anchor=0.0000 | train_emotion_acc=100.00% | train_strategy_f1=40.00% | train_relation_acc=50.00% | elapsed=6809s
[Stage3-KO(select_bank_en_merged_r16)] | step 1540/1591 (96.8%) | loss=4.0492 | lm=2.3738 | strategy_loss=0.4966 | relation_loss=0.0853 | anchor=0.0000 | train_emotion_acc=100.00% | train_strategy_f1=40.00% | train_relation_acc=100.00% | elapsed=6853s
[Stage3-KO(select_bank_en_merged_r16)] | step 1550/1591 (97.4%) | loss=4.4010 | lm=2.0688 | strategy_loss=0.7060 | relation_loss=0.1123 | anchor=0.0000 | train_emotion_acc=100.00% | train_strategy_f1=50.00% | train_relation_acc=100.00% | elapsed=6896s
[Stage3-KO(select_bank_en_merged_r16)] | step 1560/1591 (98.1%) | loss=4.8698 | lm=2.3597 | strategy_loss=0.6602 | relation_loss=0.5450 | anchor=0.0000 | train_emotion_acc=100.00% | train_strategy_f1=60.00% | train_relation_acc=50.00% | elapsed=6941s
[Stage3-KO(select_bank_en_merged_r16)] | step 1570/1591 (98.7%) | loss=5.2207 | lm=2.2819 | strategy_loss=0.5939 | relation_loss=0.9491 | anchor=0.0000 | train_emotion_acc=50.00% | train_strategy_f1=75.00% | train_relation_acc=50.00% | elapsed=6984s
[Stage3-KO(select_bank_en_merged_r16)] | step 1580/1591 (99.3%) | loss=4.4674 | lm=2.4757 | strategy_loss=0.5832 | relation_loss=0.1882 | anchor=0.0000 | train_emotion_acc=100.00% | train_strategy_f1=40.00% | train_relation_acc=100.00% | elapsed=7029s
[Stage3-KO(select_bank_en_merged_r16)] | step 1590/1591 (99.9%) | loss=5.9457 | lm=2.4084 | strategy_loss=1.1136 | relation_loss=0.0014 | anchor=0.0000 | train_emotion_acc=100.00% | train_strategy_f1=50.00% | train_relation_acc=100.00% | elapsed=7072s
[Stage3-KO(select_bank_en_merged_r16)] FINAL | EMOTION=94.00% | RELATION=97.50% | STRATEGY=66.35% | STRATEGY_HAMMING=64.38%
[Stage3-KO(select_bank_en_merged_r16)] saved_to=/home/jbnu/jaehong/en-ko-empathy-lora/outputs/taffc/qwen/ablation/A2_no_two_pass/s42
[Stage3-KO(select_bank_en_merged_r16)] init_mode=select_bank_en_merged_r16
[Stage3-KO(select_bank_en_merged_r16)] vram_peak_gb=37.066
[Stage3-KO(select_bank_en_merged_r16)] steps=1591
[Stage3-KO(select_bank_en_merged_r16)] progress -> /home/jbnu/jaehong/en-ko-empathy-lora/outputs/taffc/qwen/ablation/A2_no_two_pass/s42/progress.json
[TRAIN] outputs/taffc/qwen/ablation/A3_no_gate/s42 seed=42
device=cuda
cuda_device=NVIDIA L40S
train=25456 valid=3182 A=6 S=4 R=7 strategy_scope=utterance
Warning: You are sending unauthenticated requests to the HF Hub. Please set a HF_TOKEN to enable higher rate limits and faster downloads.
EN replay: every 4 KO steps, n=17788
Fetching 4 files:   0%|          | 0/4 [00:00<?, ?it/s]Fetching 4 files: 100%|██████████| 4/4 [00:00<00:00, 24929.00it/s]
[transformers] The fast path is not available because one of the required library is not installed. Falling back to torch implementation. To install follow https://github.com/fla-org/flash-linear-attention#installation and https://github.com/Dao-AILab/causal-conv1d
Loading weights:   0%|          | 0/427 [00:00<?, ?it/s]Loading weights: 100%|██████████| 427/427 [00:00<00:00, 8771.86it/s]
bitsandbytes library load error: Configured CUDA binary not found at /home/jbnu/jupyter-env/lib/python3.12/site-packages/bitsandbytes/libbitsandbytes_cuda130.so
 If you are using Intel CPU/XPU, please install intel_extension_for_pytorch to enable required ops
Traceback (most recent call last):
  File "/home/jbnu/jupyter-env/lib/python3.12/site-packages/bitsandbytes/cextension.py", line 318, in <module>
    lib = get_native_library()
          ^^^^^^^^^^^^^^^^^^^^
  File "/home/jbnu/jupyter-env/lib/python3.12/site-packages/bitsandbytes/cextension.py", line 282, in get_native_library
    raise RuntimeError(f"Configured {BNB_BACKEND} binary not found at {cuda_binary_path}")
RuntimeError: Configured CUDA binary not found at /home/jbnu/jupyter-env/lib/python3.12/site-packages/bitsandbytes/libbitsandbytes_cuda130.so
lora_init_mode=select_bank_en_merged_r16
gates={'affect': 'share', 'strategy': 'relearn', 'relation': 'relearn', 'culture': 'suppress'}
strategy_pos_weight=[1.7157411575317383, 1.7157411575317383, 1.7157411575317383, 1.7157411575317383]
loss_weights emotion=0.350 strategy=1.800 relation=0.450 gate_conditioned=False curriculum=False
two_pass_affect=True
LoRA anchor enabled weight=0.04 n_params=64
lr_lora=7.5e-05 lr_head=0.00015 freeze_lora=False trainable=20,783,121
[Stage3-KO(select_bank_en_merged_r16)] model=Qwen/Qwen3.5-9B train=25456 valid=3182 init=select_bank_en_merged_r16 steps≈1591 S=multilabel gates={'affect': 'share', 'strategy': 'relearn', 'relation': 'relearn', 'culture': 'suppress'}
[Stage3-KO(select_bank_en_merged_r16)] | step 1/1591 (0.1%) | loss=6.6598 | lm=3.4505 | strategy_loss=0.8085 | relation_loss=2.2490 | anchor=0.0000 | train_emotion_acc=0.00% | train_strategy_f1=50.00% | train_relation_acc=0.00% | elapsed=6s
[Stage3-KO(select_bank_en_merged_r16)] | step 10/1591 (0.6%) | loss=5.4062 | lm=2.6643 | strategy_loss=0.6719 | relation_loss=1.9378 | anchor=0.0000 | train_emotion_acc=0.00% | train_strategy_f1=40.00% | train_relation_acc=0.00% | elapsed=57s
[Stage3-KO(select_bank_en_merged_r16)] | step 20/1591 (1.3%) | loss=6.6078 | lm=2.5707 | strategy_loss=1.4834 | relation_loss=1.7148 | anchor=0.0000 | train_emotion_acc=50.00% | train_strategy_f1=40.00% | train_relation_acc=50.00% | elapsed=114s
[Stage3-KO(select_bank_en_merged_r16)] | step 30/1591 (1.9%) | loss=5.4592 | lm=2.4348 | strategy_loss=0.9377 | relation_loss=1.6135 | anchor=0.0000 | train_emotion_acc=50.00% | train_strategy_f1=40.00% | train_relation_acc=0.00% | elapsed=170s
[Stage3-KO(select_bank_en_merged_r16)] | step 40/1591 (2.5%) | loss=4.6450 | lm=2.1637 | strategy_loss=0.7031 | relation_loss=1.7789 | anchor=0.0000 | train_emotion_acc=100.00% | train_strategy_f1=60.00% | train_relation_acc=50.00% | elapsed=227s
[Stage3-KO(select_bank_en_merged_r16)] | step 50/1591 (3.1%) | loss=4.0882 | lm=2.1752 | strategy_loss=0.6207 | relation_loss=0.9517 | anchor=0.0000 | train_emotion_acc=50.00% | train_strategy_f1=33.33% | train_relation_acc=100.00% | elapsed=284s
[Stage3-KO(select_bank_en_merged_r16)] | step 60/1591 (3.8%) | loss=5.2016 | lm=3.3804 | strategy_loss=0.5677 | relation_loss=1.5693 | anchor=0.0000 | train_emotion_acc=100.00% | train_strategy_f1=60.00% | train_relation_acc=50.00% | elapsed=341s
[Stage3-KO(select_bank_en_merged_r16)] | step 70/1591 (4.4%) | loss=4.7223 | lm=2.3267 | strategy_loss=0.8516 | relation_loss=1.2089 | anchor=0.0000 | train_emotion_acc=50.00% | train_strategy_f1=16.67% | train_relation_acc=50.00% | elapsed=398s
[Stage3-KO(select_bank_en_merged_r16)] | step 80/1591 (5.0%) | loss=4.5379 | lm=2.4748 | strategy_loss=0.8241 | relation_loss=0.6156 | anchor=0.0000 | train_emotion_acc=50.00% | train_strategy_f1=40.00% | train_relation_acc=100.00% | elapsed=456s
[Stage3-KO(select_bank_en_merged_r16)] | step 90/1591 (5.7%) | loss=4.5628 | lm=2.4628 | strategy_loss=0.6178 | relation_loss=1.7702 | anchor=0.0000 | train_emotion_acc=100.00% | train_strategy_f1=50.00% | train_relation_acc=50.00% | elapsed=513s
[Stage3-KO(select_bank_en_merged_r16)] | step 100/1591 (6.3%) | loss=4.8011 | lm=2.2997 | strategy_loss=0.8773 | relation_loss=1.0846 | anchor=0.0000 | train_emotion_acc=50.00% | train_strategy_f1=33.33% | train_relation_acc=100.00% | elapsed=570s
[Stage3-KO(select_bank_en_merged_r16)] | step 110/1591 (6.9%) | loss=4.7550 | lm=2.5864 | strategy_loss=1.0277 | relation_loss=0.0653 | anchor=0.0000 | train_emotion_acc=50.00% | train_strategy_f1=33.33% | train_relation_acc=100.00% | elapsed=627s
[Stage3-KO(select_bank_en_merged_r16)] | step 120/1591 (7.5%) | loss=4.7244 | lm=2.6155 | strategy_loss=0.8067 | relation_loss=1.0415 | anchor=0.0000 | train_emotion_acc=50.00% | train_strategy_f1=40.00% | train_relation_acc=50.00% | elapsed=684s
[Stage3-KO(select_bank_en_merged_r16)] | step 130/1591 (8.2%) | loss=3.5233 | lm=2.2654 | strategy_loss=0.4916 | relation_loss=0.0593 | anchor=0.0000 | train_emotion_acc=50.00% | train_strategy_f1=40.00% | train_relation_acc=100.00% | elapsed=742s
[Stage3-KO(select_bank_en_merged_r16)] | step 140/1591 (8.8%) | loss=4.4378 | lm=2.2198 | strategy_loss=0.9979 | relation_loss=0.7990 | anchor=0.0000 | train_emotion_acc=100.00% | train_strategy_f1=40.00% | train_relation_acc=50.00% | elapsed=799s
[Stage3-KO(select_bank_en_merged_r16)] | step 150/1591 (9.4%) | loss=4.3431 | lm=2.9200 | strategy_loss=0.5978 | relation_loss=0.1305 | anchor=0.0000 | train_emotion_acc=50.00% | train_strategy_f1=40.00% | train_relation_acc=100.00% | elapsed=855s
[Stage3-KO(select_bank_en_merged_r16)] | step 160/1591 (10.1%) | loss=6.0929 | lm=2.4524 | strategy_loss=1.1973 | relation_loss=2.9148 | anchor=0.0000 | train_emotion_acc=100.00% | train_strategy_f1=14.29% | train_relation_acc=0.00% | elapsed=913s
[Stage3-KO(select_bank_en_merged_r16)] | step 170/1591 (10.7%) | loss=4.4738 | lm=2.6477 | strategy_loss=0.8733 | relation_loss=0.2886 | anchor=0.0000 | train_emotion_acc=100.00% | train_strategy_f1=16.67% | train_relation_acc=100.00% | elapsed=970s
[Stage3-KO(select_bank_en_merged_r16)] | step 180/1591 (11.3%) | loss=4.1130 | lm=2.4980 | strategy_loss=0.6949 | relation_loss=0.6672 | anchor=0.0000 | train_emotion_acc=100.00% | train_strategy_f1=40.00% | train_relation_acc=50.00% | elapsed=1027s
[Stage3-KO(select_bank_en_merged_r16)] | step 190/1591 (11.9%) | loss=4.8185 | lm=2.7392 | strategy_loss=0.5862 | relation_loss=2.2038 | anchor=0.0000 | train_emotion_acc=100.00% | train_strategy_f1=50.00% | train_relation_acc=50.00% | elapsed=1083s
[Stage3-KO(select_bank_en_merged_r16)] | step 200/1591 (12.6%) | loss=3.9680 | lm=2.3430 | strategy_loss=0.6616 | relation_loss=0.0876 | anchor=0.0000 | train_emotion_acc=100.00% | train_strategy_f1=60.00% | train_relation_acc=100.00% | elapsed=1141s
[Stage3-KO(select_bank_en_merged_r16)] | step 210/1591 (13.2%) | loss=3.3224 | lm=1.9625 | strategy_loss=0.6509 | relation_loss=0.1224 | anchor=0.0000 | train_emotion_acc=100.00% | train_strategy_f1=60.00% | train_relation_acc=100.00% | elapsed=1198s
[Stage3-KO(select_bank_en_merged_r16)] | step 220/1591 (13.8%) | loss=4.4643 | lm=2.4298 | strategy_loss=0.7096 | relation_loss=0.9105 | anchor=0.0000 | train_emotion_acc=50.00% | train_strategy_f1=40.00% | train_relation_acc=0.00% | elapsed=1255s
[Stage3-KO(select_bank_en_merged_r16)] | step 230/1591 (14.5%) | loss=4.7300 | lm=2.8985 | strategy_loss=0.8220 | relation_loss=0.6384 | anchor=0.0000 | train_emotion_acc=100.00% | train_strategy_f1=20.00% | train_relation_acc=50.00% | elapsed=1312s
[Stage3-KO(select_bank_en_merged_r16)] | step 240/1591 (15.1%) | loss=4.2914 | lm=2.2525 | strategy_loss=0.7727 | relation_loss=0.7883 | anchor=0.0000 | train_emotion_acc=100.00% | train_strategy_f1=50.00% | train_relation_acc=50.00% | elapsed=1369s
[Stage3-KO(select_bank_en_merged_r16)] | step 250/1591 (15.7%) | loss=4.7836 | lm=2.7566 | strategy_loss=0.7799 | relation_loss=1.3318 | anchor=0.0000 | train_emotion_acc=100.00% | train_strategy_f1=66.67% | train_relation_acc=50.00% | elapsed=1426s
[Stage3-KO(select_bank_en_merged_r16)] | step 260/1591 (16.3%) | loss=4.2577 | lm=2.3516 | strategy_loss=0.6399 | relation_loss=1.0672 | anchor=0.0000 | train_emotion_acc=50.00% | train_strategy_f1=60.00% | train_relation_acc=50.00% | elapsed=1484s
[Stage3-KO(select_bank_en_merged_r16)] | step 270/1591 (17.0%) | loss=4.4668 | lm=2.6980 | strategy_loss=0.8065 | relation_loss=0.4970 | anchor=0.0000 | train_emotion_acc=100.00% | train_strategy_f1=50.00% | train_relation_acc=50.00% | elapsed=1541s
[Stage3-KO(select_bank_en_merged_r16)] | step 280/1591 (17.6%) | loss=3.9076 | lm=2.6578 | strategy_loss=0.6527 | relation_loss=0.1339 | anchor=0.0000 | train_emotion_acc=100.00% | train_strategy_f1=60.00% | train_relation_acc=100.00% | elapsed=1598s
[Stage3-KO(select_bank_en_merged_r16)] | step 290/1591 (18.2%) | loss=5.2630 | lm=2.7078 | strategy_loss=0.6057 | relation_loss=2.1426 | anchor=0.0000 | train_emotion_acc=0.00% | train_strategy_f1=66.67% | train_relation_acc=50.00% | elapsed=1656s
[Stage3-KO(select_bank_en_merged_r16)] | step 300/1591 (18.9%) | loss=4.5422 | lm=2.5980 | strategy_loss=0.7776 | relation_loss=0.1231 | anchor=0.0000 | train_emotion_acc=50.00% | train_strategy_f1=33.33% | train_relation_acc=100.00% | elapsed=1713s
[Stage3-KO(select_bank_en_merged_r16)] | step 310/1591 (19.5%) | loss=4.1799 | lm=2.5420 | strategy_loss=0.6385 | relation_loss=0.8837 | anchor=0.0000 | train_emotion_acc=100.00% | train_strategy_f1=50.00% | train_relation_acc=50.00% | elapsed=1770s
[Stage3-KO(select_bank_en_merged_r16)] | step 320/1591 (20.1%) | loss=3.5318 | lm=2.1672 | strategy_loss=0.5164 | relation_loss=0.5904 | anchor=0.0000 | train_emotion_acc=100.00% | train_strategy_f1=60.00% | train_relation_acc=50.00% | elapsed=1828s
[Stage3-KO(select_bank_en_merged_r16)] | step 330/1591 (20.7%) | loss=5.5375 | lm=3.0951 | strategy_loss=0.5899 | relation_loss=1.8348 | anchor=0.0000 | train_emotion_acc=50.00% | train_strategy_f1=50.00% | train_relation_acc=50.00% | elapsed=1884s
[Stage3-KO(select_bank_en_merged_r16)] | step 340/1591 (21.4%) | loss=3.7254 | lm=2.0849 | strategy_loss=0.6441 | relation_loss=0.0297 | anchor=0.0000 | train_emotion_acc=50.00% | train_strategy_f1=80.00% | train_relation_acc=100.00% | elapsed=1942s
[Stage3-KO(select_bank_en_merged_r16)] | step 350/1591 (22.0%) | loss=3.5273 | lm=2.0102 | strategy_loss=0.6790 | relation_loss=0.3361 | anchor=0.0000 | train_emotion_acc=100.00% | train_strategy_f1=50.00% | train_relation_acc=100.00% | elapsed=1999s
[Stage3-KO(select_bank_en_merged_r16)] | step 360/1591 (22.6%) | loss=4.5225 | lm=2.3785 | strategy_loss=1.0959 | relation_loss=0.0025 | anchor=0.0000 | train_emotion_acc=50.00% | train_strategy_f1=50.00% | train_relation_acc=100.00% | elapsed=2056s
[Stage3-KO(select_bank_en_merged_r16)] | step 370/1591 (23.3%) | loss=4.2362 | lm=1.9039 | strategy_loss=1.2084 | relation_loss=0.0009 | anchor=0.0000 | train_emotion_acc=100.00% | train_strategy_f1=14.29% | train_relation_acc=100.00% | elapsed=2113s
[Stage3-KO(select_bank_en_merged_r16)] | step 380/1591 (23.9%) | loss=3.5945 | lm=2.2147 | strategy_loss=0.6014 | relation_loss=0.4127 | anchor=0.0000 | train_emotion_acc=100.00% | train_strategy_f1=80.00% | train_relation_acc=100.00% | elapsed=2170s
[Stage3-KO(select_bank_en_merged_r16)] | step 390/1591 (24.5%) | loss=4.4043 | lm=2.5528 | strategy_loss=0.6949 | relation_loss=1.2740 | anchor=0.0000 | train_emotion_acc=100.00% | train_strategy_f1=60.00% | train_relation_acc=50.00% | elapsed=2227s
[Stage3-KO(select_bank_en_merged_r16)] | step 400/1591 (25.1%) | loss=3.9390 | lm=2.1346 | strategy_loss=0.6318 | relation_loss=0.8315 | anchor=0.0000 | train_emotion_acc=50.00% | train_strategy_f1=40.00% | train_relation_acc=50.00% | elapsed=2285s
[Stage3-KO(select_bank_en_merged_r16)] EVAL @400 (valid) | EMOTION=82.50% | RELATION=94.00% | STRATEGY=66.83% | STRATEGY_HAMMING=65.38% | loss=4.0016 | lm_loss=2.3729 | emotion_loss=0.5547 | strategy_loss=0.7383 | relation_loss=0.2346
[Stage3-KO(select_bank_en_merged_r16)] | step 410/1591 (25.8%) | loss=5.0907 | lm=2.8187 | strategy_loss=0.5685 | relation_loss=1.7527 | anchor=0.0000 | train_emotion_acc=50.00% | train_strategy_f1=60.00% | train_relation_acc=50.00% | elapsed=2376s
[Stage3-KO(select_bank_en_merged_r16)] | step 420/1591 (26.4%) | loss=3.5716 | lm=2.5681 | strategy_loss=0.5115 | relation_loss=0.1468 | anchor=0.0000 | train_emotion_acc=100.00% | train_strategy_f1=50.00% | train_relation_acc=100.00% | elapsed=2434s
[Stage3-KO(select_bank_en_merged_r16)] | step 430/1591 (27.0%) | loss=4.7129 | lm=2.8128 | strategy_loss=0.6501 | relation_loss=0.5334 | anchor=0.0000 | train_emotion_acc=50.00% | train_strategy_f1=40.00% | train_relation_acc=50.00% | elapsed=2490s
[Stage3-KO(select_bank_en_merged_r16)] | step 440/1591 (27.7%) | loss=3.8320 | lm=1.9662 | strategy_loss=0.6819 | relation_loss=1.0426 | anchor=0.0000 | train_emotion_acc=100.00% | train_strategy_f1=50.00% | train_relation_acc=50.00% | elapsed=2548s
[Stage3-KO(select_bank_en_merged_r16)] | step 450/1591 (28.3%) | loss=4.2817 | lm=3.0833 | strategy_loss=0.4795 | relation_loss=0.6034 | anchor=0.0000 | train_emotion_acc=100.00% | train_strategy_f1=50.00% | train_relation_acc=100.00% | elapsed=2604s
[Stage3-KO(select_bank_en_merged_r16)] | step 460/1591 (28.9%) | loss=3.9989 | lm=2.2935 | strategy_loss=0.8291 | relation_loss=0.0734 | anchor=0.0000 | train_emotion_acc=100.00% | train_strategy_f1=20.00% | train_relation_acc=100.00% | elapsed=2661s
[Stage3-KO(select_bank_en_merged_r16)] | step 470/1591 (29.5%) | loss=3.8965 | lm=1.9455 | strategy_loss=0.6034 | relation_loss=1.6721 | anchor=0.0000 | train_emotion_acc=100.00% | train_strategy_f1=40.00% | train_relation_acc=50.00% | elapsed=2718s
[Stage3-KO(select_bank_en_merged_r16)] | step 480/1591 (30.2%) | loss=3.0577 | lm=1.8184 | strategy_loss=0.5654 | relation_loss=0.0826 | anchor=0.0000 | train_emotion_acc=100.00% | train_strategy_f1=75.00% | train_relation_acc=100.00% | elapsed=2775s
[Stage3-KO(select_bank_en_merged_r16)] | step 490/1591 (30.8%) | loss=4.0107 | lm=2.2115 | strategy_loss=0.6297 | relation_loss=0.8924 | anchor=0.0000 | train_emotion_acc=100.00% | train_strategy_f1=40.00% | train_relation_acc=0.00% | elapsed=2832s
[Stage3-KO(select_bank_en_merged_r16)] | step 500/1591 (31.4%) | loss=3.9032 | lm=2.2006 | strategy_loss=0.9096 | relation_loss=0.0162 | anchor=0.0000 | train_emotion_acc=100.00% | train_strategy_f1=20.00% | train_relation_acc=100.00% | elapsed=2890s
[Stage3-KO(select_bank_en_merged_r16)] | step 510/1591 (32.1%) | loss=3.0227 | lm=2.1150 | strategy_loss=0.4452 | relation_loss=0.2226 | anchor=0.0000 | train_emotion_acc=100.00% | train_strategy_f1=50.00% | train_relation_acc=100.00% | elapsed=2946s
[Stage3-KO(select_bank_en_merged_r16)] | step 520/1591 (32.7%) | loss=4.1095 | lm=2.3785 | strategy_loss=0.6132 | relation_loss=0.7764 | anchor=0.0000 | train_emotion_acc=50.00% | train_strategy_f1=66.67% | train_relation_acc=100.00% | elapsed=3004s
[Stage3-KO(select_bank_en_merged_r16)] | step 530/1591 (33.3%) | loss=3.8128 | lm=2.1372 | strategy_loss=0.7779 | relation_loss=0.5007 | anchor=0.0000 | train_emotion_acc=100.00% | train_strategy_f1=40.00% | train_relation_acc=50.00% | elapsed=3062s
[Stage3-KO(select_bank_en_merged_r16)] | step 540/1591 (33.9%) | loss=3.7267 | lm=1.7487 | strategy_loss=0.7087 | relation_loss=0.5803 | anchor=0.0000 | train_emotion_acc=50.00% | train_strategy_f1=33.33% | train_relation_acc=50.00% | elapsed=3120s
[Stage3-KO(select_bank_en_merged_r16)] | step 550/1591 (34.6%) | loss=3.2551 | lm=1.5325 | strategy_loss=0.8332 | relation_loss=0.1125 | anchor=0.0000 | train_emotion_acc=100.00% | train_strategy_f1=33.33% | train_relation_acc=100.00% | elapsed=3177s
[Stage3-KO(select_bank_en_merged_r16)] | step 560/1591 (35.2%) | loss=3.4311 | lm=2.3008 | strategy_loss=0.6048 | relation_loss=0.0129 | anchor=0.0000 | train_emotion_acc=100.00% | train_strategy_f1=60.00% | train_relation_acc=100.00% | elapsed=3234s
[Stage3-KO(select_bank_en_merged_r16)] | step 570/1591 (35.8%) | loss=3.8587 | lm=2.5048 | strategy_loss=0.7124 | relation_loss=0.0201 | anchor=0.0000 | train_emotion_acc=100.00% | train_strategy_f1=40.00% | train_relation_acc=100.00% | elapsed=3291s
[Stage3-KO(select_bank_en_merged_r16)] | step 580/1591 (36.5%) | loss=5.5774 | lm=2.9617 | strategy_loss=1.2254 | relation_loss=0.3215 | anchor=0.0000 | train_emotion_acc=50.00% | train_strategy_f1=28.57% | train_relation_acc=100.00% | elapsed=3348s
[Stage3-KO(select_bank_en_merged_r16)] | step 590/1591 (37.1%) | loss=5.4859 | lm=3.2960 | strategy_loss=0.9355 | relation_loss=0.9732 | anchor=0.0000 | train_emotion_acc=100.00% | train_strategy_f1=33.33% | train_relation_acc=50.00% | elapsed=3405s
[Stage3-KO(select_bank_en_merged_r16)] | step 600/1591 (37.7%) | loss=3.4763 | lm=2.1338 | strategy_loss=0.6723 | relation_loss=0.0020 | anchor=0.0000 | train_emotion_acc=100.00% | train_strategy_f1=60.00% | train_relation_acc=100.00% | elapsed=3462s
[Stage3-KO(select_bank_en_merged_r16)] | step 610/1591 (38.3%) | loss=4.1496 | lm=2.2160 | strategy_loss=0.8735 | relation_loss=0.7521 | anchor=0.0000 | train_emotion_acc=100.00% | train_strategy_f1=50.00% | train_relation_acc=50.00% | elapsed=3520s
[Stage3-KO(select_bank_en_merged_r16)] | step 620/1591 (39.0%) | loss=3.7063 | lm=2.3693 | strategy_loss=0.6963 | relation_loss=0.1410 | anchor=0.0000 | train_emotion_acc=100.00% | train_strategy_f1=25.00% | train_relation_acc=100.00% | elapsed=3577s
[Stage3-KO(select_bank_en_merged_r16)] | step 630/1591 (39.6%) | loss=4.7043 | lm=2.5148 | strategy_loss=1.1491 | relation_loss=0.0790 | anchor=0.0000 | train_emotion_acc=100.00% | train_strategy_f1=42.86% | train_relation_acc=100.00% | elapsed=3634s
[Stage3-KO(select_bank_en_merged_r16)] | step 640/1591 (40.2%) | loss=4.6950 | lm=3.1794 | strategy_loss=0.7153 | relation_loss=0.1483 | anchor=0.0000 | train_emotion_acc=100.00% | train_strategy_f1=60.00% | train_relation_acc=100.00% | elapsed=3691s
[Stage3-KO(select_bank_en_merged_r16)] | step 650/1591 (40.9%) | loss=3.4931 | lm=2.3781 | strategy_loss=0.5928 | relation_loss=0.0143 | anchor=0.0000 | train_emotion_acc=100.00% | train_strategy_f1=60.00% | train_relation_acc=100.00% | elapsed=3748s
[Stage3-KO(select_bank_en_merged_r16)] | step 660/1591 (41.5%) | loss=4.0288 | lm=2.4170 | strategy_loss=0.5825 | relation_loss=1.2364 | anchor=0.0000 | train_emotion_acc=100.00% | train_strategy_f1=100.00% | train_relation_acc=50.00% | elapsed=3804s
[Stage3-KO(select_bank_en_merged_r16)] | step 670/1591 (42.1%) | loss=3.5515 | lm=2.1874 | strategy_loss=0.6286 | relation_loss=0.4244 | anchor=0.0000 | train_emotion_acc=100.00% | train_strategy_f1=60.00% | train_relation_acc=50.00% | elapsed=3861s
[Stage3-KO(select_bank_en_merged_r16)] | step 680/1591 (42.7%) | loss=3.5611 | lm=2.2737 | strategy_loss=0.6621 | relation_loss=0.0197 | anchor=0.0000 | train_emotion_acc=100.00% | train_strategy_f1=50.00% | train_relation_acc=100.00% | elapsed=3918s
[Stage3-KO(select_bank_en_merged_r16)] | step 690/1591 (43.4%) | loss=4.5659 | lm=2.6884 | strategy_loss=0.6926 | relation_loss=0.9114 | anchor=0.0000 | train_emotion_acc=100.00% | train_strategy_f1=50.00% | train_relation_acc=50.00% | elapsed=3975s
[Stage3-KO(select_bank_en_merged_r16)] | step 700/1591 (44.0%) | loss=4.0115 | lm=2.5495 | strategy_loss=0.5770 | relation_loss=0.1847 | anchor=0.0000 | train_emotion_acc=50.00% | train_strategy_f1=75.00% | train_relation_acc=100.00% | elapsed=4033s
[Stage3-KO(select_bank_en_merged_r16)] | step 710/1591 (44.6%) | loss=3.1535 | lm=1.9595 | strategy_loss=0.6385 | relation_loss=0.0545 | anchor=0.0000 | train_emotion_acc=100.00% | train_strategy_f1=50.00% | train_relation_acc=100.00% | elapsed=4090s
[Stage3-KO(select_bank_en_merged_r16)] | step 720/1591 (45.3%) | loss=4.3683 | lm=2.8551 | strategy_loss=0.4909 | relation_loss=0.2726 | anchor=0.0000 | train_emotion_acc=50.00% | train_strategy_f1=50.00% | train_relation_acc=100.00% | elapsed=4147s
[Stage3-KO(select_bank_en_merged_r16)] | step 730/1591 (45.9%) | loss=3.9140 | lm=2.4420 | strategy_loss=0.7670 | relation_loss=0.1860 | anchor=0.0000 | train_emotion_acc=100.00% | train_strategy_f1=40.00% | train_relation_acc=100.00% | elapsed=4203s
[Stage3-KO(select_bank_en_merged_r16)] | step 740/1591 (46.5%) | loss=4.1849 | lm=2.3983 | strategy_loss=0.6958 | relation_loss=0.4919 | anchor=0.0000 | train_emotion_acc=50.00% | train_strategy_f1=33.33% | train_relation_acc=50.00% | elapsed=4261s
[Stage3-KO(select_bank_en_merged_r16)] | step 750/1591 (47.1%) | loss=4.0946 | lm=2.4824 | strategy_loss=0.7167 | relation_loss=0.6662 | anchor=0.0000 | train_emotion_acc=100.00% | train_strategy_f1=80.00% | train_relation_acc=50.00% | elapsed=4318s
[Stage3-KO(select_bank_en_merged_r16)] | step 760/1591 (47.8%) | loss=3.5168 | lm=1.9485 | strategy_loss=0.6789 | relation_loss=0.4805 | anchor=0.0000 | train_emotion_acc=100.00% | train_strategy_f1=66.67% | train_relation_acc=50.00% | elapsed=4375s
[Stage3-KO(select_bank_en_merged_r16)] | step 770/1591 (48.4%) | loss=3.6503 | lm=2.4151 | strategy_loss=0.6445 | relation_loss=0.0132 | anchor=0.0000 | train_emotion_acc=100.00% | train_strategy_f1=50.00% | train_relation_acc=100.00% | elapsed=4432s
[Stage3-KO(select_bank_en_merged_r16)] | step 780/1591 (49.0%) | loss=4.2349 | lm=2.6163 | strategy_loss=0.5814 | relation_loss=1.1202 | anchor=0.0000 | train_emotion_acc=100.00% | train_strategy_f1=60.00% | train_relation_acc=50.00% | elapsed=4489s
[Stage3-KO(select_bank_en_merged_r16)] | step 790/1591 (49.7%) | loss=4.0746 | lm=2.5902 | strategy_loss=0.8146 | relation_loss=0.0017 | anchor=0.0000 | train_emotion_acc=100.00% | train_strategy_f1=33.33% | train_relation_acc=100.00% | elapsed=4546s
[Stage3-KO(select_bank_en_merged_r16)] | step 800/1591 (50.3%) | loss=4.3663 | lm=2.3119 | strategy_loss=0.8844 | relation_loss=0.3014 | anchor=0.0000 | train_emotion_acc=50.00% | train_strategy_f1=50.00% | train_relation_acc=100.00% | elapsed=4603s
[Stage3-KO(select_bank_en_merged_r16)] EVAL @800 (valid) | EMOTION=89.50% | RELATION=96.00% | STRATEGY=65.34% | STRATEGY_HAMMING=63.00% | loss=3.8390 | lm_loss=2.3014 | emotion_loss=0.3775 | strategy_loss=0.7355 | relation_loss=0.1811
[Stage3-KO(select_bank_en_merged_r16)] | step 810/1591 (50.9%) | loss=3.7187 | lm=2.0094 | strategy_loss=0.5763 | relation_loss=0.7621 | anchor=0.0000 | train_emotion_acc=50.00% | train_strategy_f1=40.00% | train_relation_acc=50.00% | elapsed=4694s
[Stage3-KO(select_bank_en_merged_r16)] | step 820/1591 (51.5%) | loss=4.3483 | lm=2.7538 | strategy_loss=0.7886 | relation_loss=0.3660 | anchor=0.0000 | train_emotion_acc=100.00% | train_strategy_f1=33.33% | train_relation_acc=100.00% | elapsed=4751s
[Stage3-KO(select_bank_en_merged_r16)] | step 830/1591 (52.2%) | loss=4.1567 | lm=2.2752 | strategy_loss=0.6519 | relation_loss=1.3860 | anchor=0.0000 | train_emotion_acc=100.00% | train_strategy_f1=60.00% | train_relation_acc=50.00% | elapsed=4808s
[Stage3-KO(select_bank_en_merged_r16)] | step 840/1591 (52.8%) | loss=3.9229 | lm=2.5570 | strategy_loss=0.7392 | relation_loss=0.0016 | anchor=0.0000 | train_emotion_acc=100.00% | train_strategy_f1=50.00% | train_relation_acc=100.00% | elapsed=4866s
[Stage3-KO(select_bank_en_merged_r16)] | step 850/1591 (53.4%) | loss=4.8441 | lm=2.5430 | strategy_loss=1.2464 | relation_loss=0.0541 | anchor=0.0000 | train_emotion_acc=100.00% | train_strategy_f1=28.57% | train_relation_acc=100.00% | elapsed=4922s
[Stage3-KO(select_bank_en_merged_r16)] | step 860/1591 (54.1%) | loss=4.5325 | lm=1.5723 | strategy_loss=0.7603 | relation_loss=2.0509 | anchor=0.0000 | train_emotion_acc=50.00% | train_strategy_f1=20.00% | train_relation_acc=50.00% | elapsed=4980s
[Stage3-KO(select_bank_en_merged_r16)] | step 870/1591 (54.7%) | loss=4.4373 | lm=2.3518 | strategy_loss=0.9514 | relation_loss=0.6956 | anchor=0.0000 | train_emotion_acc=100.00% | train_strategy_f1=33.33% | train_relation_acc=50.00% | elapsed=5037s
[Stage3-KO(select_bank_en_merged_r16)] | step 880/1591 (55.3%) | loss=4.4638 | lm=2.4564 | strategy_loss=0.7284 | relation_loss=0.4249 | anchor=0.0000 | train_emotion_acc=50.00% | train_strategy_f1=40.00% | train_relation_acc=100.00% | elapsed=5095s
[Stage3-KO(select_bank_en_merged_r16)] | step 890/1591 (55.9%) | loss=4.2000 | lm=2.5084 | strategy_loss=0.6549 | relation_loss=0.9368 | anchor=0.0000 | train_emotion_acc=100.00% | train_strategy_f1=40.00% | train_relation_acc=50.00% | elapsed=5152s
[Stage3-KO(select_bank_en_merged_r16)] | step 900/1591 (56.6%) | loss=3.6797 | lm=2.1984 | strategy_loss=0.7405 | relation_loss=0.1877 | anchor=0.0000 | train_emotion_acc=100.00% | train_strategy_f1=50.00% | train_relation_acc=100.00% | elapsed=5209s
[Stage3-KO(select_bank_en_merged_r16)] | step 910/1591 (57.2%) | loss=4.1321 | lm=2.1834 | strategy_loss=1.0003 | relation_loss=0.2923 | anchor=0.0000 | train_emotion_acc=100.00% | train_strategy_f1=33.33% | train_relation_acc=100.00% | elapsed=5266s
[Stage3-KO(select_bank_en_merged_r16)] | step 920/1591 (57.8%) | loss=3.3116 | lm=1.6886 | strategy_loss=0.7134 | relation_loss=0.6520 | anchor=0.0000 | train_emotion_acc=100.00% | train_strategy_f1=33.33% | train_relation_acc=50.00% | elapsed=5323s
[Stage3-KO(select_bank_en_merged_r16)] | step 930/1591 (58.5%) | loss=4.7443 | lm=2.3487 | strategy_loss=1.2504 | relation_loss=0.0260 | anchor=0.0000 | train_emotion_acc=100.00% | train_strategy_f1=42.86% | train_relation_acc=100.00% | elapsed=5379s
[Stage3-KO(select_bank_en_merged_r16)] | step 940/1591 (59.1%) | loss=4.0330 | lm=2.0409 | strategy_loss=0.9112 | relation_loss=0.7005 | anchor=0.0000 | train_emotion_acc=100.00% | train_strategy_f1=33.33% | train_relation_acc=50.00% | elapsed=5437s
[Stage3-KO(select_bank_en_merged_r16)] | step 950/1591 (59.7%) | loss=3.9235 | lm=2.2253 | strategy_loss=0.5513 | relation_loss=0.9897 | anchor=0.0000 | train_emotion_acc=50.00% | train_strategy_f1=50.00% | train_relation_acc=50.00% | elapsed=5493s
[Stage3-KO(select_bank_en_merged_r16)] | step 960/1591 (60.3%) | loss=5.0188 | lm=2.6707 | strategy_loss=0.7236 | relation_loss=2.2147 | anchor=0.0000 | train_emotion_acc=100.00% | train_strategy_f1=40.00% | train_relation_acc=0.00% | elapsed=5550s
[Stage3-KO(select_bank_en_merged_r16)] | step 970/1591 (61.0%) | loss=3.7350 | lm=2.6509 | strategy_loss=0.5996 | relation_loss=0.0026 | anchor=0.0000 | train_emotion_acc=100.00% | train_strategy_f1=40.00% | train_relation_acc=100.00% | elapsed=5607s
[Stage3-KO(select_bank_en_merged_r16)] | step 980/1591 (61.6%) | loss=3.7618 | lm=2.4464 | strategy_loss=0.6118 | relation_loss=0.3315 | anchor=0.0000 | train_emotion_acc=100.00% | train_strategy_f1=50.00% | train_relation_acc=100.00% | elapsed=5664s
[Stage3-KO(select_bank_en_merged_r16)] | step 990/1591 (62.2%) | loss=4.3656 | lm=2.4123 | strategy_loss=0.8259 | relation_loss=0.2669 | anchor=0.0000 | train_emotion_acc=50.00% | train_strategy_f1=50.00% | train_relation_acc=100.00% | elapsed=5721s
[Stage3-KO(select_bank_en_merged_r16)] | step 1000/1591 (62.9%) | loss=5.3069 | lm=2.9206 | strategy_loss=0.6425 | relation_loss=1.8176 | anchor=0.0000 | train_emotion_acc=50.00% | train_strategy_f1=40.00% | train_relation_acc=50.00% | elapsed=5778s
[Stage3-KO(select_bank_en_merged_r16)] | step 1010/1591 (63.5%) | loss=5.1277 | lm=2.4960 | strategy_loss=0.9221 | relation_loss=0.7419 | anchor=0.0000 | train_emotion_acc=0.00% | train_strategy_f1=33.33% | train_relation_acc=50.00% | elapsed=5834s
[Stage3-KO(select_bank_en_merged_r16)] | step 1020/1591 (64.1%) | loss=3.7006 | lm=2.2768 | strategy_loss=0.7729 | relation_loss=0.0648 | anchor=0.0000 | train_emotion_acc=100.00% | train_strategy_f1=40.00% | train_relation_acc=100.00% | elapsed=5891s
[Stage3-KO(select_bank_en_merged_r16)] | step 1030/1591 (64.7%) | loss=3.2477 | lm=1.9070 | strategy_loss=0.6300 | relation_loss=0.0027 | anchor=0.0000 | train_emotion_acc=50.00% | train_strategy_f1=50.00% | train_relation_acc=100.00% | elapsed=5948s
[Stage3-KO(select_bank_en_merged_r16)] | step 1040/1591 (65.4%) | loss=3.6412 | lm=2.2431 | strategy_loss=0.6177 | relation_loss=0.0006 | anchor=0.0000 | train_emotion_acc=50.00% | train_strategy_f1=66.67% | train_relation_acc=100.00% | elapsed=6005s
[Stage3-KO(select_bank_en_merged_r16)] | step 1050/1591 (66.0%) | loss=4.8206 | lm=3.3659 | strategy_loss=0.5635 | relation_loss=0.3536 | anchor=0.0000 | train_emotion_acc=50.00% | train_strategy_f1=80.00% | train_relation_acc=100.00% | elapsed=6062s
[Stage3-KO(select_bank_en_merged_r16)] | step 1060/1591 (66.6%) | loss=4.5687 | lm=2.5059 | strategy_loss=1.1319 | relation_loss=0.0094 | anchor=0.0000 | train_emotion_acc=100.00% | train_strategy_f1=50.00% | train_relation_acc=100.00% | elapsed=6119s
[Stage3-KO(select_bank_en_merged_r16)] | step 1070/1591 (67.3%) | loss=5.2416 | lm=1.8130 | strategy_loss=0.8042 | relation_loss=4.0001 | anchor=0.0000 | train_emotion_acc=50.00% | train_strategy_f1=66.67% | train_relation_acc=50.00% | elapsed=6176s
[Stage3-KO(select_bank_en_merged_r16)] | step 1080/1591 (67.9%) | loss=2.7662 | lm=1.8419 | strategy_loss=0.4390 | relation_loss=0.1367 | anchor=0.0000 | train_emotion_acc=100.00% | train_strategy_f1=100.00% | train_relation_acc=100.00% | elapsed=6234s
[Stage3-KO(select_bank_en_merged_r16)] | step 1090/1591 (68.5%) | loss=3.9601 | lm=2.2553 | strategy_loss=0.9069 | relation_loss=0.0204 | anchor=0.0000 | train_emotion_acc=100.00% | train_strategy_f1=50.00% | train_relation_acc=100.00% | elapsed=6291s
[Stage3-KO(select_bank_en_merged_r16)] | step 1100/1591 (69.1%) | loss=4.2920 | lm=2.2950 | strategy_loss=1.0768 | relation_loss=0.0106 | anchor=0.0000 | train_emotion_acc=100.00% | train_strategy_f1=42.86% | train_relation_acc=100.00% | elapsed=6348s
[Stage3-KO(select_bank_en_merged_r16)] | step 1110/1591 (69.8%) | loss=3.1562 | lm=1.9499 | strategy_loss=0.6452 | relation_loss=0.0005 | anchor=0.0000 | train_emotion_acc=100.00% | train_strategy_f1=66.67% | train_relation_acc=100.00% | elapsed=6405s
[Stage3-KO(select_bank_en_merged_r16)] | step 1120/1591 (70.4%) | loss=5.0948 | lm=2.4558 | strategy_loss=0.9713 | relation_loss=1.4710 | anchor=0.0000 | train_emotion_acc=50.00% | train_strategy_f1=25.00% | train_relation_acc=50.00% | elapsed=6463s
[Stage3-KO(select_bank_en_merged_r16)] | step 1130/1591 (71.0%) | loss=3.8006 | lm=1.9987 | strategy_loss=0.7551 | relation_loss=0.3816 | anchor=0.0000 | train_emotion_acc=50.00% | train_strategy_f1=60.00% | train_relation_acc=100.00% | elapsed=6519s
[Stage3-KO(select_bank_en_merged_r16)] | step 1140/1591 (71.7%) | loss=4.1232 | lm=1.7848 | strategy_loss=1.0209 | relation_loss=0.0784 | anchor=0.0000 | train_emotion_acc=0.00% | train_strategy_f1=42.86% | train_relation_acc=100.00% | elapsed=6577s
[Stage3-KO(select_bank_en_merged_r16)] | step 1150/1591 (72.3%) | loss=5.3613 | lm=2.5771 | strategy_loss=0.8110 | relation_loss=2.8445 | anchor=0.0000 | train_emotion_acc=100.00% | train_strategy_f1=20.00% | train_relation_acc=50.00% | elapsed=6634s
[Stage3-KO(select_bank_en_merged_r16)] | step 1160/1591 (72.9%) | loss=3.5499 | lm=2.6039 | strategy_loss=0.4663 | relation_loss=0.2012 | anchor=0.0000 | train_emotion_acc=100.00% | train_strategy_f1=75.00% | train_relation_acc=100.00% | elapsed=6691s
[Stage3-KO(select_bank_en_merged_r16)] | step 1170/1591 (73.5%) | loss=3.9807 | lm=2.2648 | strategy_loss=0.5895 | relation_loss=0.1737 | anchor=0.0000 | train_emotion_acc=0.00% | train_strategy_f1=40.00% | train_relation_acc=100.00% | elapsed=6748s
[Stage3-KO(select_bank_en_merged_r16)] | step 1180/1591 (74.2%) | loss=3.8187 | lm=2.4118 | strategy_loss=0.6714 | relation_loss=0.4002 | anchor=0.0000 | train_emotion_acc=100.00% | train_strategy_f1=50.00% | train_relation_acc=50.00% | elapsed=6805s
[Stage3-KO(select_bank_en_merged_r16)] | step 1190/1591 (74.8%) | loss=3.6697 | lm=2.1269 | strategy_loss=0.8459 | relation_loss=0.0178 | anchor=0.0000 | train_emotion_acc=100.00% | train_strategy_f1=20.00% | train_relation_acc=100.00% | elapsed=6862s
[Stage3-KO(select_bank_en_merged_r16)] | step 1200/1591 (75.4%) | loss=4.7128 | lm=2.5466 | strategy_loss=0.8332 | relation_loss=0.4528 | anchor=0.0000 | train_emotion_acc=0.00% | train_strategy_f1=16.67% | train_relation_acc=50.00% | elapsed=6920s
[Stage3-KO(select_bank_en_merged_r16)] EVAL @1200 (valid) | EMOTION=87.50% | RELATION=97.00% | STRATEGY=68.13% | STRATEGY_HAMMING=65.50% | loss=3.7497 | lm_loss=2.2523 | emotion_loss=0.3735 | strategy_loss=0.7231 | relation_loss=0.1450
[Stage3-KO(select_bank_en_merged_r16)] | step 1210/1591 (76.1%) | loss=3.4655 | lm=1.9332 | strategy_loss=0.5837 | relation_loss=0.7887 | anchor=0.0000 | train_emotion_acc=100.00% | train_strategy_f1=80.00% | train_relation_acc=50.00% | elapsed=7012s
[Stage3-KO(select_bank_en_merged_r16)] | step 1220/1591 (76.7%) | loss=3.8465 | lm=2.5081 | strategy_loss=0.7153 | relation_loss=0.0937 | anchor=0.0000 | train_emotion_acc=100.00% | train_strategy_f1=50.00% | train_relation_acc=100.00% | elapsed=7069s
[Stage3-KO(select_bank_en_merged_r16)] | step 1230/1591 (77.3%) | loss=3.4436 | lm=1.7951 | strategy_loss=0.7896 | relation_loss=0.1581 | anchor=0.0000 | train_emotion_acc=100.00% | train_strategy_f1=25.00% | train_relation_acc=100.00% | elapsed=7126s
[Stage3-KO(select_bank_en_merged_r16)] | step 1240/1591 (77.9%) | loss=3.9881 | lm=2.4797 | strategy_loss=0.7061 | relation_loss=0.2124 | anchor=0.0000 | train_emotion_acc=100.00% | train_strategy_f1=20.00% | train_relation_acc=100.00% | elapsed=7183s
[Stage3-KO(select_bank_en_merged_r16)] | step 1250/1591 (78.6%) | loss=4.9840 | lm=2.2841 | strategy_loss=0.7816 | relation_loss=0.9993 | anchor=0.0000 | train_emotion_acc=50.00% | train_strategy_f1=40.00% | train_relation_acc=50.00% | elapsed=7240s
[Stage3-KO(select_bank_en_merged_r16)] | step 1260/1591 (79.2%) | loss=4.2798 | lm=2.7228 | strategy_loss=0.7403 | relation_loss=0.3227 | anchor=0.0000 | train_emotion_acc=100.00% | train_strategy_f1=50.00% | train_relation_acc=100.00% | elapsed=7298s
[Stage3-KO(select_bank_en_merged_r16)] | step 1270/1591 (79.8%) | loss=4.3932 | lm=2.7461 | strategy_loss=0.6723 | relation_loss=0.0753 | anchor=0.0000 | train_emotion_acc=0.00% | train_strategy_f1=50.00% | train_relation_acc=100.00% | elapsed=7355s
[Stage3-KO(select_bank_en_merged_r16)] | step 1280/1591 (80.5%) | loss=4.4044 | lm=2.0090 | strategy_loss=0.8367 | relation_loss=0.2493 | anchor=0.0000 | train_emotion_acc=50.00% | train_strategy_f1=33.33% | train_relation_acc=100.00% | elapsed=7412s
[Stage3-KO(select_bank_en_merged_r16)] | step 1290/1591 (81.1%) | loss=3.6289 | lm=2.5019 | strategy_loss=0.6060 | relation_loss=0.0046 | anchor=0.0000 | train_emotion_acc=100.00% | train_strategy_f1=33.33% | train_relation_acc=100.00% | elapsed=7469s
[Stage3-KO(select_bank_en_merged_r16)] | step 1300/1591 (81.7%) | loss=3.0679 | lm=1.6759 | strategy_loss=0.6607 | relation_loss=0.3078 | anchor=0.0000 | train_emotion_acc=100.00% | train_strategy_f1=33.33% | train_relation_acc=100.00% | elapsed=7526s
[Stage3-KO(select_bank_en_merged_r16)] | step 1310/1591 (82.3%) | loss=4.4334 | lm=2.1236 | strategy_loss=0.9274 | relation_loss=0.5196 | anchor=0.0000 | train_emotion_acc=0.00% | train_strategy_f1=20.00% | train_relation_acc=50.00% | elapsed=7582s
[Stage3-KO(select_bank_en_merged_r16)] | step 1320/1591 (83.0%) | loss=3.7571 | lm=2.0968 | strategy_loss=0.8315 | relation_loss=0.2418 | anchor=0.0000 | train_emotion_acc=100.00% | train_strategy_f1=66.67% | train_relation_acc=100.00% | elapsed=7640s
[Stage3-KO(select_bank_en_merged_r16)] | step 1330/1591 (83.6%) | loss=3.8480 | lm=2.6381 | strategy_loss=0.6401 | relation_loss=0.0018 | anchor=0.0000 | train_emotion_acc=100.00% | train_strategy_f1=75.00% | train_relation_acc=100.00% | elapsed=7697s
[Stage3-KO(select_bank_en_merged_r16)] | step 1340/1591 (84.2%) | loss=3.3532 | lm=1.9227 | strategy_loss=0.7618 | relation_loss=0.0673 | anchor=0.0000 | train_emotion_acc=100.00% | train_strategy_f1=50.00% | train_relation_acc=100.00% | elapsed=7754s
[Stage3-KO(select_bank_en_merged_r16)] | step 1350/1591 (84.9%) | loss=4.5196 | lm=2.4773 | strategy_loss=0.7023 | relation_loss=1.4370 | anchor=0.0000 | train_emotion_acc=100.00% | train_strategy_f1=66.67% | train_relation_acc=50.00% | elapsed=7811s
[Stage3-KO(select_bank_en_merged_r16)] | step 1360/1591 (85.5%) | loss=3.2846 | lm=1.5424 | strategy_loss=0.9590 | relation_loss=0.0008 | anchor=0.0000 | train_emotion_acc=100.00% | train_strategy_f1=33.33% | train_relation_acc=100.00% | elapsed=7868s
[Stage3-KO(select_bank_en_merged_r16)] | step 1370/1591 (86.1%) | loss=3.6591 | lm=1.7784 | strategy_loss=0.9641 | relation_loss=0.0550 | anchor=0.0000 | train_emotion_acc=100.00% | train_strategy_f1=57.14% | train_relation_acc=100.00% | elapsed=7925s
[Stage3-KO(select_bank_en_merged_r16)] | step 1380/1591 (86.7%) | loss=4.5279 | lm=2.4209 | strategy_loss=0.7743 | relation_loss=1.4247 | anchor=0.0000 | train_emotion_acc=100.00% | train_strategy_f1=33.33% | train_relation_acc=50.00% | elapsed=7982s
[Stage3-KO(select_bank_en_merged_r16)] | step 1390/1591 (87.4%) | loss=3.8976 | lm=2.4381 | strategy_loss=0.5859 | relation_loss=0.0548 | anchor=0.0000 | train_emotion_acc=50.00% | train_strategy_f1=50.00% | train_relation_acc=100.00% | elapsed=8039s
[Stage3-KO(select_bank_en_merged_r16)] | step 1400/1591 (88.0%) | loss=4.0823 | lm=2.3419 | strategy_loss=0.7506 | relation_loss=0.6314 | anchor=0.0000 | train_emotion_acc=100.00% | train_strategy_f1=33.33% | train_relation_acc=100.00% | elapsed=8096s
[Stage3-KO(select_bank_en_merged_r16)] | step 1410/1591 (88.6%) | loss=3.9483 | lm=2.8761 | strategy_loss=0.4718 | relation_loss=0.0026 | anchor=0.0000 | train_emotion_acc=50.00% | train_strategy_f1=66.67% | train_relation_acc=100.00% | elapsed=8152s
[Stage3-KO(select_bank_en_merged_r16)] | step 1420/1591 (89.3%) | loss=4.3051 | lm=2.3843 | strategy_loss=0.7268 | relation_loss=1.0770 | anchor=0.0000 | train_emotion_acc=100.00% | train_strategy_f1=60.00% | train_relation_acc=50.00% | elapsed=8210s
[Stage3-KO(select_bank_en_merged_r16)] | step 1430/1591 (89.9%) | loss=3.9733 | lm=1.7662 | strategy_loss=1.1318 | relation_loss=0.0473 | anchor=0.0000 | train_emotion_acc=100.00% | train_strategy_f1=42.86% | train_relation_acc=100.00% | elapsed=8266s
[Stage3-KO(select_bank_en_merged_r16)] | step 1440/1591 (90.5%) | loss=4.6033 | lm=2.7134 | strategy_loss=0.6028 | relation_loss=0.5017 | anchor=0.0000 | train_emotion_acc=50.00% | train_strategy_f1=40.00% | train_relation_acc=100.00% | elapsed=8324s
[Stage3-KO(select_bank_en_merged_r16)] | step 1450/1591 (91.1%) | loss=4.3818 | lm=2.4450 | strategy_loss=0.8342 | relation_loss=0.0087 | anchor=0.0000 | train_emotion_acc=50.00% | train_strategy_f1=33.33% | train_relation_acc=100.00% | elapsed=8380s
[Stage3-KO(select_bank_en_merged_r16)] | step 1460/1591 (91.8%) | loss=3.8591 | lm=2.1262 | strategy_loss=0.8833 | relation_loss=0.0196 | anchor=0.0000 | train_emotion_acc=100.00% | train_strategy_f1=33.33% | train_relation_acc=100.00% | elapsed=8437s
[Stage3-KO(select_bank_en_merged_r16)] | step 1470/1591 (92.4%) | loss=2.8150 | lm=1.8716 | strategy_loss=0.4674 | relation_loss=0.0141 | anchor=0.0000 | train_emotion_acc=100.00% | train_strategy_f1=75.00% | train_relation_acc=100.00% | elapsed=8494s
[Stage3-KO(select_bank_en_merged_r16)] | step 1480/1591 (93.0%) | loss=4.9279 | lm=2.8791 | strategy_loss=1.0960 | relation_loss=0.0159 | anchor=0.0000 | train_emotion_acc=100.00% | train_strategy_f1=28.57% | train_relation_acc=100.00% | elapsed=8550s
[Stage3-KO(select_bank_en_merged_r16)] | step 1490/1591 (93.7%) | loss=4.5675 | lm=2.7902 | strategy_loss=0.6631 | relation_loss=1.1335 | anchor=0.0000 | train_emotion_acc=100.00% | train_strategy_f1=40.00% | train_relation_acc=0.00% | elapsed=8608s
[Stage3-KO(select_bank_en_merged_r16)] | step 1500/1591 (94.3%) | loss=4.3778 | lm=2.7834 | strategy_loss=0.6105 | relation_loss=0.0778 | anchor=0.0000 | train_emotion_acc=50.00% | train_strategy_f1=50.00% | train_relation_acc=100.00% | elapsed=8665s
[Stage3-KO(select_bank_en_merged_r16)] | step 1510/1591 (94.9%) | loss=3.3291 | lm=2.0112 | strategy_loss=0.6141 | relation_loss=0.4405 | anchor=0.0000 | train_emotion_acc=100.00% | train_strategy_f1=40.00% | train_relation_acc=50.00% | elapsed=8722s
[Stage3-KO(select_bank_en_merged_r16)] | step 1520/1591 (95.5%) | loss=4.6483 | lm=2.9730 | strategy_loss=0.7392 | relation_loss=0.7510 | anchor=0.0000 | train_emotion_acc=100.00% | train_strategy_f1=50.00% | train_relation_acc=50.00% | elapsed=8779s
[Stage3-KO(select_bank_en_merged_r16)] | step 1530/1591 (96.2%) | loss=4.9190 | lm=3.2338 | strategy_loss=0.5907 | relation_loss=1.1410 | anchor=0.0000 | train_emotion_acc=100.00% | train_strategy_f1=40.00% | train_relation_acc=0.00% | elapsed=8836s
[Stage3-KO(select_bank_en_merged_r16)] | step 1540/1591 (96.8%) | loss=3.5343 | lm=2.3679 | strategy_loss=0.4828 | relation_loss=0.0854 | anchor=0.0000 | train_emotion_acc=50.00% | train_strategy_f1=50.00% | train_relation_acc=100.00% | elapsed=8892s
[Stage3-KO(select_bank_en_merged_r16)] | step 1550/1591 (97.4%) | loss=3.4338 | lm=2.0263 | strategy_loss=0.6976 | relation_loss=0.1284 | anchor=0.0000 | train_emotion_acc=100.00% | train_strategy_f1=50.00% | train_relation_acc=100.00% | elapsed=8949s
[Stage3-KO(select_bank_en_merged_r16)] | step 1560/1591 (98.1%) | loss=3.7888 | lm=2.2998 | strategy_loss=0.6814 | relation_loss=0.5537 | anchor=0.0000 | train_emotion_acc=100.00% | train_strategy_f1=60.00% | train_relation_acc=50.00% | elapsed=9006s
[Stage3-KO(select_bank_en_merged_r16)] | step 1570/1591 (98.7%) | loss=4.3780 | lm=2.2521 | strategy_loss=0.6455 | relation_loss=1.0078 | anchor=0.0000 | train_emotion_acc=50.00% | train_strategy_f1=50.00% | train_relation_acc=50.00% | elapsed=9063s
[Stage3-KO(select_bank_en_merged_r16)] | step 1580/1591 (99.3%) | loss=3.7476 | lm=2.4656 | strategy_loss=0.6366 | relation_loss=0.2746 | anchor=0.0000 | train_emotion_acc=100.00% | train_strategy_f1=40.00% | train_relation_acc=100.00% | elapsed=9120s
[Stage3-KO(select_bank_en_merged_r16)] | step 1590/1591 (99.9%) | loss=4.8223 | lm=2.3106 | strategy_loss=1.2240 | relation_loss=0.0146 | anchor=0.0000 | train_emotion_acc=50.00% | train_strategy_f1=50.00% | train_relation_acc=100.00% | elapsed=9177s
[Stage3-KO(select_bank_en_merged_r16)] FINAL | EMOTION=88.00% | RELATION=97.00% | STRATEGY=66.82% | STRATEGY_HAMMING=64.88%
[Stage3-KO(select_bank_en_merged_r16)] saved_to=/home/jbnu/jaehong/en-ko-empathy-lora/outputs/taffc/qwen/ablation/A3_no_gate/s42
[Stage3-KO(select_bank_en_merged_r16)] init_mode=select_bank_en_merged_r16
[Stage3-KO(select_bank_en_merged_r16)] vram_peak_gb=37.066
[Stage3-KO(select_bank_en_merged_r16)] steps=1591
[Stage3-KO(select_bank_en_merged_r16)] progress -> /home/jbnu/jaehong/en-ko-empathy-lora/outputs/taffc/qwen/ablation/A3_no_gate/s42/progress.json
[TRAIN] outputs/taffc/qwen/ablation/A4_no_curr/s42 seed=42
device=cuda
cuda_device=NVIDIA L40S
train=25456 valid=3182 A=6 S=4 R=7 strategy_scope=utterance
Warning: You are sending unauthenticated requests to the HF Hub. Please set a HF_TOKEN to enable higher rate limits and faster downloads.
EN replay: every 4 KO steps, n=17788
Fetching 4 files:   0%|          | 0/4 [00:00<?, ?it/s]Fetching 4 files: 100%|██████████| 4/4 [00:00<00:00, 23045.63it/s]
[transformers] The fast path is not available because one of the required library is not installed. Falling back to torch implementation. To install follow https://github.com/fla-org/flash-linear-attention#installation and https://github.com/Dao-AILab/causal-conv1d
Loading weights:   0%|          | 0/427 [00:00<?, ?it/s]Loading weights: 100%|██████████| 427/427 [00:00<00:00, 8258.71it/s]
bitsandbytes library load error: Configured CUDA binary not found at /home/jbnu/jupyter-env/lib/python3.12/site-packages/bitsandbytes/libbitsandbytes_cuda130.so
 If you are using Intel CPU/XPU, please install intel_extension_for_pytorch to enable required ops
Traceback (most recent call last):
  File "/home/jbnu/jupyter-env/lib/python3.12/site-packages/bitsandbytes/cextension.py", line 318, in <module>
    lib = get_native_library()
          ^^^^^^^^^^^^^^^^^^^^
  File "/home/jbnu/jupyter-env/lib/python3.12/site-packages/bitsandbytes/cextension.py", line 282, in get_native_library
    raise RuntimeError(f"Configured {BNB_BACKEND} binary not found at {cuda_binary_path}")
RuntimeError: Configured CUDA binary not found at /home/jbnu/jupyter-env/lib/python3.12/site-packages/bitsandbytes/libbitsandbytes_cuda130.so
lora_init_mode=select_bank_en_merged_r16
gates={'affect': 'share', 'strategy': 'relearn', 'relation': 'relearn', 'culture': 'suppress'}
strategy_pos_weight=[1.7157411575317383, 1.7157411575317383, 1.7157411575317383, 1.7157411575317383]
loss_weights emotion=0.245 strategy=3.150 relation=0.787 gate_conditioned=True curriculum=False
two_pass_affect=True
LoRA anchor enabled weight=0.04 n_params=64
lr_lora=7.5e-05 lr_head=0.00015 freeze_lora=False trainable=20,783,121
[Stage3-KO(select_bank_en_merged_r16)] model=Qwen/Qwen3.5-9B train=25456 valid=3182 init=select_bank_en_merged_r16 steps≈1591 S=multilabel gates={'affect': 'share', 'strategy': 'relearn', 'relation': 'relearn', 'culture': 'suppress'}
[Stage3-KO(select_bank_en_merged_r16)] | step 1/1591 (0.1%) | loss=8.2877 | lm=3.4505 | strategy_loss=0.8085 | relation_loss=2.2490 | anchor=0.0000 | train_emotion_acc=0.00% | train_strategy_f1=50.00% | train_relation_acc=0.00% | elapsed=6s
[Stage3-KO(select_bank_en_merged_r16)] | step 10/1591 (0.6%) | loss=6.4961 | lm=2.6789 | strategy_loss=0.6065 | relation_loss=1.8315 | anchor=0.0000 | train_emotion_acc=0.00% | train_strategy_f1=25.00% | train_relation_acc=0.00% | elapsed=56s
[Stage3-KO(select_bank_en_merged_r16)] | step 20/1591 (1.3%) | loss=9.5966 | lm=2.5767 | strategy_loss=1.5683 | relation_loss=1.9744 | anchor=0.0000 | train_emotion_acc=0.00% | train_strategy_f1=50.00% | train_relation_acc=50.00% | elapsed=114s
[Stage3-KO(select_bank_en_merged_r16)] | step 30/1591 (1.9%) | loss=6.5013 | lm=2.4308 | strategy_loss=0.8485 | relation_loss=1.2239 | anchor=0.0000 | train_emotion_acc=0.00% | train_strategy_f1=60.00% | train_relation_acc=100.00% | elapsed=170s
[Stage3-KO(select_bank_en_merged_r16)] | step 40/1591 (2.5%) | loss=6.0852 | lm=2.2118 | strategy_loss=0.7468 | relation_loss=1.4808 | anchor=0.0000 | train_emotion_acc=100.00% | train_strategy_f1=50.00% | train_relation_acc=50.00% | elapsed=227s
[Stage3-KO(select_bank_en_merged_r16)] | step 50/1591 (3.1%) | loss=4.8924 | lm=2.2467 | strategy_loss=0.5893 | relation_loss=0.5622 | anchor=0.0000 | train_emotion_acc=50.00% | train_strategy_f1=33.33% | train_relation_acc=100.00% | elapsed=284s
[Stage3-KO(select_bank_en_merged_r16)] | step 60/1591 (3.8%) | loss=6.3358 | lm=3.3838 | strategy_loss=0.5676 | relation_loss=1.2635 | anchor=0.0000 | train_emotion_acc=100.00% | train_strategy_f1=60.00% | train_relation_acc=50.00% | elapsed=340s
[Stage3-KO(select_bank_en_merged_r16)] | step 70/1591 (4.4%) | loss=6.0097 | lm=2.3730 | strategy_loss=0.8380 | relation_loss=0.8886 | anchor=0.0000 | train_emotion_acc=100.00% | train_strategy_f1=16.67% | train_relation_acc=50.00% | elapsed=397s
[Stage3-KO(select_bank_en_merged_r16)] | step 80/1591 (5.0%) | loss=5.6165 | lm=2.5038 | strategy_loss=0.8084 | relation_loss=0.3317 | anchor=0.0000 | train_emotion_acc=50.00% | train_strategy_f1=20.00% | train_relation_acc=100.00% | elapsed=454s
[Stage3-KO(select_bank_en_merged_r16)] | step 90/1591 (5.7%) | loss=6.6009 | lm=2.4965 | strategy_loss=0.6947 | relation_loss=2.1330 | anchor=0.0000 | train_emotion_acc=100.00% | train_strategy_f1=33.33% | train_relation_acc=50.00% | elapsed=511s
[Stage3-KO(select_bank_en_merged_r16)] | step 100/1591 (6.3%) | loss=5.9188 | lm=2.3295 | strategy_loss=0.8542 | relation_loss=0.6865 | anchor=0.0000 | train_emotion_acc=50.00% | train_strategy_f1=33.33% | train_relation_acc=100.00% | elapsed=568s
[Stage3-KO(select_bank_en_merged_r16)] | step 110/1591 (6.9%) | loss=6.2180 | lm=2.6287 | strategy_loss=1.0237 | relation_loss=0.0646 | anchor=0.0000 | train_emotion_acc=50.00% | train_strategy_f1=33.33% | train_relation_acc=100.00% | elapsed=624s
[Stage3-KO(select_bank_en_merged_r16)] | step 120/1591 (7.5%) | loss=6.0200 | lm=2.6105 | strategy_loss=0.7899 | relation_loss=0.9993 | anchor=0.0000 | train_emotion_acc=100.00% | train_strategy_f1=40.00% | train_relation_acc=50.00% | elapsed=681s
[Stage3-KO(select_bank_en_merged_r16)] | step 130/1591 (8.2%) | loss=4.1768 | lm=2.2717 | strategy_loss=0.5098 | relation_loss=0.0361 | anchor=0.0000 | train_emotion_acc=50.00% | train_strategy_f1=40.00% | train_relation_acc=100.00% | elapsed=738s
[Stage3-KO(select_bank_en_merged_r16)] | step 140/1591 (8.8%) | loss=6.4590 | lm=2.2611 | strategy_loss=1.0472 | relation_loss=0.9890 | anchor=0.0000 | train_emotion_acc=100.00% | train_strategy_f1=40.00% | train_relation_acc=50.00% | elapsed=795s
[Stage3-KO(select_bank_en_merged_r16)] | step 150/1591 (9.4%) | loss=5.3109 | lm=2.9572 | strategy_loss=0.6464 | relation_loss=0.0996 | anchor=0.0000 | train_emotion_acc=50.00% | train_strategy_f1=40.00% | train_relation_acc=100.00% | elapsed=852s
[Stage3-KO(select_bank_en_merged_r16)] | step 160/1591 (10.1%) | loss=8.8197 | lm=2.5156 | strategy_loss=1.1855 | relation_loss=2.9730 | anchor=0.0000 | train_emotion_acc=100.00% | train_strategy_f1=16.67% | train_relation_acc=0.00% | elapsed=910s
[Stage3-KO(select_bank_en_merged_r16)] | step 170/1591 (10.7%) | loss=5.7956 | lm=2.6744 | strategy_loss=0.8716 | relation_loss=0.2406 | anchor=0.0000 | train_emotion_acc=100.00% | train_strategy_f1=16.67% | train_relation_acc=100.00% | elapsed=968s
[Stage3-KO(select_bank_en_merged_r16)] | step 180/1591 (11.3%) | loss=5.2895 | lm=2.4789 | strategy_loss=0.6971 | relation_loss=0.6441 | anchor=0.0000 | train_emotion_acc=100.00% | train_strategy_f1=40.00% | train_relation_acc=50.00% | elapsed=1026s
[Stage3-KO(select_bank_en_merged_r16)] | step 190/1591 (11.9%) | loss=6.8324 | lm=2.7850 | strategy_loss=0.6285 | relation_loss=2.5496 | anchor=0.0000 | train_emotion_acc=100.00% | train_strategy_f1=33.33% | train_relation_acc=50.00% | elapsed=1083s
[Stage3-KO(select_bank_en_merged_r16)] | step 200/1591 (12.6%) | loss=4.9247 | lm=2.3907 | strategy_loss=0.6798 | relation_loss=0.0527 | anchor=0.0000 | train_emotion_acc=0.00% | train_strategy_f1=60.00% | train_relation_acc=100.00% | elapsed=1141s
[Stage3-KO(select_bank_en_merged_r16)] | step 210/1591 (13.2%) | loss=4.3791 | lm=2.0262 | strategy_loss=0.6855 | relation_loss=0.0827 | anchor=0.0000 | train_emotion_acc=100.00% | train_strategy_f1=60.00% | train_relation_acc=100.00% | elapsed=1197s
[Stage3-KO(select_bank_en_merged_r16)] | step 220/1591 (13.8%) | loss=5.7030 | lm=2.4333 | strategy_loss=0.7269 | relation_loss=0.9729 | anchor=0.0000 | train_emotion_acc=50.00% | train_strategy_f1=40.00% | train_relation_acc=0.00% | elapsed=1254s
[Stage3-KO(select_bank_en_merged_r16)] | step 230/1591 (14.5%) | loss=6.1736 | lm=2.9821 | strategy_loss=0.8104 | relation_loss=0.6368 | anchor=0.0000 | train_emotion_acc=100.00% | train_strategy_f1=40.00% | train_relation_acc=50.00% | elapsed=1311s
[Stage3-KO(select_bank_en_merged_r16)] | step 240/1591 (15.1%) | loss=5.4103 | lm=2.3060 | strategy_loss=0.7702 | relation_loss=0.5153 | anchor=0.0000 | train_emotion_acc=50.00% | train_strategy_f1=60.00% | train_relation_acc=100.00% | elapsed=1369s
[Stage3-KO(select_bank_en_merged_r16)] | step 250/1591 (15.7%) | loss=6.1953 | lm=2.7600 | strategy_loss=0.7466 | relation_loss=1.3034 | anchor=0.0000 | train_emotion_acc=100.00% | train_strategy_f1=66.67% | train_relation_acc=50.00% | elapsed=1426s
[Stage3-KO(select_bank_en_merged_r16)] | step 260/1591 (16.3%) | loss=5.6500 | lm=2.3867 | strategy_loss=0.6702 | relation_loss=1.2091 | anchor=0.0000 | train_emotion_acc=50.00% | train_strategy_f1=75.00% | train_relation_acc=50.00% | elapsed=1484s
[Stage3-KO(select_bank_en_merged_r16)] | step 270/1591 (17.0%) | loss=5.5866 | lm=2.7343 | strategy_loss=0.7646 | relation_loss=0.4117 | anchor=0.0000 | train_emotion_acc=100.00% | train_strategy_f1=50.00% | train_relation_acc=100.00% | elapsed=1541s
[Stage3-KO(select_bank_en_merged_r16)] | step 280/1591 (17.6%) | loss=4.8628 | lm=2.6817 | strategy_loss=0.6494 | relation_loss=0.1171 | anchor=0.0000 | train_emotion_acc=100.00% | train_strategy_f1=60.00% | train_relation_acc=100.00% | elapsed=1599s
[Stage3-KO(select_bank_en_merged_r16)] | step 290/1591 (18.2%) | loss=6.6508 | lm=2.7420 | strategy_loss=0.6059 | relation_loss=2.1078 | anchor=0.0000 | train_emotion_acc=0.00% | train_strategy_f1=66.67% | train_relation_acc=50.00% | elapsed=1656s
[Stage3-KO(select_bank_en_merged_r16)] | step 300/1591 (18.9%) | loss=5.3819 | lm=2.6460 | strategy_loss=0.7309 | relation_loss=0.0885 | anchor=0.0000 | train_emotion_acc=50.00% | train_strategy_f1=60.00% | train_relation_acc=100.00% | elapsed=1714s
[Stage3-KO(select_bank_en_merged_r16)] | step 310/1591 (19.5%) | loss=5.2978 | lm=2.5900 | strategy_loss=0.6479 | relation_loss=0.7062 | anchor=0.0000 | train_emotion_acc=100.00% | train_strategy_f1=50.00% | train_relation_acc=50.00% | elapsed=1771s
[Stage3-KO(select_bank_en_merged_r16)] | step 320/1591 (20.1%) | loss=4.4239 | lm=2.2084 | strategy_loss=0.5149 | relation_loss=0.5356 | anchor=0.0000 | train_emotion_acc=50.00% | train_strategy_f1=60.00% | train_relation_acc=50.00% | elapsed=1829s
[Stage3-KO(select_bank_en_merged_r16)] | step 330/1591 (20.7%) | loss=6.7791 | lm=3.0732 | strategy_loss=0.6057 | relation_loss=1.8037 | anchor=0.0000 | train_emotion_acc=50.00% | train_strategy_f1=50.00% | train_relation_acc=50.00% | elapsed=1885s
[Stage3-KO(select_bank_en_merged_r16)] | step 340/1591 (21.4%) | loss=4.4228 | lm=2.1106 | strategy_loss=0.6170 | relation_loss=0.0146 | anchor=0.0000 | train_emotion_acc=50.00% | train_strategy_f1=80.00% | train_relation_acc=100.00% | elapsed=1943s
[Stage3-KO(select_bank_en_merged_r16)] | step 350/1591 (22.0%) | loss=4.4279 | lm=2.0134 | strategy_loss=0.6499 | relation_loss=0.2959 | anchor=0.0000 | train_emotion_acc=100.00% | train_strategy_f1=50.00% | train_relation_acc=100.00% | elapsed=2000s
[Stage3-KO(select_bank_en_merged_r16)] | step 360/1591 (22.6%) | loss=5.8715 | lm=2.3683 | strategy_loss=1.0602 | relation_loss=0.0016 | anchor=0.0000 | train_emotion_acc=50.00% | train_strategy_f1=50.00% | train_relation_acc=100.00% | elapsed=2058s
[Stage3-KO(select_bank_en_merged_r16)] | step 370/1591 (23.3%) | loss=5.7270 | lm=1.8727 | strategy_loss=1.1868 | relation_loss=0.0008 | anchor=0.0000 | train_emotion_acc=100.00% | train_strategy_f1=14.29% | train_relation_acc=100.00% | elapsed=2115s
[Stage3-KO(select_bank_en_merged_r16)] | step 380/1591 (23.9%) | loss=4.5879 | lm=2.2283 | strategy_loss=0.6008 | relation_loss=0.4202 | anchor=0.0000 | train_emotion_acc=100.00% | train_strategy_f1=80.00% | train_relation_acc=100.00% | elapsed=2172s
[Stage3-KO(select_bank_en_merged_r16)] | step 390/1591 (24.5%) | loss=5.8206 | lm=2.5680 | strategy_loss=0.6949 | relation_loss=1.2855 | anchor=0.0000 | train_emotion_acc=100.00% | train_strategy_f1=60.00% | train_relation_acc=50.00% | elapsed=2230s
[Stage3-KO(select_bank_en_merged_r16)] | step 400/1591 (25.1%) | loss=5.0705 | lm=2.1631 | strategy_loss=0.6012 | relation_loss=1.0055 | anchor=0.0000 | train_emotion_acc=50.00% | train_strategy_f1=60.00% | train_relation_acc=50.00% | elapsed=2288s
[Stage3-KO(select_bank_en_merged_r16)] EVAL @400 (valid) | EMOTION=79.00% | RELATION=95.00% | STRATEGY=65.64% | STRATEGY_HAMMING=63.88% | loss=5.1038 | lm_loss=2.4057 | emotion_loss=0.7681 | strategy_loss=0.7432 | relation_loss=0.2143
[Stage3-KO(select_bank_en_merged_r16)] | step 410/1591 (25.8%) | loss=6.7568 | lm=2.8249 | strategy_loss=0.5819 | relation_loss=2.2801 | anchor=0.0000 | train_emotion_acc=50.00% | train_strategy_f1=60.00% | train_relation_acc=50.00% | elapsed=2380s
[Stage3-KO(select_bank_en_merged_r16)] | step 420/1591 (26.4%) | loss=4.2766 | lm=2.5481 | strategy_loss=0.4990 | relation_loss=0.1640 | anchor=0.0000 | train_emotion_acc=100.00% | train_strategy_f1=50.00% | train_relation_acc=100.00% | elapsed=2438s
[Stage3-KO(select_bank_en_merged_r16)] | step 430/1591 (27.0%) | loss=5.5779 | lm=2.8674 | strategy_loss=0.6005 | relation_loss=0.5492 | anchor=0.0000 | train_emotion_acc=0.00% | train_strategy_f1=40.00% | train_relation_acc=50.00% | elapsed=2496s
[Stage3-KO(select_bank_en_merged_r16)] | step 440/1591 (27.7%) | loss=5.1698 | lm=1.9992 | strategy_loss=0.6984 | relation_loss=0.9931 | anchor=0.0000 | train_emotion_acc=100.00% | train_strategy_f1=50.00% | train_relation_acc=50.00% | elapsed=2554s
[Stage3-KO(select_bank_en_merged_r16)] | step 450/1591 (28.3%) | loss=4.9188 | lm=3.0625 | strategy_loss=0.4902 | relation_loss=0.3119 | anchor=0.0000 | train_emotion_acc=100.00% | train_strategy_f1=66.67% | train_relation_acc=100.00% | elapsed=2610s
[Stage3-KO(select_bank_en_merged_r16)] | step 460/1591 (28.9%) | loss=5.2149 | lm=2.3121 | strategy_loss=0.8444 | relation_loss=0.0537 | anchor=0.0000 | train_emotion_acc=100.00% | train_strategy_f1=20.00% | train_relation_acc=100.00% | elapsed=2668s
[Stage3-KO(select_bank_en_merged_r16)] | step 470/1591 (29.5%) | loss=5.2885 | lm=2.0168 | strategy_loss=0.5951 | relation_loss=1.6224 | anchor=0.0000 | train_emotion_acc=100.00% | train_strategy_f1=50.00% | train_relation_acc=50.00% | elapsed=2725s
[Stage3-KO(select_bank_en_merged_r16)] | step 480/1591 (30.2%) | loss=3.7760 | lm=1.8480 | strategy_loss=0.5651 | relation_loss=0.0236 | anchor=0.0000 | train_emotion_acc=100.00% | train_strategy_f1=75.00% | train_relation_acc=100.00% | elapsed=2783s
[Stage3-KO(select_bank_en_merged_r16)] | step 490/1591 (30.8%) | loss=4.8303 | lm=2.2141 | strategy_loss=0.6109 | relation_loss=0.6151 | anchor=0.0000 | train_emotion_acc=50.00% | train_strategy_f1=40.00% | train_relation_acc=100.00% | elapsed=2840s
[Stage3-KO(select_bank_en_merged_r16)] | step 500/1591 (31.4%) | loss=5.0838 | lm=2.2182 | strategy_loss=0.8802 | relation_loss=0.0282 | anchor=0.0000 | train_emotion_acc=100.00% | train_strategy_f1=20.00% | train_relation_acc=100.00% | elapsed=2897s
[Stage3-KO(select_bank_en_merged_r16)] | step 510/1591 (32.1%) | loss=3.7113 | lm=2.1020 | strategy_loss=0.4538 | relation_loss=0.2015 | anchor=0.0000 | train_emotion_acc=100.00% | train_strategy_f1=50.00% | train_relation_acc=100.00% | elapsed=2954s
[Stage3-KO(select_bank_en_merged_r16)] | step 520/1591 (32.7%) | loss=5.2522 | lm=2.4420 | strategy_loss=0.6039 | relation_loss=0.8706 | anchor=0.0000 | train_emotion_acc=50.00% | train_strategy_f1=66.67% | train_relation_acc=50.00% | elapsed=3012s
[Stage3-KO(select_bank_en_merged_r16)] | step 530/1591 (33.3%) | loss=5.1137 | lm=2.1368 | strategy_loss=0.8174 | relation_loss=0.4373 | anchor=0.0000 | train_emotion_acc=100.00% | train_strategy_f1=40.00% | train_relation_acc=50.00% | elapsed=3070s
[Stage3-KO(select_bank_en_merged_r16)] | step 540/1591 (33.9%) | loss=4.7965 | lm=1.8062 | strategy_loss=0.7193 | relation_loss=0.5314 | anchor=0.0000 | train_emotion_acc=50.00% | train_strategy_f1=33.33% | train_relation_acc=50.00% | elapsed=3128s
[Stage3-KO(select_bank_en_merged_r16)] | step 550/1591 (34.6%) | loss=4.3958 | lm=1.5679 | strategy_loss=0.8261 | relation_loss=0.0695 | anchor=0.0000 | train_emotion_acc=100.00% | train_strategy_f1=33.33% | train_relation_acc=100.00% | elapsed=3185s
[Stage3-KO(select_bank_en_merged_r16)] | step 560/1591 (35.2%) | loss=4.2544 | lm=2.3009 | strategy_loss=0.6033 | relation_loss=0.0077 | anchor=0.0000 | train_emotion_acc=100.00% | train_strategy_f1=60.00% | train_relation_acc=100.00% | elapsed=3243s
[Stage3-KO(select_bank_en_merged_r16)] | step 570/1591 (35.8%) | loss=4.8603 | lm=2.5527 | strategy_loss=0.6991 | relation_loss=0.0037 | anchor=0.0000 | train_emotion_acc=100.00% | train_strategy_f1=40.00% | train_relation_acc=100.00% | elapsed=3300s
[Stage3-KO(select_bank_en_merged_r16)] | step 580/1591 (36.5%) | loss=7.5688 | lm=3.0115 | strategy_loss=1.3392 | relation_loss=0.2057 | anchor=0.0000 | train_emotion_acc=50.00% | train_strategy_f1=28.57% | train_relation_acc=100.00% | elapsed=3358s
[Stage3-KO(select_bank_en_merged_r16)] | step 590/1591 (37.1%) | loss=6.9540 | lm=3.3362 | strategy_loss=0.9449 | relation_loss=0.7123 | anchor=0.0000 | train_emotion_acc=100.00% | train_strategy_f1=33.33% | train_relation_acc=100.00% | elapsed=3416s
[Stage3-KO(select_bank_en_merged_r16)] | step 600/1591 (37.7%) | loss=4.4110 | lm=2.1345 | strategy_loss=0.6823 | relation_loss=0.0004 | anchor=0.0000 | train_emotion_acc=100.00% | train_strategy_f1=40.00% | train_relation_acc=100.00% | elapsed=3474s
[Stage3-KO(select_bank_en_merged_r16)] | step 610/1591 (38.3%) | loss=5.5602 | lm=2.2370 | strategy_loss=0.9023 | relation_loss=0.5608 | anchor=0.0000 | train_emotion_acc=100.00% | train_strategy_f1=50.00% | train_relation_acc=50.00% | elapsed=3531s
[Stage3-KO(select_bank_en_merged_r16)] | step 620/1591 (39.0%) | loss=4.7117 | lm=2.4359 | strategy_loss=0.6808 | relation_loss=0.1135 | anchor=0.0000 | train_emotion_acc=100.00% | train_strategy_f1=25.00% | train_relation_acc=100.00% | elapsed=3589s
[Stage3-KO(select_bank_en_merged_r16)] | step 630/1591 (39.6%) | loss=6.2168 | lm=2.5459 | strategy_loss=1.1293 | relation_loss=0.0450 | anchor=0.0000 | train_emotion_acc=100.00% | train_strategy_f1=42.86% | train_relation_acc=100.00% | elapsed=3646s
[Stage3-KO(select_bank_en_merged_r16)] | step 640/1591 (40.2%) | loss=5.7344 | lm=3.1850 | strategy_loss=0.7439 | relation_loss=0.1157 | anchor=0.0000 | train_emotion_acc=100.00% | train_strategy_f1=60.00% | train_relation_acc=100.00% | elapsed=3704s
[Stage3-KO(select_bank_en_merged_r16)] | step 650/1591 (40.9%) | loss=4.3758 | lm=2.3709 | strategy_loss=0.6038 | relation_loss=0.0060 | anchor=0.0000 | train_emotion_acc=100.00% | train_strategy_f1=60.00% | train_relation_acc=100.00% | elapsed=3762s
[Stage3-KO(select_bank_en_merged_r16)] | step 660/1591 (41.5%) | loss=5.2174 | lm=2.4289 | strategy_loss=0.5823 | relation_loss=1.1844 | anchor=0.0000 | train_emotion_acc=100.00% | train_strategy_f1=100.00% | train_relation_acc=50.00% | elapsed=3819s
[Stage3-KO(select_bank_en_merged_r16)] | step 670/1591 (42.1%) | loss=4.6532 | lm=2.1983 | strategy_loss=0.6639 | relation_loss=0.4227 | anchor=0.0000 | train_emotion_acc=100.00% | train_strategy_f1=60.00% | train_relation_acc=50.00% | elapsed=3877s
[Stage3-KO(select_bank_en_merged_r16)] | step 680/1591 (42.7%) | loss=4.7590 | lm=2.3457 | strategy_loss=0.7294 | relation_loss=0.0244 | anchor=0.0000 | train_emotion_acc=100.00% | train_strategy_f1=40.00% | train_relation_acc=100.00% | elapsed=3934s
[Stage3-KO(select_bank_en_merged_r16)] | step 690/1591 (43.4%) | loss=5.7345 | lm=2.6797 | strategy_loss=0.7073 | relation_loss=0.8006 | anchor=0.0000 | train_emotion_acc=50.00% | train_strategy_f1=33.33% | train_relation_acc=50.00% | elapsed=3991s
[Stage3-KO(select_bank_en_merged_r16)] | step 700/1591 (44.0%) | loss=4.8065 | lm=2.5851 | strategy_loss=0.5970 | relation_loss=0.1433 | anchor=0.0000 | train_emotion_acc=50.00% | train_strategy_f1=75.00% | train_relation_acc=100.00% | elapsed=4049s
[Stage3-KO(select_bank_en_merged_r16)] | step 710/1591 (44.6%) | loss=4.0664 | lm=1.9413 | strategy_loss=0.6502 | relation_loss=0.0542 | anchor=0.0000 | train_emotion_acc=100.00% | train_strategy_f1=40.00% | train_relation_acc=100.00% | elapsed=4106s
[Stage3-KO(select_bank_en_merged_r16)] | step 720/1591 (45.3%) | loss=5.0817 | lm=2.9463 | strategy_loss=0.4986 | relation_loss=0.2769 | anchor=0.0000 | train_emotion_acc=50.00% | train_strategy_f1=50.00% | train_relation_acc=100.00% | elapsed=4164s
[Stage3-KO(select_bank_en_merged_r16)] | step 730/1591 (45.9%) | loss=5.0148 | lm=2.4500 | strategy_loss=0.7705 | relation_loss=0.1492 | anchor=0.0000 | train_emotion_acc=100.00% | train_strategy_f1=40.00% | train_relation_acc=100.00% | elapsed=4221s
[Stage3-KO(select_bank_en_merged_r16)] | step 740/1591 (46.5%) | loss=5.2420 | lm=2.4102 | strategy_loss=0.6641 | relation_loss=0.5564 | anchor=0.0000 | train_emotion_acc=50.00% | train_strategy_f1=40.00% | train_relation_acc=50.00% | elapsed=4279s
[Stage3-KO(select_bank_en_merged_r16)] | step 750/1591 (47.1%) | loss=5.3221 | lm=2.4918 | strategy_loss=0.7425 | relation_loss=0.5761 | anchor=0.0000 | train_emotion_acc=100.00% | train_strategy_f1=80.00% | train_relation_acc=50.00% | elapsed=4336s
[Stage3-KO(select_bank_en_merged_r16)] | step 760/1591 (47.8%) | loss=4.7492 | lm=1.9715 | strategy_loss=0.6981 | relation_loss=0.5738 | anchor=0.0000 | train_emotion_acc=100.00% | train_strategy_f1=66.67% | train_relation_acc=50.00% | elapsed=4393s
[Stage3-KO(select_bank_en_merged_r16)] | step 770/1591 (48.4%) | loss=4.5644 | lm=2.4700 | strategy_loss=0.6195 | relation_loss=0.0125 | anchor=0.0000 | train_emotion_acc=100.00% | train_strategy_f1=50.00% | train_relation_acc=100.00% | elapsed=4450s
[Stage3-KO(select_bank_en_merged_r16)] | step 780/1591 (49.0%) | loss=5.5493 | lm=2.6278 | strategy_loss=0.5754 | relation_loss=1.2854 | anchor=0.0000 | train_emotion_acc=100.00% | train_strategy_f1=60.00% | train_relation_acc=50.00% | elapsed=4507s
[Stage3-KO(select_bank_en_merged_r16)] | step 790/1591 (49.7%) | loss=5.3380 | lm=2.5702 | strategy_loss=0.8685 | relation_loss=0.0010 | anchor=0.0000 | train_emotion_acc=100.00% | train_strategy_f1=16.67% | train_relation_acc=100.00% | elapsed=4564s
[Stage3-KO(select_bank_en_merged_r16)] | step 800/1591 (50.3%) | loss=5.6499 | lm=2.3389 | strategy_loss=0.8811 | relation_loss=0.3641 | anchor=0.0000 | train_emotion_acc=50.00% | train_strategy_f1=50.00% | train_relation_acc=100.00% | elapsed=4621s
[Stage3-KO(select_bank_en_merged_r16)] EVAL @800 (valid) | EMOTION=85.50% | RELATION=96.50% | STRATEGY=66.27% | STRATEGY_HAMMING=64.38% | loss=4.8825 | lm_loss=2.3290 | emotion_loss=0.5076 | strategy_loss=0.7281 | relation_loss=0.1722
[Stage3-KO(select_bank_en_merged_r16)] | step 810/1591 (50.9%) | loss=4.6533 | lm=2.0113 | strategy_loss=0.5917 | relation_loss=0.7544 | anchor=0.0000 | train_emotion_acc=50.00% | train_strategy_f1=50.00% | train_relation_acc=50.00% | elapsed=4712s
[Stage3-KO(select_bank_en_merged_r16)] | step 820/1591 (51.5%) | loss=5.6494 | lm=2.8195 | strategy_loss=0.7951 | relation_loss=0.3620 | anchor=0.0000 | train_emotion_acc=100.00% | train_strategy_f1=33.33% | train_relation_acc=100.00% | elapsed=4770s
[Stage3-KO(select_bank_en_merged_r16)] | step 830/1591 (52.2%) | loss=5.7978 | lm=2.2856 | strategy_loss=0.6792 | relation_loss=1.6130 | anchor=0.0000 | train_emotion_acc=100.00% | train_strategy_f1=60.00% | train_relation_acc=50.00% | elapsed=4827s
[Stage3-KO(select_bank_en_merged_r16)] | step 840/1591 (52.8%) | loss=5.0454 | lm=2.6230 | strategy_loss=0.7527 | relation_loss=0.0004 | anchor=0.0000 | train_emotion_acc=100.00% | train_strategy_f1=50.00% | train_relation_acc=100.00% | elapsed=4885s
[Stage3-KO(select_bank_en_merged_r16)] | step 850/1591 (53.4%) | loss=6.6929 | lm=2.5601 | strategy_loss=1.2909 | relation_loss=0.0295 | anchor=0.0000 | train_emotion_acc=100.00% | train_strategy_f1=28.57% | train_relation_acc=100.00% | elapsed=4942s
[Stage3-KO(select_bank_en_merged_r16)] | step 860/1591 (54.1%) | loss=6.2089 | lm=1.5707 | strategy_loss=0.7625 | relation_loss=2.2764 | anchor=0.0000 | train_emotion_acc=50.00% | train_strategy_f1=20.00% | train_relation_acc=50.00% | elapsed=5000s
[Stage3-KO(select_bank_en_merged_r16)] | step 870/1591 (54.7%) | loss=5.6920 | lm=2.3487 | strategy_loss=0.9174 | relation_loss=0.5084 | anchor=0.0000 | train_emotion_acc=100.00% | train_strategy_f1=16.67% | train_relation_acc=100.00% | elapsed=5058s
[Stage3-KO(select_bank_en_merged_r16)] | step 880/1591 (55.3%) | loss=5.3265 | lm=2.4554 | strategy_loss=0.7195 | relation_loss=0.3234 | anchor=0.0000 | train_emotion_acc=50.00% | train_strategy_f1=40.00% | train_relation_acc=100.00% | elapsed=5116s
[Stage3-KO(select_bank_en_merged_r16)] | step 890/1591 (55.9%) | loss=5.0716 | lm=2.5087 | strategy_loss=0.6530 | relation_loss=0.5419 | anchor=0.0000 | train_emotion_acc=100.00% | train_strategy_f1=40.00% | train_relation_acc=100.00% | elapsed=5173s
[Stage3-KO(select_bank_en_merged_r16)] | step 900/1591 (56.6%) | loss=4.8657 | lm=2.2269 | strategy_loss=0.7470 | relation_loss=0.2551 | anchor=0.0000 | train_emotion_acc=100.00% | train_strategy_f1=50.00% | train_relation_acc=100.00% | elapsed=5231s
[Stage3-KO(select_bank_en_merged_r16)] | step 910/1591 (57.2%) | loss=5.4075 | lm=2.1699 | strategy_loss=0.9729 | relation_loss=0.1748 | anchor=0.0000 | train_emotion_acc=100.00% | train_strategy_f1=33.33% | train_relation_acc=100.00% | elapsed=5288s
[Stage3-KO(select_bank_en_merged_r16)] | step 920/1591 (57.8%) | loss=4.3740 | lm=1.6613 | strategy_loss=0.6904 | relation_loss=0.6132 | anchor=0.0000 | train_emotion_acc=100.00% | train_strategy_f1=33.33% | train_relation_acc=50.00% | elapsed=5345s
[Stage3-KO(select_bank_en_merged_r16)] | step 930/1591 (58.5%) | loss=6.5368 | lm=2.3853 | strategy_loss=1.2719 | relation_loss=0.0180 | anchor=0.0000 | train_emotion_acc=100.00% | train_strategy_f1=42.86% | train_relation_acc=100.00% | elapsed=5402s
[Stage3-KO(select_bank_en_merged_r16)] | step 940/1591 (59.1%) | loss=5.2853 | lm=2.0552 | strategy_loss=0.8939 | relation_loss=0.4368 | anchor=0.0000 | train_emotion_acc=100.00% | train_strategy_f1=33.33% | train_relation_acc=100.00% | elapsed=5459s
[Stage3-KO(select_bank_en_merged_r16)] | step 950/1591 (59.7%) | loss=4.7260 | lm=2.2256 | strategy_loss=0.5494 | relation_loss=0.7538 | anchor=0.0000 | train_emotion_acc=50.00% | train_strategy_f1=50.00% | train_relation_acc=50.00% | elapsed=5515s
[Stage3-KO(select_bank_en_merged_r16)] | step 960/1591 (60.3%) | loss=6.7528 | lm=2.6806 | strategy_loss=0.7098 | relation_loss=2.2887 | anchor=0.0000 | train_emotion_acc=100.00% | train_strategy_f1=60.00% | train_relation_acc=0.00% | elapsed=5573s
[Stage3-KO(select_bank_en_merged_r16)] | step 970/1591 (61.0%) | loss=4.5383 | lm=2.6850 | strategy_loss=0.5849 | relation_loss=0.0034 | anchor=0.0000 | train_emotion_acc=100.00% | train_strategy_f1=40.00% | train_relation_acc=100.00% | elapsed=5629s
[Stage3-KO(select_bank_en_merged_r16)] | step 980/1591 (61.6%) | loss=4.6985 | lm=2.4576 | strategy_loss=0.6167 | relation_loss=0.2946 | anchor=0.0000 | train_emotion_acc=100.00% | train_strategy_f1=50.00% | train_relation_acc=100.00% | elapsed=5686s
[Stage3-KO(select_bank_en_merged_r16)] | step 990/1591 (62.2%) | loss=5.5284 | lm=2.4325 | strategy_loss=0.8417 | relation_loss=0.3011 | anchor=0.0000 | train_emotion_acc=50.00% | train_strategy_f1=50.00% | train_relation_acc=100.00% | elapsed=5743s
[Stage3-KO(select_bank_en_merged_r16)] | step 1000/1591 (62.9%) | loss=6.8372 | lm=2.9242 | strategy_loss=0.6670 | relation_loss=1.9046 | anchor=0.0000 | train_emotion_acc=50.00% | train_strategy_f1=40.00% | train_relation_acc=50.00% | elapsed=5800s
[Stage3-KO(select_bank_en_merged_r16)] | step 1010/1591 (63.5%) | loss=6.5355 | lm=2.5884 | strategy_loss=0.9058 | relation_loss=0.7796 | anchor=0.0000 | train_emotion_acc=0.00% | train_strategy_f1=33.33% | train_relation_acc=50.00% | elapsed=5857s
[Stage3-KO(select_bank_en_merged_r16)] | step 1020/1591 (64.1%) | loss=4.8538 | lm=2.2769 | strategy_loss=0.8103 | relation_loss=0.0253 | anchor=0.0000 | train_emotion_acc=100.00% | train_strategy_f1=40.00% | train_relation_acc=100.00% | elapsed=5915s
[Stage3-KO(select_bank_en_merged_r16)] | step 1030/1591 (64.7%) | loss=4.1663 | lm=1.9316 | strategy_loss=0.6514 | relation_loss=0.0039 | anchor=0.0000 | train_emotion_acc=50.00% | train_strategy_f1=50.00% | train_relation_acc=100.00% | elapsed=5972s
[Stage3-KO(select_bank_en_merged_r16)] | step 1040/1591 (65.4%) | loss=4.3402 | lm=2.2536 | strategy_loss=0.6081 | relation_loss=0.0007 | anchor=0.0000 | train_emotion_acc=50.00% | train_strategy_f1=66.67% | train_relation_acc=100.00% | elapsed=6028s
[Stage3-KO(select_bank_en_merged_r16)] | step 1050/1591 (66.0%) | loss=5.6864 | lm=3.3822 | strategy_loss=0.5672 | relation_loss=0.3290 | anchor=0.0000 | train_emotion_acc=50.00% | train_strategy_f1=80.00% | train_relation_acc=100.00% | elapsed=6086s
[Stage3-KO(select_bank_en_merged_r16)] | step 1060/1591 (66.6%) | loss=6.0743 | lm=2.4999 | strategy_loss=1.1181 | relation_loss=0.0104 | anchor=0.0000 | train_emotion_acc=100.00% | train_strategy_f1=50.00% | train_relation_acc=100.00% | elapsed=6143s
[Stage3-KO(select_bank_en_merged_r16)] | step 1070/1591 (67.3%) | loss=8.0158 | lm=1.8429 | strategy_loss=0.7935 | relation_loss=4.4471 | anchor=0.0000 | train_emotion_acc=50.00% | train_strategy_f1=66.67% | train_relation_acc=50.00% | elapsed=6201s
[Stage3-KO(select_bank_en_merged_r16)] | step 1080/1591 (67.9%) | loss=3.5483 | lm=1.8435 | strategy_loss=0.4669 | relation_loss=0.2126 | anchor=0.0000 | train_emotion_acc=100.00% | train_strategy_f1=100.00% | train_relation_acc=100.00% | elapsed=6259s
[Stage3-KO(select_bank_en_merged_r16)] | step 1090/1591 (68.5%) | loss=5.3708 | lm=2.2997 | strategy_loss=0.9521 | relation_loss=0.0269 | anchor=0.0000 | train_emotion_acc=100.00% | train_strategy_f1=33.33% | train_relation_acc=100.00% | elapsed=6316s
[Stage3-KO(select_bank_en_merged_r16)] | step 1100/1591 (69.1%) | loss=5.6015 | lm=2.3181 | strategy_loss=1.0168 | relation_loss=0.0087 | anchor=0.0000 | train_emotion_acc=100.00% | train_strategy_f1=42.86% | train_relation_acc=100.00% | elapsed=6373s
[Stage3-KO(select_bank_en_merged_r16)] | step 1110/1591 (69.8%) | loss=4.1555 | lm=1.9942 | strategy_loss=0.6628 | relation_loss=0.0000 | anchor=0.0000 | train_emotion_acc=100.00% | train_strategy_f1=50.00% | train_relation_acc=100.00% | elapsed=6430s
[Stage3-KO(select_bank_en_merged_r16)] | step 1120/1591 (70.4%) | loss=6.9559 | lm=2.4953 | strategy_loss=0.9812 | relation_loss=1.5772 | anchor=0.0000 | train_emotion_acc=50.00% | train_strategy_f1=25.00% | train_relation_acc=50.00% | elapsed=6488s
[Stage3-KO(select_bank_en_merged_r16)] | step 1130/1591 (71.0%) | loss=5.0121 | lm=2.0169 | strategy_loss=0.7794 | relation_loss=0.4626 | anchor=0.0000 | train_emotion_acc=50.00% | train_strategy_f1=60.00% | train_relation_acc=50.00% | elapsed=6544s
[Stage3-KO(select_bank_en_merged_r16)] | step 1140/1591 (71.7%) | loss=5.5593 | lm=1.7643 | strategy_loss=1.0572 | relation_loss=0.0663 | anchor=0.0000 | train_emotion_acc=0.00% | train_strategy_f1=42.86% | train_relation_acc=100.00% | elapsed=6602s
[Stage3-KO(select_bank_en_merged_r16)] | step 1150/1591 (72.3%) | loss=7.2268 | lm=2.5762 | strategy_loss=0.7825 | relation_loss=2.6471 | anchor=0.0000 | train_emotion_acc=100.00% | train_strategy_f1=20.00% | train_relation_acc=50.00% | elapsed=6658s
[Stage3-KO(select_bank_en_merged_r16)] | step 1160/1591 (72.9%) | loss=4.2085 | lm=2.6154 | strategy_loss=0.4587 | relation_loss=0.1576 | anchor=0.0000 | train_emotion_acc=100.00% | train_strategy_f1=75.00% | train_relation_acc=100.00% | elapsed=6715s
[Stage3-KO(select_bank_en_merged_r16)] | step 1170/1591 (73.5%) | loss=4.7003 | lm=2.3021 | strategy_loss=0.5891 | relation_loss=0.1013 | anchor=0.0000 | train_emotion_acc=0.00% | train_strategy_f1=40.00% | train_relation_acc=100.00% | elapsed=6772s
[Stage3-KO(select_bank_en_merged_r16)] | step 1180/1591 (74.2%) | loss=5.0219 | lm=2.4187 | strategy_loss=0.6870 | relation_loss=0.5305 | anchor=0.0000 | train_emotion_acc=100.00% | train_strategy_f1=60.00% | train_relation_acc=50.00% | elapsed=6830s
[Stage3-KO(select_bank_en_merged_r16)] | step 1190/1591 (74.8%) | loss=4.5797 | lm=2.1084 | strategy_loss=0.7737 | relation_loss=0.0143 | anchor=0.0000 | train_emotion_acc=100.00% | train_strategy_f1=40.00% | train_relation_acc=100.00% | elapsed=6886s
[Stage3-KO(select_bank_en_merged_r16)] | step 1200/1591 (75.4%) | loss=5.7949 | lm=2.5776 | strategy_loss=0.8555 | relation_loss=0.2094 | anchor=0.0000 | train_emotion_acc=0.00% | train_strategy_f1=16.67% | train_relation_acc=100.00% | elapsed=6943s
[Stage3-KO(select_bank_en_merged_r16)] EVAL @1200 (valid) | EMOTION=84.50% | RELATION=97.50% | STRATEGY=68.13% | STRATEGY_HAMMING=65.62% | loss=4.7902 | lm_loss=2.2809 | emotion_loss=0.4907 | strategy_loss=0.7248 | relation_loss=0.1343
[Stage3-KO(select_bank_en_merged_r16)] | step 1210/1591 (76.1%) | loss=4.2272 | lm=1.9398 | strategy_loss=0.5327 | relation_loss=0.5537 | anchor=0.0000 | train_emotion_acc=50.00% | train_strategy_f1=80.00% | train_relation_acc=100.00% | elapsed=7034s
[Stage3-KO(select_bank_en_merged_r16)] | step 1220/1591 (76.7%) | loss=4.7501 | lm=2.5211 | strategy_loss=0.6875 | relation_loss=0.0633 | anchor=0.0000 | train_emotion_acc=100.00% | train_strategy_f1=50.00% | train_relation_acc=100.00% | elapsed=7092s
[Stage3-KO(select_bank_en_merged_r16)] | step 1230/1591 (77.3%) | loss=4.6065 | lm=1.8724 | strategy_loss=0.7744 | relation_loss=0.2135 | anchor=0.0000 | train_emotion_acc=100.00% | train_strategy_f1=25.00% | train_relation_acc=100.00% | elapsed=7149s
[Stage3-KO(select_bank_en_merged_r16)] | step 1240/1591 (77.9%) | loss=4.9386 | lm=2.4960 | strategy_loss=0.7033 | relation_loss=0.1422 | anchor=0.0000 | train_emotion_acc=100.00% | train_strategy_f1=20.00% | train_relation_acc=100.00% | elapsed=7207s
[Stage3-KO(select_bank_en_merged_r16)] | step 1250/1591 (78.6%) | loss=5.9428 | lm=2.3354 | strategy_loss=0.7491 | relation_loss=0.9214 | anchor=0.0000 | train_emotion_acc=0.00% | train_strategy_f1=40.00% | train_relation_acc=50.00% | elapsed=7264s
[Stage3-KO(select_bank_en_merged_r16)] | step 1260/1591 (79.2%) | loss=5.4927 | lm=2.7422 | strategy_loss=0.7844 | relation_loss=0.2361 | anchor=0.0000 | train_emotion_acc=100.00% | train_strategy_f1=50.00% | train_relation_acc=100.00% | elapsed=7322s
[Stage3-KO(select_bank_en_merged_r16)] | step 1270/1591 (79.8%) | loss=5.3094 | lm=2.7309 | strategy_loss=0.7048 | relation_loss=0.0970 | anchor=0.0000 | train_emotion_acc=50.00% | train_strategy_f1=40.00% | train_relation_acc=100.00% | elapsed=7379s
[Stage3-KO(select_bank_en_merged_r16)] | step 1280/1591 (80.5%) | loss=5.2726 | lm=2.0394 | strategy_loss=0.8353 | relation_loss=0.1914 | anchor=0.0000 | train_emotion_acc=50.00% | train_strategy_f1=33.33% | train_relation_acc=100.00% | elapsed=7437s
[Stage3-KO(select_bank_en_merged_r16)] | step 1290/1591 (81.1%) | loss=4.3272 | lm=2.4821 | strategy_loss=0.5735 | relation_loss=0.0031 | anchor=0.0000 | train_emotion_acc=100.00% | train_strategy_f1=50.00% | train_relation_acc=100.00% | elapsed=7494s
[Stage3-KO(select_bank_en_merged_r16)] | step 1300/1591 (81.7%) | loss=3.9851 | lm=1.6774 | strategy_loss=0.6398 | relation_loss=0.2591 | anchor=0.0000 | train_emotion_acc=100.00% | train_strategy_f1=33.33% | train_relation_acc=100.00% | elapsed=7551s
[Stage3-KO(select_bank_en_merged_r16)] | step 1310/1591 (82.3%) | loss=5.8325 | lm=2.1678 | strategy_loss=0.9378 | relation_loss=0.5329 | anchor=0.0000 | train_emotion_acc=50.00% | train_strategy_f1=20.00% | train_relation_acc=50.00% | elapsed=7608s
[Stage3-KO(select_bank_en_merged_r16)] | step 1320/1591 (83.0%) | loss=4.9391 | lm=2.1287 | strategy_loss=0.7885 | relation_loss=0.3259 | anchor=0.0000 | train_emotion_acc=100.00% | train_strategy_f1=66.67% | train_relation_acc=100.00% | elapsed=7666s
[Stage3-KO(select_bank_en_merged_r16)] | step 1330/1591 (83.6%) | loss=4.8144 | lm=2.6757 | strategy_loss=0.6604 | relation_loss=0.0016 | anchor=0.0000 | train_emotion_acc=100.00% | train_strategy_f1=75.00% | train_relation_acc=100.00% | elapsed=7723s
[Stage3-KO(select_bank_en_merged_r16)] | step 1340/1591 (84.2%) | loss=4.3575 | lm=1.8824 | strategy_loss=0.7655 | relation_loss=0.0341 | anchor=0.0000 | train_emotion_acc=100.00% | train_strategy_f1=50.00% | train_relation_acc=100.00% | elapsed=7781s
[Stage3-KO(select_bank_en_merged_r16)] | step 1350/1591 (84.9%) | loss=5.7567 | lm=2.4768 | strategy_loss=0.7057 | relation_loss=1.2288 | anchor=0.0000 | train_emotion_acc=100.00% | train_strategy_f1=66.67% | train_relation_acc=50.00% | elapsed=7838s
[Stage3-KO(select_bank_en_merged_r16)] | step 1360/1591 (85.5%) | loss=4.6035 | lm=1.6191 | strategy_loss=0.9404 | relation_loss=0.0005 | anchor=0.0000 | train_emotion_acc=100.00% | train_strategy_f1=33.33% | train_relation_acc=100.00% | elapsed=7896s
[Stage3-KO(select_bank_en_merged_r16)] | step 1370/1591 (86.1%) | loss=4.9528 | lm=1.8199 | strategy_loss=0.9326 | relation_loss=0.0435 | anchor=0.0000 | train_emotion_acc=50.00% | train_strategy_f1=57.14% | train_relation_acc=100.00% | elapsed=7954s
[Stage3-KO(select_bank_en_merged_r16)] | step 1380/1591 (86.7%) | loss=5.8532 | lm=2.4237 | strategy_loss=0.7749 | relation_loss=1.1646 | anchor=0.0000 | train_emotion_acc=100.00% | train_strategy_f1=33.33% | train_relation_acc=50.00% | elapsed=8012s
[Stage3-KO(select_bank_en_merged_r16)] | step 1390/1591 (87.4%) | loss=4.5370 | lm=2.4128 | strategy_loss=0.5614 | relation_loss=0.0630 | anchor=0.0000 | train_emotion_acc=50.00% | train_strategy_f1=60.00% | train_relation_acc=100.00% | elapsed=8069s
[Stage3-KO(select_bank_en_merged_r16)] | step 1400/1591 (88.0%) | loss=5.4677 | lm=2.3578 | strategy_loss=0.7885 | relation_loss=0.6469 | anchor=0.0000 | train_emotion_acc=100.00% | train_strategy_f1=33.33% | train_relation_acc=50.00% | elapsed=8127s
[Stage3-KO(select_bank_en_merged_r16)] | step 1410/1591 (88.6%) | loss=4.5152 | lm=2.8895 | strategy_loss=0.4642 | relation_loss=0.0022 | anchor=0.0000 | train_emotion_acc=50.00% | train_strategy_f1=66.67% | train_relation_acc=100.00% | elapsed=8183s
[Stage3-KO(select_bank_en_merged_r16)] | step 1420/1591 (89.3%) | loss=5.6023 | lm=2.3718 | strategy_loss=0.6954 | relation_loss=1.2498 | anchor=0.0000 | train_emotion_acc=100.00% | train_strategy_f1=60.00% | train_relation_acc=50.00% | elapsed=8242s
[Stage3-KO(select_bank_en_merged_r16)] | step 1430/1591 (89.9%) | loss=5.3898 | lm=1.8172 | strategy_loss=1.0844 | relation_loss=0.0518 | anchor=0.0000 | train_emotion_acc=100.00% | train_strategy_f1=33.33% | train_relation_acc=100.00% | elapsed=8299s
[Stage3-KO(select_bank_en_merged_r16)] | step 1440/1591 (90.5%) | loss=5.5857 | lm=2.7569 | strategy_loss=0.6476 | relation_loss=0.5396 | anchor=0.0000 | train_emotion_acc=50.00% | train_strategy_f1=50.00% | train_relation_acc=100.00% | elapsed=8356s
[Stage3-KO(select_bank_en_merged_r16)] | step 1450/1591 (91.1%) | loss=5.6332 | lm=2.4469 | strategy_loss=0.9152 | relation_loss=0.0104 | anchor=0.0000 | train_emotion_acc=50.00% | train_strategy_f1=16.67% | train_relation_acc=100.00% | elapsed=8414s
[Stage3-KO(select_bank_en_merged_r16)] | step 1460/1591 (91.8%) | loss=5.0271 | lm=2.1547 | strategy_loss=0.8590 | relation_loss=0.0160 | anchor=0.0000 | train_emotion_acc=100.00% | train_strategy_f1=40.00% | train_relation_acc=100.00% | elapsed=8472s
[Stage3-KO(select_bank_en_merged_r16)] | step 1470/1591 (92.4%) | loss=3.4287 | lm=1.8711 | strategy_loss=0.4608 | relation_loss=0.0114 | anchor=0.0000 | train_emotion_acc=100.00% | train_strategy_f1=100.00% | train_relation_acc=100.00% | elapsed=8529s
[Stage3-KO(select_bank_en_merged_r16)] | step 1480/1591 (93.0%) | loss=6.5784 | lm=2.8890 | strategy_loss=1.1480 | relation_loss=0.0055 | anchor=0.0000 | train_emotion_acc=100.00% | train_strategy_f1=33.33% | train_relation_acc=100.00% | elapsed=8586s
[Stage3-KO(select_bank_en_merged_r16)] | step 1490/1591 (93.7%) | loss=5.9475 | lm=2.7968 | strategy_loss=0.6717 | relation_loss=1.2293 | anchor=0.0000 | train_emotion_acc=100.00% | train_strategy_f1=40.00% | train_relation_acc=0.00% | elapsed=8643s
[Stage3-KO(select_bank_en_merged_r16)] | step 1500/1591 (94.3%) | loss=5.0979 | lm=2.8059 | strategy_loss=0.6116 | relation_loss=0.0418 | anchor=0.0000 | train_emotion_acc=50.00% | train_strategy_f1=50.00% | train_relation_acc=100.00% | elapsed=8701s
[Stage3-KO(select_bank_en_merged_r16)] | step 1510/1591 (94.9%) | loss=4.2783 | lm=2.0002 | strategy_loss=0.6448 | relation_loss=0.2893 | anchor=0.0000 | train_emotion_acc=100.00% | train_strategy_f1=33.33% | train_relation_acc=100.00% | elapsed=8758s
[Stage3-KO(select_bank_en_merged_r16)] | step 1520/1591 (95.5%) | loss=5.9053 | lm=2.9654 | strategy_loss=0.7397 | relation_loss=0.7634 | anchor=0.0000 | train_emotion_acc=100.00% | train_strategy_f1=50.00% | train_relation_acc=50.00% | elapsed=8816s
[Stage3-KO(select_bank_en_merged_r16)] | step 1530/1591 (96.2%) | loss=6.0195 | lm=3.2157 | strategy_loss=0.6183 | relation_loss=0.9745 | anchor=0.0000 | train_emotion_acc=100.00% | train_strategy_f1=20.00% | train_relation_acc=50.00% | elapsed=8874s
[Stage3-KO(select_bank_en_merged_r16)] | step 1540/1591 (96.8%) | loss=4.2531 | lm=2.3741 | strategy_loss=0.5005 | relation_loss=0.1224 | anchor=0.0000 | train_emotion_acc=50.00% | train_strategy_f1=40.00% | train_relation_acc=100.00% | elapsed=8932s
[Stage3-KO(select_bank_en_merged_r16)] | step 1550/1591 (97.4%) | loss=4.4344 | lm=2.0674 | strategy_loss=0.6911 | relation_loss=0.1031 | anchor=0.0000 | train_emotion_acc=100.00% | train_strategy_f1=50.00% | train_relation_acc=100.00% | elapsed=8988s
[Stage3-KO(select_bank_en_merged_r16)] | step 1560/1591 (98.1%) | loss=5.1022 | lm=2.3061 | strategy_loss=0.7071 | relation_loss=0.6886 | anchor=0.0000 | train_emotion_acc=100.00% | train_strategy_f1=60.00% | train_relation_acc=50.00% | elapsed=9046s
[Stage3-KO(select_bank_en_merged_r16)] | step 1570/1591 (98.7%) | loss=5.4559 | lm=2.2741 | strategy_loss=0.6199 | relation_loss=1.1474 | anchor=0.0000 | train_emotion_acc=50.00% | train_strategy_f1=50.00% | train_relation_acc=0.00% | elapsed=9103s
[Stage3-KO(select_bank_en_merged_r16)] | step 1580/1591 (99.3%) | loss=4.5700 | lm=2.4615 | strategy_loss=0.6163 | relation_loss=0.1894 | anchor=0.0000 | train_emotion_acc=100.00% | train_strategy_f1=40.00% | train_relation_acc=100.00% | elapsed=9161s
[Stage3-KO(select_bank_en_merged_r16)] | step 1590/1591 (99.9%) | loss=6.5266 | lm=2.3616 | strategy_loss=1.2293 | relation_loss=0.0024 | anchor=0.0000 | train_emotion_acc=50.00% | train_strategy_f1=50.00% | train_relation_acc=100.00% | elapsed=9218s
[Stage3-KO(select_bank_en_merged_r16)] FINAL | EMOTION=85.50% | RELATION=97.50% | STRATEGY=65.71% | STRATEGY_HAMMING=64.25%
[Stage3-KO(select_bank_en_merged_r16)] saved_to=/home/jbnu/jaehong/en-ko-empathy-lora/outputs/taffc/qwen/ablation/A4_no_curr/s42
[Stage3-KO(select_bank_en_merged_r16)] init_mode=select_bank_en_merged_r16
[Stage3-KO(select_bank_en_merged_r16)] vram_peak_gb=37.066
[Stage3-KO(select_bank_en_merged_r16)] steps=1591
[Stage3-KO(select_bank_en_merged_r16)] progress -> /home/jbnu/jaehong/en-ko-empathy-lora/outputs/taffc/qwen/ablation/A4_no_curr/s42/progress.json
[TRAIN] outputs/taffc/qwen/ablation/A5_no_replay/s42 seed=42
device=cuda
cuda_device=NVIDIA L40S
train=25456 valid=3182 A=6 S=4 R=7 strategy_scope=utterance
Warning: You are sending unauthenticated requests to the HF Hub. Please set a HF_TOKEN to enable higher rate limits and faster downloads.
Fetching 4 files:   0%|          | 0/4 [00:00<?, ?it/s]Fetching 4 files: 100%|██████████| 4/4 [00:00<00:00, 11634.69it/s]
[transformers] The fast path is not available because one of the required library is not installed. Falling back to torch implementation. To install follow https://github.com/fla-org/flash-linear-attention#installation and https://github.com/Dao-AILab/causal-conv1d
Loading weights:   0%|          | 0/427 [00:00<?, ?it/s]Loading weights: 100%|██████████| 427/427 [00:00<00:00, 9187.61it/s]
bitsandbytes library load error: Configured CUDA binary not found at /home/jbnu/jupyter-env/lib/python3.12/site-packages/bitsandbytes/libbitsandbytes_cuda130.so
 If you are using Intel CPU/XPU, please install intel_extension_for_pytorch to enable required ops
Traceback (most recent call last):
  File "/home/jbnu/jupyter-env/lib/python3.12/site-packages/bitsandbytes/cextension.py", line 318, in <module>
    lib = get_native_library()
          ^^^^^^^^^^^^^^^^^^^^
  File "/home/jbnu/jupyter-env/lib/python3.12/site-packages/bitsandbytes/cextension.py", line 282, in get_native_library
    raise RuntimeError(f"Configured {BNB_BACKEND} binary not found at {cuda_binary_path}")
RuntimeError: Configured CUDA binary not found at /home/jbnu/jupyter-env/lib/python3.12/site-packages/bitsandbytes/libbitsandbytes_cuda130.so
lora_init_mode=select_bank_en_merged_r16
gates={'affect': 'share', 'strategy': 'relearn', 'relation': 'relearn', 'culture': 'suppress'}
strategy_pos_weight=[1.7157411575317383, 1.7157411575317383, 1.7157411575317383, 1.7157411575317383]
loss_weights emotion=0.245 strategy=3.150 relation=0.787 gate_conditioned=True curriculum=True
two_pass_affect=True
LoRA anchor enabled weight=0.04 n_params=64
lr_lora=7.5e-05 lr_head=0.00015 freeze_lora=False trainable=20,783,121
[Stage3-KO(select_bank_en_merged_r16)] model=Qwen/Qwen3.5-9B train=25456 valid=3182 init=select_bank_en_merged_r16 steps≈1591 S=multilabel gates={'affect': 'share', 'strategy': 'relearn', 'relation': 'relearn', 'culture': 'suppress'}
[Stage3-KO(select_bank_en_merged_r16)] | step 1/1591 (0.1%) | loss=9.1809 | lm=2.7468 | strategy_loss=1.0081 | relation_loss=1.9323 | anchor=0.0000 | train_emotion_acc=0.00% | train_strategy_f1=0.00% | train_relation_acc=0.00% | elapsed=7s
[Stage3-KO(select_bank_en_merged_r16)] | step 10/1591 (0.6%) | loss=10.8041 | lm=3.2704 | strategy_loss=1.1529 | relation_loss=2.3384 | anchor=0.0000 | train_emotion_acc=0.00% | train_strategy_f1=42.86% | train_relation_acc=0.00% | elapsed=57s
[Stage3-KO(select_bank_en_merged_r16)] | step 20/1591 (1.3%) | loss=6.7181 | lm=2.9142 | strategy_loss=0.4199 | relation_loss=1.8082 | anchor=0.0000 | train_emotion_acc=50.00% | train_strategy_f1=80.00% | train_relation_acc=50.00% | elapsed=113s
[Stage3-KO(select_bank_en_merged_r16)] | step 30/1591 (1.9%) | loss=8.5915 | lm=2.8338 | strategy_loss=0.9732 | relation_loss=1.4275 | anchor=0.0000 | train_emotion_acc=50.00% | train_strategy_f1=0.00% | train_relation_acc=100.00% | elapsed=169s
[Stage3-KO(select_bank_en_merged_r16)] | step 40/1591 (2.5%) | loss=6.0750 | lm=2.4030 | strategy_loss=0.5499 | relation_loss=1.1028 | anchor=0.0000 | train_emotion_acc=50.00% | train_strategy_f1=60.00% | train_relation_acc=100.00% | elapsed=224s
[Stage3-KO(select_bank_en_merged_r16)] | step 50/1591 (3.1%) | loss=8.8496 | lm=2.6780 | strategy_loss=0.9736 | relation_loss=1.8408 | anchor=0.0000 | train_emotion_acc=50.00% | train_strategy_f1=16.67% | train_relation_acc=0.00% | elapsed=279s
[Stage3-KO(select_bank_en_merged_r16)] | step 60/1591 (3.8%) | loss=10.5146 | lm=2.9410 | strategy_loss=1.2786 | relation_loss=1.9478 | anchor=0.0000 | train_emotion_acc=0.00% | train_strategy_f1=28.57% | train_relation_acc=0.00% | elapsed=334s
[Stage3-KO(select_bank_en_merged_r16)] | step 70/1591 (4.4%) | loss=6.2437 | lm=2.5859 | strategy_loss=0.7272 | relation_loss=0.2979 | anchor=0.0000 | train_emotion_acc=50.00% | train_strategy_f1=60.00% | train_relation_acc=100.00% | elapsed=390s
[Stage3-KO(select_bank_en_merged_r16)] | step 80/1591 (5.0%) | loss=10.7739 | lm=3.1928 | strategy_loss=1.2769 | relation_loss=2.0017 | anchor=0.0000 | train_emotion_acc=100.00% | train_strategy_f1=16.67% | train_relation_acc=50.00% | elapsed=445s
[Stage3-KO(select_bank_en_merged_r16)] | step 90/1591 (5.7%) | loss=6.6066 | lm=3.0878 | strategy_loss=0.7607 | relation_loss=0.0800 | anchor=0.0000 | train_emotion_acc=50.00% | train_strategy_f1=25.00% | train_relation_acc=100.00% | elapsed=500s
[Stage3-KO(select_bank_en_merged_r16)] | step 100/1591 (6.3%) | loss=5.8104 | lm=2.1403 | strategy_loss=0.6103 | relation_loss=0.8553 | anchor=0.0000 | train_emotion_acc=50.00% | train_strategy_f1=50.00% | train_relation_acc=50.00% | elapsed=556s
[Stage3-KO(select_bank_en_merged_r16)] | step 110/1591 (6.9%) | loss=5.6131 | lm=2.2946 | strategy_loss=0.6701 | relation_loss=0.1873 | anchor=0.0000 | train_emotion_acc=50.00% | train_strategy_f1=20.00% | train_relation_acc=100.00% | elapsed=611s
[Stage3-KO(select_bank_en_merged_r16)] | step 120/1591 (7.5%) | loss=7.6417 | lm=2.4079 | strategy_loss=0.9489 | relation_loss=1.0130 | anchor=0.0000 | train_emotion_acc=50.00% | train_strategy_f1=60.00% | train_relation_acc=100.00% | elapsed=666s
[Stage3-KO(select_bank_en_merged_r16)] | step 130/1591 (8.2%) | loss=6.3865 | lm=2.7826 | strategy_loss=0.6050 | relation_loss=0.7106 | anchor=0.0000 | train_emotion_acc=50.00% | train_strategy_f1=75.00% | train_relation_acc=50.00% | elapsed=722s
[Stage3-KO(select_bank_en_merged_r16)] | step 140/1591 (8.8%) | loss=4.9565 | lm=2.7215 | strategy_loss=0.5001 | relation_loss=0.0287 | anchor=0.0000 | train_emotion_acc=100.00% | train_strategy_f1=50.00% | train_relation_acc=100.00% | elapsed=778s
[Stage3-KO(select_bank_en_merged_r16)] | step 150/1591 (9.4%) | loss=6.9013 | lm=2.5606 | strategy_loss=0.6798 | relation_loss=1.2822 | anchor=0.0000 | train_emotion_acc=0.00% | train_strategy_f1=50.00% | train_relation_acc=50.00% | elapsed=834s
[Stage3-KO(select_bank_en_merged_r16)] | step 160/1591 (10.1%) | loss=7.5486 | lm=2.1912 | strategy_loss=1.1597 | relation_loss=0.1811 | anchor=0.0000 | train_emotion_acc=50.00% | train_strategy_f1=16.67% | train_relation_acc=100.00% | elapsed=889s
[Stage3-KO(select_bank_en_merged_r16)] | step 170/1591 (10.7%) | loss=7.4642 | lm=1.4424 | strategy_loss=0.7484 | relation_loss=2.7343 | anchor=0.0000 | train_emotion_acc=0.00% | train_strategy_f1=60.00% | train_relation_acc=50.00% | elapsed=944s
[Stage3-KO(select_bank_en_merged_r16)] | step 180/1591 (11.3%) | loss=8.4840 | lm=3.0724 | strategy_loss=1.0982 | relation_loss=0.5557 | anchor=0.0000 | train_emotion_acc=50.00% | train_strategy_f1=33.33% | train_relation_acc=50.00% | elapsed=1001s
[Stage3-KO(select_bank_en_merged_r16)] | step 190/1591 (11.9%) | loss=6.4089 | lm=2.8397 | strategy_loss=0.6103 | relation_loss=0.8966 | anchor=0.0000 | train_emotion_acc=100.00% | train_strategy_f1=75.00% | train_relation_acc=50.00% | elapsed=1056s
[Stage3-KO(select_bank_en_merged_r16)] | step 200/1591 (12.6%) | loss=6.6305 | lm=2.8132 | strategy_loss=0.7257 | relation_loss=0.5183 | anchor=0.0000 | train_emotion_acc=50.00% | train_strategy_f1=60.00% | train_relation_acc=100.00% | elapsed=1112s
[Stage3-KO(select_bank_en_merged_r16)] | step 210/1591 (13.2%) | loss=7.3693 | lm=2.8403 | strategy_loss=0.9629 | relation_loss=0.3065 | anchor=0.0000 | train_emotion_acc=50.00% | train_strategy_f1=20.00% | train_relation_acc=100.00% | elapsed=1168s
[Stage3-KO(select_bank_en_merged_r16)] | step 220/1591 (13.8%) | loss=7.3331 | lm=2.3041 | strategy_loss=1.1708 | relation_loss=0.0006 | anchor=0.0000 | train_emotion_acc=100.00% | train_strategy_f1=14.29% | train_relation_acc=100.00% | elapsed=1225s
[Stage3-KO(select_bank_en_merged_r16)] | step 230/1591 (14.5%) | loss=7.7039 | lm=2.3274 | strategy_loss=1.1209 | relation_loss=0.6007 | anchor=0.0000 | train_emotion_acc=100.00% | train_strategy_f1=28.57% | train_relation_acc=50.00% | elapsed=1281s
[Stage3-KO(select_bank_en_merged_r16)] | step 240/1591 (15.1%) | loss=6.3008 | lm=2.9355 | strategy_loss=0.6869 | relation_loss=0.1626 | anchor=0.0000 | train_emotion_acc=50.00% | train_strategy_f1=60.00% | train_relation_acc=100.00% | elapsed=1336s
[Stage3-KO(select_bank_en_merged_r16)] | step 250/1591 (15.7%) | loss=8.0581 | lm=3.3264 | strategy_loss=1.0681 | relation_loss=0.0801 | anchor=0.0000 | train_emotion_acc=100.00% | train_strategy_f1=0.00% | train_relation_acc=100.00% | elapsed=1393s
[Stage3-KO(select_bank_en_merged_r16)] | step 260/1591 (16.3%) | loss=7.4282 | lm=2.5759 | strategy_loss=1.0608 | relation_loss=0.1250 | anchor=0.0000 | train_emotion_acc=50.00% | train_strategy_f1=0.00% | train_relation_acc=100.00% | elapsed=1448s
[Stage3-KO(select_bank_en_merged_r16)] | step 270/1591 (17.0%) | loss=7.3332 | lm=2.8871 | strategy_loss=0.8528 | relation_loss=0.5569 | anchor=0.0000 | train_emotion_acc=50.00% | train_strategy_f1=20.00% | train_relation_acc=100.00% | elapsed=1504s
[Stage3-KO(select_bank_en_merged_r16)] | step 280/1591 (17.6%) | loss=5.9126 | lm=2.5307 | strategy_loss=0.7622 | relation_loss=0.0255 | anchor=0.0000 | train_emotion_acc=100.00% | train_strategy_f1=33.33% | train_relation_acc=100.00% | elapsed=1559s
[Stage3-KO(select_bank_en_merged_r16)] | step 290/1591 (18.2%) | loss=4.4476 | lm=2.0539 | strategy_loss=0.4942 | relation_loss=0.2551 | anchor=0.0000 | train_emotion_acc=100.00% | train_strategy_f1=50.00% | train_relation_acc=100.00% | elapsed=1616s
[Stage3-KO(select_bank_en_merged_r16)] | step 300/1591 (18.9%) | loss=6.3830 | lm=2.3047 | strategy_loss=0.7541 | relation_loss=0.8340 | anchor=0.0000 | train_emotion_acc=100.00% | train_strategy_f1=40.00% | train_relation_acc=50.00% | elapsed=1671s
[Stage3-KO(select_bank_en_merged_r16)] | step 310/1591 (19.5%) | loss=5.1802 | lm=1.8230 | strategy_loss=0.7533 | relation_loss=0.0627 | anchor=0.0000 | train_emotion_acc=100.00% | train_strategy_f1=25.00% | train_relation_acc=100.00% | elapsed=1726s
[Stage3-KO(select_bank_en_merged_r16)] | step 320/1591 (20.1%) | loss=9.1302 | lm=2.5914 | strategy_loss=0.9587 | relation_loss=2.3803 | anchor=0.0000 | train_emotion_acc=100.00% | train_strategy_f1=20.00% | train_relation_acc=0.00% | elapsed=1781s
[Stage3-KO(select_bank_en_merged_r16)] | step 330/1591 (20.7%) | loss=6.1766 | lm=2.3205 | strategy_loss=0.7668 | relation_loss=0.2728 | anchor=0.0000 | train_emotion_acc=50.00% | train_strategy_f1=75.00% | train_relation_acc=100.00% | elapsed=1837s
[Stage3-KO(select_bank_en_merged_r16)] | step 340/1591 (21.4%) | loss=5.8613 | lm=2.5154 | strategy_loss=0.7480 | relation_loss=0.0008 | anchor=0.0000 | train_emotion_acc=50.00% | train_strategy_f1=50.00% | train_relation_acc=100.00% | elapsed=1893s
[Stage3-KO(select_bank_en_merged_r16)] | step 350/1591 (22.0%) | loss=5.3279 | lm=2.7225 | strategy_loss=0.5845 | relation_loss=0.0034 | anchor=0.0000 | train_emotion_acc=50.00% | train_strategy_f1=60.00% | train_relation_acc=100.00% | elapsed=1948s
[Stage3-KO(select_bank_en_merged_r16)] | step 360/1591 (22.6%) | loss=6.6505 | lm=2.3496 | strategy_loss=0.7861 | relation_loss=0.7515 | anchor=0.0000 | train_emotion_acc=50.00% | train_strategy_f1=50.00% | train_relation_acc=50.00% | elapsed=2003s
[Stage3-KO(select_bank_en_merged_r16)] | step 370/1591 (23.3%) | loss=5.1211 | lm=2.4101 | strategy_loss=0.5117 | relation_loss=0.3182 | anchor=0.0000 | train_emotion_acc=50.00% | train_strategy_f1=60.00% | train_relation_acc=100.00% | elapsed=2058s
[Stage3-KO(select_bank_en_merged_r16)] | step 380/1591 (23.9%) | loss=5.0822 | lm=2.5491 | strategy_loss=0.5238 | relation_loss=0.2643 | anchor=0.0000 | train_emotion_acc=100.00% | train_strategy_f1=60.00% | train_relation_acc=100.00% | elapsed=2114s
[Stage3-KO(select_bank_en_merged_r16)] | step 390/1591 (24.5%) | loss=6.9581 | lm=2.7848 | strategy_loss=0.6751 | relation_loss=0.8992 | anchor=0.0000 | train_emotion_acc=0.00% | train_strategy_f1=33.33% | train_relation_acc=50.00% | elapsed=2169s
[Stage3-KO(select_bank_en_merged_r16)] | step 400/1591 (25.1%) | loss=5.1781 | lm=2.2236 | strategy_loss=0.6139 | relation_loss=0.1894 | anchor=0.0000 | train_emotion_acc=100.00% | train_strategy_f1=50.00% | train_relation_acc=100.00% | elapsed=2226s
[Stage3-KO(select_bank_en_merged_r16)] EVAL @400 (valid) | EMOTION=80.00% | RELATION=97.00% | STRATEGY=68.00% | STRATEGY_HAMMING=65.88% | loss=5.8732 | lm_loss=2.4206 | emotion_loss=0.7471 | strategy_loss=0.7366 | relation_loss=0.1935
[Stage3-KO(select_bank_en_merged_r16)] | step 410/1591 (25.8%) | loss=5.6326 | lm=2.4716 | strategy_loss=0.6996 | relation_loss=0.0298 | anchor=0.0000 | train_emotion_acc=100.00% | train_strategy_f1=40.00% | train_relation_acc=100.00% | elapsed=2315s
[Stage3-KO(select_bank_en_merged_r16)] | step 420/1591 (26.4%) | loss=4.4005 | lm=2.1316 | strategy_loss=0.4447 | relation_loss=0.3511 | anchor=0.0000 | train_emotion_acc=100.00% | train_strategy_f1=60.00% | train_relation_acc=100.00% | elapsed=2371s
[Stage3-KO(select_bank_en_merged_r16)] | step 430/1591 (27.0%) | loss=6.0743 | lm=2.4448 | strategy_loss=0.7936 | relation_loss=0.1012 | anchor=0.0000 | train_emotion_acc=50.00% | train_strategy_f1=50.00% | train_relation_acc=100.00% | elapsed=2427s
[Stage3-KO(select_bank_en_merged_r16)] | step 440/1591 (27.7%) | loss=6.1981 | lm=2.8308 | strategy_loss=0.6889 | relation_loss=0.3458 | anchor=0.0000 | train_emotion_acc=100.00% | train_strategy_f1=40.00% | train_relation_acc=100.00% | elapsed=2483s
[Stage3-KO(select_bank_en_merged_r16)] | step 450/1591 (28.3%) | loss=5.5913 | lm=2.0125 | strategy_loss=0.6141 | relation_loss=0.7742 | anchor=0.0000 | train_emotion_acc=50.00% | train_strategy_f1=60.00% | train_relation_acc=50.00% | elapsed=2539s
[Stage3-KO(select_bank_en_merged_r16)] | step 460/1591 (28.9%) | loss=4.8649 | lm=1.6075 | strategy_loss=0.6743 | relation_loss=0.3281 | anchor=0.0000 | train_emotion_acc=100.00% | train_strategy_f1=50.00% | train_relation_acc=100.00% | elapsed=2595s
[Stage3-KO(select_bank_en_merged_r16)] | step 470/1591 (29.5%) | loss=4.8814 | lm=1.9488 | strategy_loss=0.5815 | relation_loss=0.3106 | anchor=0.0000 | train_emotion_acc=50.00% | train_strategy_f1=40.00% | train_relation_acc=100.00% | elapsed=2650s
[Stage3-KO(select_bank_en_merged_r16)] | step 480/1591 (30.2%) | loss=7.9854 | lm=2.8345 | strategy_loss=0.6866 | relation_loss=2.3328 | anchor=0.0000 | train_emotion_acc=100.00% | train_strategy_f1=80.00% | train_relation_acc=50.00% | elapsed=2706s
[Stage3-KO(select_bank_en_merged_r16)] | step 490/1591 (30.8%) | loss=7.2070 | lm=1.7803 | strategy_loss=1.2531 | relation_loss=0.0115 | anchor=0.0000 | train_emotion_acc=100.00% | train_strategy_f1=57.14% | train_relation_acc=100.00% | elapsed=2761s
[Stage3-KO(select_bank_en_merged_r16)] | step 500/1591 (31.4%) | loss=6.7647 | lm=3.1238 | strategy_loss=0.5163 | relation_loss=1.2915 | anchor=0.0000 | train_emotion_acc=50.00% | train_strategy_f1=60.00% | train_relation_acc=50.00% | elapsed=2816s
[Stage3-KO(select_bank_en_merged_r16)] | step 510/1591 (32.1%) | loss=5.5213 | lm=3.1767 | strategy_loss=0.5046 | relation_loss=0.0646 | anchor=0.0000 | train_emotion_acc=100.00% | train_strategy_f1=50.00% | train_relation_acc=100.00% | elapsed=2872s
[Stage3-KO(select_bank_en_merged_r16)] | step 520/1591 (32.7%) | loss=5.8468 | lm=3.1996 | strategy_loss=0.5976 | relation_loss=0.0695 | anchor=0.0000 | train_emotion_acc=100.00% | train_strategy_f1=100.00% | train_relation_acc=100.00% | elapsed=2926s
[Stage3-KO(select_bank_en_merged_r16)] | step 530/1591 (33.3%) | loss=5.7429 | lm=2.7697 | strategy_loss=0.6747 | relation_loss=0.0204 | anchor=0.0000 | train_emotion_acc=100.00% | train_strategy_f1=40.00% | train_relation_acc=100.00% | elapsed=2981s
[Stage3-KO(select_bank_en_merged_r16)] | step 540/1591 (33.9%) | loss=5.7935 | lm=3.0544 | strategy_loss=0.6011 | relation_loss=0.0072 | anchor=0.0000 | train_emotion_acc=50.00% | train_strategy_f1=66.67% | train_relation_acc=100.00% | elapsed=3036s
[Stage3-KO(select_bank_en_merged_r16)] | step 550/1591 (34.6%) | loss=5.7786 | lm=1.9601 | strategy_loss=0.7740 | relation_loss=0.4825 | anchor=0.0000 | train_emotion_acc=100.00% | train_strategy_f1=33.33% | train_relation_acc=50.00% | elapsed=3091s
[Stage3-KO(select_bank_en_merged_r16)] | step 560/1591 (35.2%) | loss=4.0131 | lm=1.6649 | strategy_loss=0.5199 | relation_loss=0.0908 | anchor=0.0000 | train_emotion_acc=100.00% | train_strategy_f1=50.00% | train_relation_acc=100.00% | elapsed=3146s
[Stage3-KO(select_bank_en_merged_r16)] | step 570/1591 (35.8%) | loss=8.0735 | lm=2.2127 | strategy_loss=1.0482 | relation_loss=1.2640 | anchor=0.0000 | train_emotion_acc=50.00% | train_strategy_f1=42.86% | train_relation_acc=0.00% | elapsed=3202s
[Stage3-KO(select_bank_en_merged_r16)] | step 580/1591 (36.5%) | loss=6.0403 | lm=2.5085 | strategy_loss=0.5898 | relation_loss=0.8738 | anchor=0.0000 | train_emotion_acc=50.00% | train_strategy_f1=50.00% | train_relation_acc=50.00% | elapsed=3257s
[Stage3-KO(select_bank_en_merged_r16)] | step 590/1591 (37.1%) | loss=5.8591 | lm=2.3170 | strategy_loss=0.6653 | relation_loss=0.7253 | anchor=0.0000 | train_emotion_acc=100.00% | train_strategy_f1=66.67% | train_relation_acc=50.00% | elapsed=3312s
[Stage3-KO(select_bank_en_merged_r16)] | step 600/1591 (37.7%) | loss=8.1990 | lm=2.6788 | strategy_loss=1.2501 | relation_loss=0.1835 | anchor=0.0000 | train_emotion_acc=100.00% | train_strategy_f1=0.00% | train_relation_acc=100.00% | elapsed=3367s
[Stage3-KO(select_bank_en_merged_r16)] | step 610/1591 (38.3%) | loss=6.8241 | lm=2.3030 | strategy_loss=1.0122 | relation_loss=0.0073 | anchor=0.0000 | train_emotion_acc=50.00% | train_strategy_f1=50.00% | train_relation_acc=100.00% | elapsed=3422s
[Stage3-KO(select_bank_en_merged_r16)] | step 620/1591 (39.0%) | loss=7.1226 | lm=2.7623 | strategy_loss=0.9739 | relation_loss=0.0204 | anchor=0.0000 | train_emotion_acc=50.00% | train_strategy_f1=28.57% | train_relation_acc=100.00% | elapsed=3478s
[Stage3-KO(select_bank_en_merged_r16)] | step 630/1591 (39.6%) | loss=10.6549 | lm=2.7877 | strategy_loss=0.9315 | relation_loss=3.9063 | anchor=0.0000 | train_emotion_acc=0.00% | train_strategy_f1=33.33% | train_relation_acc=50.00% | elapsed=3533s
[Stage3-KO(select_bank_en_merged_r16)] | step 640/1591 (40.2%) | loss=4.7615 | lm=2.5577 | strategy_loss=0.6664 | relation_loss=0.0602 | anchor=0.0000 | train_emotion_acc=100.00% | train_strategy_f1=75.00% | train_relation_acc=100.00% | elapsed=3589s
[Stage3-KO(select_bank_en_merged_r16)] | step 650/1591 (40.9%) | loss=4.7903 | lm=2.4120 | strategy_loss=0.6829 | relation_loss=0.0011 | anchor=0.0000 | train_emotion_acc=50.00% | train_strategy_f1=33.33% | train_relation_acc=100.00% | elapsed=3644s
[Stage3-KO(select_bank_en_merged_r16)] | step 660/1591 (41.5%) | loss=5.6201 | lm=2.5539 | strategy_loss=0.8966 | relation_loss=0.1124 | anchor=0.0000 | train_emotion_acc=50.00% | train_strategy_f1=33.33% | train_relation_acc=100.00% | elapsed=3700s
[Stage3-KO(select_bank_en_merged_r16)] | step 670/1591 (42.1%) | loss=6.3858 | lm=3.0671 | strategy_loss=0.9282 | relation_loss=0.4800 | anchor=0.0000 | train_emotion_acc=100.00% | train_strategy_f1=50.00% | train_relation_acc=50.00% | elapsed=3755s
[Stage3-KO(select_bank_en_merged_r16)] | step 680/1591 (42.7%) | loss=4.0052 | lm=2.4357 | strategy_loss=0.4753 | relation_loss=0.0650 | anchor=0.0000 | train_emotion_acc=100.00% | train_strategy_f1=80.00% | train_relation_acc=100.00% | elapsed=3810s
[Stage3-KO(select_bank_en_merged_r16)] | step 690/1591 (43.4%) | loss=4.6285 | lm=2.2033 | strategy_loss=0.7314 | relation_loss=0.1084 | anchor=0.0000 | train_emotion_acc=100.00% | train_strategy_f1=40.00% | train_relation_acc=100.00% | elapsed=3865s
[Stage3-KO(select_bank_en_merged_r16)] | step 700/1591 (44.0%) | loss=4.5152 | lm=2.1657 | strategy_loss=0.6247 | relation_loss=0.4107 | anchor=0.0000 | train_emotion_acc=100.00% | train_strategy_f1=50.00% | train_relation_acc=100.00% | elapsed=3921s
[Stage3-KO(select_bank_en_merged_r16)] | step 710/1591 (44.6%) | loss=4.4039 | lm=2.3034 | strategy_loss=0.4849 | relation_loss=0.6017 | anchor=0.0000 | train_emotion_acc=100.00% | train_strategy_f1=75.00% | train_relation_acc=50.00% | elapsed=3976s
[Stage3-KO(select_bank_en_merged_r16)] | step 720/1591 (45.3%) | loss=5.4788 | lm=2.2453 | strategy_loss=0.6843 | relation_loss=1.1479 | anchor=0.0000 | train_emotion_acc=50.00% | train_strategy_f1=60.00% | train_relation_acc=50.00% | elapsed=4031s
[Stage3-KO(select_bank_en_merged_r16)] | step 730/1591 (45.9%) | loss=4.8459 | lm=2.5266 | strategy_loss=0.6163 | relation_loss=0.2806 | anchor=0.0000 | train_emotion_acc=100.00% | train_strategy_f1=40.00% | train_relation_acc=100.00% | elapsed=4086s
[Stage3-KO(select_bank_en_merged_r16)] | step 740/1591 (46.5%) | loss=5.1146 | lm=2.4747 | strategy_loss=0.8222 | relation_loss=0.0003 | anchor=0.0000 | train_emotion_acc=100.00% | train_strategy_f1=33.33% | train_relation_acc=100.00% | elapsed=4142s
[Stage3-KO(select_bank_en_merged_r16)] | step 750/1591 (47.1%) | loss=4.8145 | lm=1.9430 | strategy_loss=0.6551 | relation_loss=0.7846 | anchor=0.0000 | train_emotion_acc=50.00% | train_strategy_f1=40.00% | train_relation_acc=50.00% | elapsed=4198s
[Stage3-KO(select_bank_en_merged_r16)] | step 760/1591 (47.8%) | loss=5.5498 | lm=2.2540 | strategy_loss=0.8307 | relation_loss=0.4988 | anchor=0.0000 | train_emotion_acc=50.00% | train_strategy_f1=33.33% | train_relation_acc=50.00% | elapsed=4252s
[Stage3-KO(select_bank_en_merged_r16)] | step 770/1591 (48.4%) | loss=6.5750 | lm=2.7062 | strategy_loss=1.0983 | relation_loss=0.2369 | anchor=0.0000 | train_emotion_acc=50.00% | train_strategy_f1=16.67% | train_relation_acc=100.00% | elapsed=4307s
[Stage3-KO(select_bank_en_merged_r16)] | step 780/1591 (49.0%) | loss=5.9269 | lm=2.6115 | strategy_loss=0.9875 | relation_loss=0.1046 | anchor=0.0000 | train_emotion_acc=100.00% | train_strategy_f1=20.00% | train_relation_acc=100.00% | elapsed=4362s
[Stage3-KO(select_bank_en_merged_r16)] | step 790/1591 (49.7%) | loss=7.4216 | lm=1.8931 | strategy_loss=1.4851 | relation_loss=1.0618 | anchor=0.0000 | train_emotion_acc=100.00% | train_strategy_f1=16.67% | train_relation_acc=50.00% | elapsed=4417s
[Stage3-KO(select_bank_en_merged_r16)] | step 800/1591 (50.3%) | loss=5.7128 | lm=2.3602 | strategy_loss=0.8423 | relation_loss=0.6934 | anchor=0.0000 | train_emotion_acc=100.00% | train_strategy_f1=40.00% | train_relation_acc=50.00% | elapsed=4472s
[Stage3-KO(select_bank_en_merged_r16)] EVAL @800 (valid) | EMOTION=86.50% | RELATION=96.50% | STRATEGY=68.04% | STRATEGY_HAMMING=65.12% | loss=4.8086 | lm_loss=2.3428 | emotion_loss=0.4962 | strategy_loss=0.7060 | relation_loss=0.1526
[Stage3-KO(select_bank_en_merged_r16)] | step 810/1591 (50.9%) | loss=4.2960 | lm=1.7675 | strategy_loss=0.7406 | relation_loss=0.0074 | anchor=0.0000 | train_emotion_acc=50.00% | train_strategy_f1=40.00% | train_relation_acc=100.00% | elapsed=4562s
[Stage3-KO(select_bank_en_merged_r16)] | step 820/1591 (51.5%) | loss=4.9174 | lm=2.4211 | strategy_loss=0.6473 | relation_loss=0.4249 | anchor=0.0000 | train_emotion_acc=100.00% | train_strategy_f1=50.00% | train_relation_acc=100.00% | elapsed=4617s
[Stage3-KO(select_bank_en_merged_r16)] | step 830/1591 (52.2%) | loss=4.0623 | lm=2.0068 | strategy_loss=0.6124 | relation_loss=0.1249 | anchor=0.0000 | train_emotion_acc=100.00% | train_strategy_f1=50.00% | train_relation_acc=100.00% | elapsed=4673s
[Stage3-KO(select_bank_en_merged_r16)] | step 840/1591 (52.8%) | loss=4.2954 | lm=2.1272 | strategy_loss=0.6411 | relation_loss=0.0233 | anchor=0.0000 | train_emotion_acc=100.00% | train_strategy_f1=60.00% | train_relation_acc=100.00% | elapsed=4728s
[Stage3-KO(select_bank_en_merged_r16)] | step 850/1591 (53.4%) | loss=4.4961 | lm=1.9622 | strategy_loss=0.7063 | relation_loss=0.0952 | anchor=0.0000 | train_emotion_acc=0.00% | train_strategy_f1=40.00% | train_relation_acc=100.00% | elapsed=4784s
[Stage3-KO(select_bank_en_merged_r16)] | step 860/1591 (54.1%) | loss=5.5176 | lm=2.4406 | strategy_loss=0.8007 | relation_loss=0.6551 | anchor=0.0000 | train_emotion_acc=100.00% | train_strategy_f1=60.00% | train_relation_acc=50.00% | elapsed=4840s
[Stage3-KO(select_bank_en_merged_r16)] | step 870/1591 (54.7%) | loss=7.2759 | lm=2.4248 | strategy_loss=1.2099 | relation_loss=1.2000 | anchor=0.0000 | train_emotion_acc=100.00% | train_strategy_f1=14.29% | train_relation_acc=50.00% | elapsed=4896s
[Stage3-KO(select_bank_en_merged_r16)] | step 880/1591 (55.3%) | loss=5.5517 | lm=2.9942 | strategy_loss=0.6628 | relation_loss=0.3443 | anchor=0.0000 | train_emotion_acc=50.00% | train_strategy_f1=75.00% | train_relation_acc=100.00% | elapsed=4952s
[Stage3-KO(select_bank_en_merged_r16)] | step 890/1591 (55.9%) | loss=4.1517 | lm=2.1939 | strategy_loss=0.5690 | relation_loss=0.0190 | anchor=0.0000 | train_emotion_acc=50.00% | train_strategy_f1=33.33% | train_relation_acc=100.00% | elapsed=5007s
[Stage3-KO(select_bank_en_merged_r16)] | step 900/1591 (56.6%) | loss=4.4675 | lm=2.3126 | strategy_loss=0.6581 | relation_loss=0.0496 | anchor=0.0000 | train_emotion_acc=100.00% | train_strategy_f1=40.00% | train_relation_acc=100.00% | elapsed=5062s
[Stage3-KO(select_bank_en_merged_r16)] | step 910/1591 (57.2%) | loss=4.9237 | lm=2.7829 | strategy_loss=0.6071 | relation_loss=0.2145 | anchor=0.0000 | train_emotion_acc=100.00% | train_strategy_f1=40.00% | train_relation_acc=100.00% | elapsed=5118s
[Stage3-KO(select_bank_en_merged_r16)] | step 920/1591 (57.8%) | loss=5.6909 | lm=3.1511 | strategy_loss=0.5293 | relation_loss=0.2185 | anchor=0.0000 | train_emotion_acc=50.00% | train_strategy_f1=66.67% | train_relation_acc=100.00% | elapsed=5174s
[Stage3-KO(select_bank_en_merged_r16)] | step 930/1591 (58.5%) | loss=5.8111 | lm=2.7567 | strategy_loss=0.8160 | relation_loss=0.4306 | anchor=0.0000 | train_emotion_acc=100.00% | train_strategy_f1=40.00% | train_relation_acc=50.00% | elapsed=5229s
[Stage3-KO(select_bank_en_merged_r16)] | step 940/1591 (59.1%) | loss=5.1235 | lm=2.6556 | strategy_loss=0.6949 | relation_loss=0.2426 | anchor=0.0000 | train_emotion_acc=100.00% | train_strategy_f1=50.00% | train_relation_acc=100.00% | elapsed=5284s
[Stage3-KO(select_bank_en_merged_r16)] | step 950/1591 (59.7%) | loss=4.2471 | lm=2.6613 | strategy_loss=0.4925 | relation_loss=0.0168 | anchor=0.0000 | train_emotion_acc=100.00% | train_strategy_f1=60.00% | train_relation_acc=100.00% | elapsed=5339s
[Stage3-KO(select_bank_en_merged_r16)] | step 960/1591 (60.3%) | loss=4.1743 | lm=2.1686 | strategy_loss=0.5904 | relation_loss=0.0079 | anchor=0.0000 | train_emotion_acc=100.00% | train_strategy_f1=40.00% | train_relation_acc=100.00% | elapsed=5395s
[Stage3-KO(select_bank_en_merged_r16)] | step 970/1591 (61.0%) | loss=5.5567 | lm=2.7208 | strategy_loss=0.6834 | relation_loss=0.2295 | anchor=0.0000 | train_emotion_acc=50.00% | train_strategy_f1=33.33% | train_relation_acc=100.00% | elapsed=5450s
[Stage3-KO(select_bank_en_merged_r16)] | step 980/1591 (61.6%) | loss=4.6814 | lm=2.4646 | strategy_loss=0.6765 | relation_loss=0.0780 | anchor=0.0000 | train_emotion_acc=100.00% | train_strategy_f1=40.00% | train_relation_acc=100.00% | elapsed=5506s
[Stage3-KO(select_bank_en_merged_r16)] | step 990/1591 (62.2%) | loss=5.6159 | lm=2.9413 | strategy_loss=0.6605 | relation_loss=0.5663 | anchor=0.0000 | train_emotion_acc=100.00% | train_strategy_f1=80.00% | train_relation_acc=100.00% | elapsed=5561s
[Stage3-KO(select_bank_en_merged_r16)] | step 1000/1591 (62.9%) | loss=6.2985 | lm=2.3132 | strategy_loss=1.2082 | relation_loss=0.0140 | anchor=0.0000 | train_emotion_acc=100.00% | train_strategy_f1=14.29% | train_relation_acc=100.00% | elapsed=5617s
[Stage3-KO(select_bank_en_merged_r16)] | step 1010/1591 (63.5%) | loss=6.1074 | lm=3.1197 | strategy_loss=0.6157 | relation_loss=1.0385 | anchor=0.0000 | train_emotion_acc=50.00% | train_strategy_f1=40.00% | train_relation_acc=50.00% | elapsed=5672s
[Stage3-KO(select_bank_en_merged_r16)] | step 1020/1591 (64.1%) | loss=4.9080 | lm=2.8216 | strategy_loss=0.6425 | relation_loss=0.0489 | anchor=0.0000 | train_emotion_acc=100.00% | train_strategy_f1=40.00% | train_relation_acc=100.00% | elapsed=5727s
[Stage3-KO(select_bank_en_merged_r16)] | step 1030/1591 (64.7%) | loss=5.4300 | lm=1.9112 | strategy_loss=1.1057 | relation_loss=0.0118 | anchor=0.0000 | train_emotion_acc=100.00% | train_strategy_f1=16.67% | train_relation_acc=100.00% | elapsed=5782s
[Stage3-KO(select_bank_en_merged_r16)] | step 1040/1591 (65.4%) | loss=4.2247 | lm=1.8775 | strategy_loss=0.6838 | relation_loss=0.1894 | anchor=0.0000 | train_emotion_acc=100.00% | train_strategy_f1=66.67% | train_relation_acc=100.00% | elapsed=5837s
[Stage3-KO(select_bank_en_merged_r16)] | step 1050/1591 (66.0%) | loss=4.9965 | lm=2.7529 | strategy_loss=0.6292 | relation_loss=0.0188 | anchor=0.0000 | train_emotion_acc=50.00% | train_strategy_f1=50.00% | train_relation_acc=100.00% | elapsed=5893s
[Stage3-KO(select_bank_en_merged_r16)] | step 1060/1591 (66.6%) | loss=4.3719 | lm=2.3993 | strategy_loss=0.6197 | relation_loss=0.0023 | anchor=0.0000 | train_emotion_acc=100.00% | train_strategy_f1=75.00% | train_relation_acc=100.00% | elapsed=5948s
[Stage3-KO(select_bank_en_merged_r16)] | step 1070/1591 (67.3%) | loss=5.7909 | lm=2.4417 | strategy_loss=0.9754 | relation_loss=0.1816 | anchor=0.0000 | train_emotion_acc=100.00% | train_strategy_f1=33.33% | train_relation_acc=100.00% | elapsed=6004s
[Stage3-KO(select_bank_en_merged_r16)] | step 1080/1591 (67.9%) | loss=6.5275 | lm=3.2843 | strategy_loss=0.8252 | relation_loss=0.8087 | anchor=0.0000 | train_emotion_acc=100.00% | train_strategy_f1=60.00% | train_relation_acc=50.00% | elapsed=6058s
[Stage3-KO(select_bank_en_merged_r16)] | step 1090/1591 (68.5%) | loss=5.5517 | lm=2.4220 | strategy_loss=0.9382 | relation_loss=0.0506 | anchor=0.0000 | train_emotion_acc=100.00% | train_strategy_f1=57.14% | train_relation_acc=100.00% | elapsed=6114s
[Stage3-KO(select_bank_en_merged_r16)] | step 1100/1591 (69.1%) | loss=5.0627 | lm=2.5944 | strategy_loss=0.7733 | relation_loss=0.0327 | anchor=0.0000 | train_emotion_acc=100.00% | train_strategy_f1=50.00% | train_relation_acc=100.00% | elapsed=6169s
[Stage3-KO(select_bank_en_merged_r16)] | step 1110/1591 (69.8%) | loss=5.4789 | lm=2.6130 | strategy_loss=0.7966 | relation_loss=0.3963 | anchor=0.0000 | train_emotion_acc=100.00% | train_strategy_f1=20.00% | train_relation_acc=100.00% | elapsed=6224s
[Stage3-KO(select_bank_en_merged_r16)] | step 1120/1591 (70.4%) | loss=6.0076 | lm=2.0859 | strategy_loss=0.9737 | relation_loss=0.5261 | anchor=0.0000 | train_emotion_acc=0.00% | train_strategy_f1=50.00% | train_relation_acc=50.00% | elapsed=6280s
[Stage3-KO(select_bank_en_merged_r16)] | step 1130/1591 (71.0%) | loss=4.5039 | lm=2.2201 | strategy_loss=0.6583 | relation_loss=0.2167 | anchor=0.0000 | train_emotion_acc=100.00% | train_strategy_f1=60.00% | train_relation_acc=100.00% | elapsed=6335s
[Stage3-KO(select_bank_en_merged_r16)] | step 1140/1591 (71.7%) | loss=4.1408 | lm=2.3761 | strategy_loss=0.4773 | relation_loss=0.0158 | anchor=0.0000 | train_emotion_acc=50.00% | train_strategy_f1=100.00% | train_relation_acc=100.00% | elapsed=6391s
[Stage3-KO(select_bank_en_merged_r16)] | step 1150/1591 (72.3%) | loss=4.8846 | lm=2.4334 | strategy_loss=0.6524 | relation_loss=0.3648 | anchor=0.0000 | train_emotion_acc=100.00% | train_strategy_f1=50.00% | train_relation_acc=100.00% | elapsed=6446s
[Stage3-KO(select_bank_en_merged_r16)] | step 1160/1591 (72.9%) | loss=7.2846 | lm=2.2358 | strategy_loss=1.5442 | relation_loss=0.0501 | anchor=0.0000 | train_emotion_acc=100.00% | train_strategy_f1=42.86% | train_relation_acc=100.00% | elapsed=6502s
[Stage3-KO(select_bank_en_merged_r16)] | step 1170/1591 (73.5%) | loss=5.1798 | lm=2.2559 | strategy_loss=0.9056 | relation_loss=0.0516 | anchor=0.0000 | train_emotion_acc=100.00% | train_strategy_f1=33.33% | train_relation_acc=100.00% | elapsed=6557s
[Stage3-KO(select_bank_en_merged_r16)] | step 1180/1591 (74.2%) | loss=6.9509 | lm=2.3517 | strategy_loss=1.1924 | relation_loss=0.8816 | anchor=0.0000 | train_emotion_acc=100.00% | train_strategy_f1=33.33% | train_relation_acc=50.00% | elapsed=6612s
[Stage3-KO(select_bank_en_merged_r16)] | step 1190/1591 (74.8%) | loss=4.6433 | lm=1.9121 | strategy_loss=0.7586 | relation_loss=0.0233 | anchor=0.0000 | train_emotion_acc=50.00% | train_strategy_f1=40.00% | train_relation_acc=100.00% | elapsed=6668s
[Stage3-KO(select_bank_en_merged_r16)] | step 1200/1591 (75.4%) | loss=4.6474 | lm=2.0370 | strategy_loss=0.8064 | relation_loss=0.0005 | anchor=0.0000 | train_emotion_acc=100.00% | train_strategy_f1=33.33% | train_relation_acc=100.00% | elapsed=6724s
[Stage3-KO(select_bank_en_merged_r16)] EVAL @1200 (valid) | EMOTION=86.50% | RELATION=98.00% | STRATEGY=67.41% | STRATEGY_HAMMING=63.38% | loss=4.7893 | lm_loss=2.2936 | emotion_loss=0.4480 | strategy_loss=0.7258 | relation_loss=0.1264
[Stage3-KO(select_bank_en_merged_r16)] | step 1210/1591 (76.1%) | loss=7.0602 | lm=1.8913 | strategy_loss=1.3512 | relation_loss=0.9201 | anchor=0.0000 | train_emotion_acc=100.00% | train_strategy_f1=28.57% | train_relation_acc=50.00% | elapsed=6814s
[Stage3-KO(select_bank_en_merged_r16)] | step 1220/1591 (76.7%) | loss=5.8847 | lm=2.4182 | strategy_loss=0.7348 | relation_loss=0.9732 | anchor=0.0000 | train_emotion_acc=50.00% | train_strategy_f1=75.00% | train_relation_acc=50.00% | elapsed=6870s
[Stage3-KO(select_bank_en_merged_r16)] | step 1230/1591 (77.3%) | loss=4.5889 | lm=2.4174 | strategy_loss=0.6463 | relation_loss=0.0580 | anchor=0.0000 | train_emotion_acc=100.00% | train_strategy_f1=66.67% | train_relation_acc=100.00% | elapsed=6925s
[Stage3-KO(select_bank_en_merged_r16)] | step 1240/1591 (77.9%) | loss=4.1463 | lm=1.9027 | strategy_loss=0.6636 | relation_loss=0.0584 | anchor=0.0000 | train_emotion_acc=100.00% | train_strategy_f1=50.00% | train_relation_acc=100.00% | elapsed=6981s
[Stage3-KO(select_bank_en_merged_r16)] | step 1250/1591 (78.6%) | loss=4.4427 | lm=2.4321 | strategy_loss=0.6034 | relation_loss=0.0205 | anchor=0.0000 | train_emotion_acc=100.00% | train_strategy_f1=60.00% | train_relation_acc=100.00% | elapsed=7037s
[Stage3-KO(select_bank_en_merged_r16)] | step 1260/1591 (79.2%) | loss=5.0031 | lm=2.2698 | strategy_loss=0.6915 | relation_loss=0.5574 | anchor=0.0000 | train_emotion_acc=100.00% | train_strategy_f1=40.00% | train_relation_acc=50.00% | elapsed=7092s
[Stage3-KO(select_bank_en_merged_r16)] | step 1270/1591 (79.8%) | loss=5.1274 | lm=2.4649 | strategy_loss=0.7417 | relation_loss=0.3753 | anchor=0.0000 | train_emotion_acc=100.00% | train_strategy_f1=40.00% | train_relation_acc=100.00% | elapsed=7149s
[Stage3-KO(select_bank_en_merged_r16)] | step 1280/1591 (80.5%) | loss=4.1986 | lm=2.2155 | strategy_loss=0.6141 | relation_loss=0.0243 | anchor=0.0000 | train_emotion_acc=100.00% | train_strategy_f1=40.00% | train_relation_acc=100.00% | elapsed=7204s
[Stage3-KO(select_bank_en_merged_r16)] | step 1290/1591 (81.1%) | loss=4.7086 | lm=2.0777 | strategy_loss=0.6839 | relation_loss=0.4557 | anchor=0.0000 | train_emotion_acc=50.00% | train_strategy_f1=40.00% | train_relation_acc=50.00% | elapsed=7260s
[Stage3-KO(select_bank_en_merged_r16)] | step 1300/1591 (81.7%) | loss=4.6527 | lm=2.0174 | strategy_loss=0.7142 | relation_loss=0.4693 | anchor=0.0000 | train_emotion_acc=100.00% | train_strategy_f1=40.00% | train_relation_acc=50.00% | elapsed=7315s
[Stage3-KO(select_bank_en_merged_r16)] | step 1310/1591 (82.3%) | loss=4.6406 | lm=2.4408 | strategy_loss=0.5836 | relation_loss=0.2078 | anchor=0.0000 | train_emotion_acc=50.00% | train_strategy_f1=50.00% | train_relation_acc=100.00% | elapsed=7371s
[Stage3-KO(select_bank_en_merged_r16)] | step 1320/1591 (83.0%) | loss=4.6694 | lm=2.7232 | strategy_loss=0.5843 | relation_loss=0.0005 | anchor=0.0000 | train_emotion_acc=100.00% | train_strategy_f1=60.00% | train_relation_acc=100.00% | elapsed=7426s
[Stage3-KO(select_bank_en_merged_r16)] | step 1330/1591 (83.6%) | loss=6.2257 | lm=2.5737 | strategy_loss=1.0676 | relation_loss=0.2018 | anchor=0.0000 | train_emotion_acc=100.00% | train_strategy_f1=28.57% | train_relation_acc=100.00% | elapsed=7482s
[Stage3-KO(select_bank_en_merged_r16)] | step 1340/1591 (84.2%) | loss=5.8514 | lm=2.8070 | strategy_loss=0.9106 | relation_loss=0.0582 | anchor=0.0000 | train_emotion_acc=100.00% | train_strategy_f1=50.00% | train_relation_acc=100.00% | elapsed=7537s
[Stage3-KO(select_bank_en_merged_r16)] | step 1350/1591 (84.9%) | loss=5.8005 | lm=2.7101 | strategy_loss=0.3668 | relation_loss=2.3588 | anchor=0.0000 | train_emotion_acc=100.00% | train_strategy_f1=100.00% | train_relation_acc=50.00% | elapsed=7593s
[Stage3-KO(select_bank_en_merged_r16)] | step 1360/1591 (85.5%) | loss=4.2849 | lm=2.6851 | strategy_loss=0.4818 | relation_loss=0.0112 | anchor=0.0000 | train_emotion_acc=100.00% | train_strategy_f1=50.00% | train_relation_acc=100.00% | elapsed=7648s
[Stage3-KO(select_bank_en_merged_r16)] | step 1370/1591 (86.1%) | loss=7.3313 | lm=2.3478 | strategy_loss=1.5464 | relation_loss=0.0775 | anchor=0.0000 | train_emotion_acc=100.00% | train_strategy_f1=28.57% | train_relation_acc=100.00% | elapsed=7704s
[Stage3-KO(select_bank_en_merged_r16)] | step 1380/1591 (86.7%) | loss=4.9740 | lm=2.2480 | strategy_loss=0.8349 | relation_loss=0.0021 | anchor=0.0000 | train_emotion_acc=100.00% | train_strategy_f1=40.00% | train_relation_acc=100.00% | elapsed=7761s
[Stage3-KO(select_bank_en_merged_r16)] | step 1390/1591 (87.4%) | loss=3.5375 | lm=1.7136 | strategy_loss=0.5441 | relation_loss=0.1362 | anchor=0.0000 | train_emotion_acc=100.00% | train_strategy_f1=50.00% | train_relation_acc=100.00% | elapsed=7816s
[Stage3-KO(select_bank_en_merged_r16)] | step 1400/1591 (88.0%) | loss=6.8544 | lm=2.4599 | strategy_loss=1.3677 | relation_loss=0.0487 | anchor=0.0000 | train_emotion_acc=100.00% | train_strategy_f1=28.57% | train_relation_acc=100.00% | elapsed=7872s
[Stage3-KO(select_bank_en_merged_r16)] | step 1410/1591 (88.6%) | loss=5.4624 | lm=2.6248 | strategy_loss=0.8117 | relation_loss=0.0043 | anchor=0.0000 | train_emotion_acc=50.00% | train_strategy_f1=20.00% | train_relation_acc=100.00% | elapsed=7927s
[Stage3-KO(select_bank_en_merged_r16)] | step 1420/1591 (89.3%) | loss=5.7531 | lm=2.0244 | strategy_loss=1.0889 | relation_loss=0.2171 | anchor=0.0000 | train_emotion_acc=50.00% | train_strategy_f1=40.00% | train_relation_acc=100.00% | elapsed=7982s
[Stage3-KO(select_bank_en_merged_r16)] | step 1430/1591 (89.9%) | loss=4.6153 | lm=2.0217 | strategy_loss=0.6289 | relation_loss=0.6044 | anchor=0.0000 | train_emotion_acc=50.00% | train_strategy_f1=80.00% | train_relation_acc=50.00% | elapsed=8039s
[Stage3-KO(select_bank_en_merged_r16)] | step 1440/1591 (90.5%) | loss=5.5132 | lm=2.6749 | strategy_loss=0.6720 | relation_loss=0.7179 | anchor=0.0000 | train_emotion_acc=100.00% | train_strategy_f1=50.00% | train_relation_acc=50.00% | elapsed=8094s
[Stage3-KO(select_bank_en_merged_r16)] | step 1450/1591 (91.1%) | loss=4.9289 | lm=1.7855 | strategy_loss=0.6718 | relation_loss=1.0158 | anchor=0.0000 | train_emotion_acc=50.00% | train_strategy_f1=50.00% | train_relation_acc=50.00% | elapsed=8150s
[Stage3-KO(select_bank_en_merged_r16)] | step 1460/1591 (91.8%) | loss=6.5040 | lm=2.1993 | strategy_loss=0.8344 | relation_loss=1.8831 | anchor=0.0000 | train_emotion_acc=50.00% | train_strategy_f1=20.00% | train_relation_acc=50.00% | elapsed=8204s
[Stage3-KO(select_bank_en_merged_r16)] | step 1470/1591 (92.4%) | loss=5.2043 | lm=2.2822 | strategy_loss=0.8662 | relation_loss=0.0995 | anchor=0.0000 | train_emotion_acc=100.00% | train_strategy_f1=20.00% | train_relation_acc=100.00% | elapsed=8260s
[Stage3-KO(select_bank_en_merged_r16)] | step 1480/1591 (93.0%) | loss=4.6988 | lm=2.2484 | strategy_loss=0.5440 | relation_loss=0.7687 | anchor=0.0000 | train_emotion_acc=100.00% | train_strategy_f1=75.00% | train_relation_acc=50.00% | elapsed=8315s
[Stage3-KO(select_bank_en_merged_r16)] | step 1490/1591 (93.7%) | loss=4.4257 | lm=2.4216 | strategy_loss=0.6267 | relation_loss=0.0060 | anchor=0.0000 | train_emotion_acc=100.00% | train_strategy_f1=40.00% | train_relation_acc=100.00% | elapsed=8371s
[Stage3-KO(select_bank_en_merged_r16)] | step 1500/1591 (94.3%) | loss=5.0879 | lm=2.2719 | strategy_loss=0.8740 | relation_loss=0.0485 | anchor=0.0000 | train_emotion_acc=100.00% | train_strategy_f1=33.33% | train_relation_acc=100.00% | elapsed=8425s
[Stage3-KO(select_bank_en_merged_r16)] | step 1510/1591 (94.9%) | loss=4.8220 | lm=2.5051 | strategy_loss=0.6707 | relation_loss=0.0116 | anchor=0.0000 | train_emotion_acc=100.00% | train_strategy_f1=50.00% | train_relation_acc=100.00% | elapsed=8480s
[Stage3-KO(select_bank_en_merged_r16)] | step 1520/1591 (95.5%) | loss=4.7943 | lm=2.4237 | strategy_loss=0.5705 | relation_loss=0.5969 | anchor=0.0000 | train_emotion_acc=100.00% | train_strategy_f1=50.00% | train_relation_acc=50.00% | elapsed=8535s
[Stage3-KO(select_bank_en_merged_r16)] | step 1530/1591 (96.2%) | loss=4.6203 | lm=2.1663 | strategy_loss=0.7521 | relation_loss=0.0778 | anchor=0.0000 | train_emotion_acc=100.00% | train_strategy_f1=50.00% | train_relation_acc=100.00% | elapsed=8590s
[Stage3-KO(select_bank_en_merged_r16)] | step 1540/1591 (96.8%) | loss=4.4612 | lm=2.4527 | strategy_loss=0.5317 | relation_loss=0.4175 | anchor=0.0000 | train_emotion_acc=100.00% | train_strategy_f1=60.00% | train_relation_acc=100.00% | elapsed=8646s
[Stage3-KO(select_bank_en_merged_r16)] | step 1550/1591 (97.4%) | loss=4.0477 | lm=2.1329 | strategy_loss=0.4922 | relation_loss=0.4458 | anchor=0.0000 | train_emotion_acc=100.00% | train_strategy_f1=60.00% | train_relation_acc=50.00% | elapsed=8701s
[Stage3-KO(select_bank_en_merged_r16)] | step 1560/1591 (98.1%) | loss=5.4654 | lm=2.3719 | strategy_loss=0.9154 | relation_loss=0.0172 | anchor=0.0000 | train_emotion_acc=50.00% | train_strategy_f1=40.00% | train_relation_acc=100.00% | elapsed=8756s
[Stage3-KO(select_bank_en_merged_r16)] | step 1570/1591 (98.7%) | loss=5.3739 | lm=2.0925 | strategy_loss=1.0301 | relation_loss=0.0196 | anchor=0.0000 | train_emotion_acc=100.00% | train_strategy_f1=16.67% | train_relation_acc=100.00% | elapsed=8811s
[Stage3-KO(select_bank_en_merged_r16)] | step 1580/1591 (99.3%) | loss=4.6355 | lm=2.6950 | strategy_loss=0.6069 | relation_loss=0.0068 | anchor=0.0000 | train_emotion_acc=100.00% | train_strategy_f1=60.00% | train_relation_acc=100.00% | elapsed=8866s
[Stage3-KO(select_bank_en_merged_r16)] | step 1590/1591 (99.9%) | loss=6.8956 | lm=2.1307 | strategy_loss=1.1597 | relation_loss=1.1910 | anchor=0.0000 | train_emotion_acc=100.00% | train_strategy_f1=25.00% | train_relation_acc=50.00% | elapsed=8921s
[Stage3-KO(select_bank_en_merged_r16)] FINAL | EMOTION=89.00% | RELATION=98.00% | STRATEGY=68.53% | STRATEGY_HAMMING=69.00%
[Stage3-KO(select_bank_en_merged_r16)] saved_to=/home/jbnu/jaehong/en-ko-empathy-lora/outputs/taffc/qwen/ablation/A5_no_replay/s42
[Stage3-KO(select_bank_en_merged_r16)] init_mode=select_bank_en_merged_r16
[Stage3-KO(select_bank_en_merged_r16)] vram_peak_gb=37.097
[Stage3-KO(select_bank_en_merged_r16)] steps=1591
[Stage3-KO(select_bank_en_merged_r16)] progress -> /home/jbnu/jaehong/en-ko-empathy-lora/outputs/taffc/qwen/ablation/A5_no_replay/s42/progress.json
[TRAIN] outputs/taffc/qwen/ablation/A6_no_anchor/s42 seed=42
device=cuda
cuda_device=NVIDIA L40S
train=25456 valid=3182 A=6 S=4 R=7 strategy_scope=utterance
Warning: You are sending unauthenticated requests to the HF Hub. Please set a HF_TOKEN to enable higher rate limits and faster downloads.
EN replay: every 4 KO steps, n=17788
Fetching 4 files:   0%|          | 0/4 [00:00<?, ?it/s]Fetching 4 files: 100%|██████████| 4/4 [00:00<00:00, 14327.26it/s]
[transformers] The fast path is not available because one of the required library is not installed. Falling back to torch implementation. To install follow https://github.com/fla-org/flash-linear-attention#installation and https://github.com/Dao-AILab/causal-conv1d
Loading weights:   0%|          | 0/427 [00:00<?, ?it/s]Loading weights: 100%|██████████| 427/427 [00:00<00:00, 8743.59it/s]
bitsandbytes library load error: Configured CUDA binary not found at /home/jbnu/jupyter-env/lib/python3.12/site-packages/bitsandbytes/libbitsandbytes_cuda130.so
 If you are using Intel CPU/XPU, please install intel_extension_for_pytorch to enable required ops
Traceback (most recent call last):
  File "/home/jbnu/jupyter-env/lib/python3.12/site-packages/bitsandbytes/cextension.py", line 318, in <module>
    lib = get_native_library()
          ^^^^^^^^^^^^^^^^^^^^
  File "/home/jbnu/jupyter-env/lib/python3.12/site-packages/bitsandbytes/cextension.py", line 282, in get_native_library
    raise RuntimeError(f"Configured {BNB_BACKEND} binary not found at {cuda_binary_path}")
RuntimeError: Configured CUDA binary not found at /home/jbnu/jupyter-env/lib/python3.12/site-packages/bitsandbytes/libbitsandbytes_cuda130.so
lora_init_mode=select_bank_en_merged_r16
gates={'affect': 'share', 'strategy': 'relearn', 'relation': 'relearn', 'culture': 'suppress'}
strategy_pos_weight=[1.7157411575317383, 1.7157411575317383, 1.7157411575317383, 1.7157411575317383]
loss_weights emotion=0.245 strategy=3.150 relation=0.787 gate_conditioned=True curriculum=True
two_pass_affect=True
lr_lora=7.5e-05 lr_head=0.00015 freeze_lora=False trainable=20,783,121
[Stage3-KO(select_bank_en_merged_r16)] model=Qwen/Qwen3.5-9B train=25456 valid=3182 init=select_bank_en_merged_r16 steps≈1591 S=multilabel gates={'affect': 'share', 'strategy': 'relearn', 'relation': 'relearn', 'culture': 'suppress'}
[Stage3-KO(select_bank_en_merged_r16)] | step 1/1591 (0.1%) | loss=9.4035 | lm=3.4505 | strategy_loss=0.8085 | relation_loss=2.2490 | train_emotion_acc=0.00% | train_strategy_f1=50.00% | train_relation_acc=0.00% | elapsed=6s
[Stage3-KO(select_bank_en_merged_r16)] | step 10/1591 (0.6%) | loss=7.3522 | lm=2.6878 | strategy_loss=0.6069 | relation_loss=1.8363 | train_emotion_acc=0.00% | train_strategy_f1=25.00% | train_relation_acc=0.00% | elapsed=56s
[Stage3-KO(select_bank_en_merged_r16)] | step 20/1591 (1.3%) | loss=11.4628 | lm=2.5890 | strategy_loss=1.5570 | relation_loss=1.9670 | train_emotion_acc=0.00% | train_strategy_f1=50.00% | train_relation_acc=50.00% | elapsed=112s
[Stage3-KO(select_bank_en_merged_r16)] | step 30/1591 (1.9%) | loss=7.5683 | lm=2.4331 | strategy_loss=0.8542 | relation_loss=1.2459 | train_emotion_acc=0.00% | train_strategy_f1=40.00% | train_relation_acc=100.00% | elapsed=168s
[Stage3-KO(select_bank_en_merged_r16)] | step 40/1591 (2.5%) | loss=7.0598 | lm=2.2234 | strategy_loss=0.7388 | relation_loss=1.5114 | train_emotion_acc=100.00% | train_strategy_f1=50.00% | train_relation_acc=50.00% | elapsed=224s
[Stage3-KO(select_bank_en_merged_r16)] | step 50/1591 (3.1%) | loss=5.5719 | lm=2.2558 | strategy_loss=0.5929 | relation_loss=0.5657 | train_emotion_acc=50.00% | train_strategy_f1=33.33% | train_relation_acc=100.00% | elapsed=281s
[Stage3-KO(select_bank_en_merged_r16)] | step 60/1591 (3.8%) | loss=7.1246 | lm=3.4040 | strategy_loss=0.5670 | relation_loss=1.2515 | train_emotion_acc=100.00% | train_strategy_f1=60.00% | train_relation_acc=50.00% | elapsed=337s
[Stage3-KO(select_bank_en_merged_r16)] | step 70/1591 (4.4%) | loss=7.0442 | lm=2.3895 | strategy_loss=0.8436 | relation_loss=0.8934 | train_emotion_acc=100.00% | train_strategy_f1=16.67% | train_relation_acc=50.00% | elapsed=394s
[Stage3-KO(select_bank_en_merged_r16)] | step 80/1591 (5.0%) | loss=6.4938 | lm=2.5122 | strategy_loss=0.8100 | relation_loss=0.3265 | train_emotion_acc=50.00% | train_strategy_f1=20.00% | train_relation_acc=100.00% | elapsed=450s
[Stage3-KO(select_bank_en_merged_r16)] | step 90/1591 (5.7%) | loss=7.7220 | lm=2.5246 | strategy_loss=0.7024 | relation_loss=2.1518 | train_emotion_acc=100.00% | train_strategy_f1=33.33% | train_relation_acc=50.00% | elapsed=507s
[Stage3-KO(select_bank_en_merged_r16)] | step 100/1591 (6.3%) | loss=6.8471 | lm=2.3082 | strategy_loss=0.8539 | relation_loss=0.6764 | train_emotion_acc=50.00% | train_strategy_f1=33.33% | train_relation_acc=100.00% | elapsed=562s
[Stage3-KO(select_bank_en_merged_r16)] | step 110/1591 (6.9%) | loss=7.3276 | lm=2.6494 | strategy_loss=1.0295 | relation_loss=0.0687 | train_emotion_acc=50.00% | train_strategy_f1=33.33% | train_relation_acc=100.00% | elapsed=618s
[Stage3-KO(select_bank_en_merged_r16)] | step 120/1591 (7.5%) | loss=7.0348 | lm=2.6196 | strategy_loss=0.7901 | relation_loss=1.0103 | train_emotion_acc=100.00% | train_strategy_f1=40.00% | train_relation_acc=50.00% | elapsed=675s
[Stage3-KO(select_bank_en_merged_r16)] | step 130/1591 (8.2%) | loss=4.6463 | lm=2.2826 | strategy_loss=0.5009 | relation_loss=0.0321 | train_emotion_acc=50.00% | train_strategy_f1=40.00% | train_relation_acc=100.00% | elapsed=731s
[Stage3-KO(select_bank_en_merged_r16)] | step 140/1591 (8.8%) | loss=7.8213 | lm=2.2761 | strategy_loss=1.0526 | relation_loss=1.0355 | train_emotion_acc=100.00% | train_strategy_f1=40.00% | train_relation_acc=50.00% | elapsed=787s
[Stage3-KO(select_bank_en_merged_r16)] | step 150/1591 (9.4%) | loss=5.9890 | lm=2.9714 | strategy_loss=0.6451 | relation_loss=0.1005 | train_emotion_acc=50.00% | train_strategy_f1=40.00% | train_relation_acc=100.00% | elapsed=842s
[Stage3-KO(select_bank_en_merged_r16)] | step 160/1591 (10.1%) | loss=10.5424 | lm=2.5233 | strategy_loss=1.1812 | relation_loss=2.9892 | train_emotion_acc=100.00% | train_strategy_f1=16.67% | train_relation_acc=0.00% | elapsed=899s
[Stage3-KO(select_bank_en_merged_r16)] | step 170/1591 (10.7%) | loss=6.7614 | lm=2.6813 | strategy_loss=0.8706 | relation_loss=0.2519 | train_emotion_acc=100.00% | train_strategy_f1=16.67% | train_relation_acc=100.00% | elapsed=955s
[Stage3-KO(select_bank_en_merged_r16)] | step 180/1591 (11.3%) | loss=6.0891 | lm=2.4714 | strategy_loss=0.6925 | relation_loss=0.6266 | train_emotion_acc=100.00% | train_strategy_f1=40.00% | train_relation_acc=50.00% | elapsed=1012s
[Stage3-KO(select_bank_en_merged_r16)] | step 190/1591 (11.9%) | loss=7.9085 | lm=2.7955 | strategy_loss=0.6260 | relation_loss=2.5459 | train_emotion_acc=100.00% | train_strategy_f1=40.00% | train_relation_acc=50.00% | elapsed=1068s
[Stage3-KO(select_bank_en_merged_r16)] | step 200/1591 (12.6%) | loss=5.6551 | lm=2.4113 | strategy_loss=0.6901 | relation_loss=0.0483 | train_emotion_acc=0.00% | train_strategy_f1=60.00% | train_relation_acc=100.00% | elapsed=1124s
[Stage3-KO(select_bank_en_merged_r16)] | step 210/1591 (13.2%) | loss=5.1356 | lm=2.0464 | strategy_loss=0.6833 | relation_loss=0.0924 | train_emotion_acc=100.00% | train_strategy_f1=60.00% | train_relation_acc=100.00% | elapsed=1180s
[Stage3-KO(select_bank_en_merged_r16)] | step 220/1591 (13.8%) | loss=6.6441 | lm=2.4503 | strategy_loss=0.7267 | relation_loss=0.9982 | train_emotion_acc=50.00% | train_strategy_f1=40.00% | train_relation_acc=0.00% | elapsed=1237s
[Stage3-KO(select_bank_en_merged_r16)] | step 230/1591 (14.5%) | loss=7.0898 | lm=2.9861 | strategy_loss=0.8024 | relation_loss=0.6225 | train_emotion_acc=100.00% | train_strategy_f1=60.00% | train_relation_acc=50.00% | elapsed=1293s
[Stage3-KO(select_bank_en_merged_r16)] | step 240/1591 (15.1%) | loss=6.2101 | lm=2.3218 | strategy_loss=0.7617 | relation_loss=0.4709 | train_emotion_acc=50.00% | train_strategy_f1=80.00% | train_relation_acc=100.00% | elapsed=1349s
[Stage3-KO(select_bank_en_merged_r16)] | step 250/1591 (15.7%) | loss=7.1612 | lm=2.7639 | strategy_loss=0.7313 | relation_loss=1.3171 | train_emotion_acc=100.00% | train_strategy_f1=66.67% | train_relation_acc=50.00% | elapsed=1405s
[Stage3-KO(select_bank_en_merged_r16)] | step 260/1591 (16.3%) | loss=6.4657 | lm=2.3976 | strategy_loss=0.6614 | relation_loss=1.1701 | train_emotion_acc=50.00% | train_strategy_f1=75.00% | train_relation_acc=50.00% | elapsed=1462s
[Stage3-KO(select_bank_en_merged_r16)] | step 270/1591 (17.0%) | loss=6.4790 | lm=2.7387 | strategy_loss=0.7674 | relation_loss=0.4097 | train_emotion_acc=100.00% | train_strategy_f1=50.00% | train_relation_acc=100.00% | elapsed=1518s
[Stage3-KO(select_bank_en_merged_r16)] | step 280/1591 (17.6%) | loss=5.6013 | lm=2.6966 | strategy_loss=0.6495 | relation_loss=0.1163 | train_emotion_acc=100.00% | train_strategy_f1=60.00% | train_relation_acc=100.00% | elapsed=1575s
[Stage3-KO(select_bank_en_merged_r16)] | step 290/1591 (18.2%) | loss=7.4569 | lm=2.7462 | strategy_loss=0.6027 | relation_loss=2.0028 | train_emotion_acc=0.00% | train_strategy_f1=66.67% | train_relation_acc=50.00% | elapsed=1631s
[Stage3-KO(select_bank_en_merged_r16)] | step 300/1591 (18.9%) | loss=6.1693 | lm=2.6711 | strategy_loss=0.7373 | relation_loss=0.0952 | train_emotion_acc=50.00% | train_strategy_f1=50.00% | train_relation_acc=100.00% | elapsed=1688s
[Stage3-KO(select_bank_en_merged_r16)] | step 310/1591 (19.5%) | loss=6.1159 | lm=2.6280 | strategy_loss=0.6443 | relation_loss=0.7035 | train_emotion_acc=100.00% | train_strategy_f1=50.00% | train_relation_acc=50.00% | elapsed=1744s
[Stage3-KO(select_bank_en_merged_r16)] | step 320/1591 (20.1%) | loss=5.0741 | lm=2.2178 | strategy_loss=0.5253 | relation_loss=0.5222 | train_emotion_acc=50.00% | train_strategy_f1=60.00% | train_relation_acc=100.00% | elapsed=1802s
[Stage3-KO(select_bank_en_merged_r16)] | step 330/1591 (20.7%) | loss=7.5528 | lm=3.0815 | strategy_loss=0.6033 | relation_loss=1.7172 | train_emotion_acc=50.00% | train_strategy_f1=40.00% | train_relation_acc=50.00% | elapsed=1858s
[Stage3-KO(select_bank_en_merged_r16)] | step 340/1591 (21.4%) | loss=5.0139 | lm=2.1267 | strategy_loss=0.6131 | relation_loss=0.0129 | train_emotion_acc=50.00% | train_strategy_f1=80.00% | train_relation_acc=100.00% | elapsed=1915s
[Stage3-KO(select_bank_en_merged_r16)] | step 350/1591 (22.0%) | loss=5.1925 | lm=2.0048 | strategy_loss=0.6597 | relation_loss=0.2977 | train_emotion_acc=100.00% | train_strategy_f1=50.00% | train_relation_acc=100.00% | elapsed=1972s
[Stage3-KO(select_bank_en_merged_r16)] | step 360/1591 (22.6%) | loss=7.0774 | lm=2.3836 | strategy_loss=1.0748 | relation_loss=0.0018 | train_emotion_acc=50.00% | train_strategy_f1=50.00% | train_relation_acc=100.00% | elapsed=2029s
[Stage3-KO(select_bank_en_merged_r16)] | step 370/1591 (23.3%) | loss=7.1346 | lm=1.8755 | strategy_loss=1.2162 | relation_loss=0.0010 | train_emotion_acc=100.00% | train_strategy_f1=14.29% | train_relation_acc=100.00% | elapsed=2086s
[Stage3-KO(select_bank_en_merged_r16)] | step 380/1591 (23.9%) | loss=5.2812 | lm=2.2344 | strategy_loss=0.5948 | relation_loss=0.4394 | train_emotion_acc=100.00% | train_strategy_f1=80.00% | train_relation_acc=100.00% | elapsed=2143s
[Stage3-KO(select_bank_en_merged_r16)] | step 390/1591 (24.5%) | loss=6.6974 | lm=2.5725 | strategy_loss=0.6888 | relation_loss=1.2244 | train_emotion_acc=100.00% | train_strategy_f1=60.00% | train_relation_acc=50.00% | elapsed=2200s
[Stage3-KO(select_bank_en_merged_r16)] | step 400/1591 (25.1%) | loss=5.7470 | lm=2.1808 | strategy_loss=0.5861 | relation_loss=0.9599 | train_emotion_acc=50.00% | train_strategy_f1=75.00% | train_relation_acc=50.00% | elapsed=2257s
[Stage3-KO(select_bank_en_merged_r16)] EVAL @400 (valid) | EMOTION=79.00% | RELATION=95.50% | STRATEGY=64.48% | STRATEGY_HAMMING=63.50% | loss=5.9122 | lm_loss=2.4200 | emotion_loss=0.7681 | strategy_loss=0.7415 | relation_loss=0.2095
[Stage3-KO(select_bank_en_merged_r16)] | step 410/1591 (25.8%) | loss=7.7534 | lm=2.8262 | strategy_loss=0.5695 | relation_loss=2.4107 | train_emotion_acc=50.00% | train_strategy_f1=60.00% | train_relation_acc=50.00% | elapsed=2348s
[Stage3-KO(select_bank_en_merged_r16)] | step 420/1591 (26.4%) | loss=4.9176 | lm=2.5498 | strategy_loss=0.5089 | relation_loss=0.1939 | train_emotion_acc=100.00% | train_strategy_f1=50.00% | train_relation_acc=100.00% | elapsed=2405s
[Stage3-KO(select_bank_en_merged_r16)] | step 430/1591 (27.0%) | loss=6.2104 | lm=2.8673 | strategy_loss=0.6114 | relation_loss=0.4796 | train_emotion_acc=0.00% | train_strategy_f1=40.00% | train_relation_acc=50.00% | elapsed=2461s
[Stage3-KO(select_bank_en_merged_r16)] | step 440/1591 (27.7%) | loss=6.0327 | lm=2.0034 | strategy_loss=0.6807 | relation_loss=1.0512 | train_emotion_acc=100.00% | train_strategy_f1=50.00% | train_relation_acc=50.00% | elapsed=2518s
[Stage3-KO(select_bank_en_merged_r16)] | step 450/1591 (28.3%) | loss=5.5760 | lm=3.0745 | strategy_loss=0.4917 | relation_loss=0.3817 | train_emotion_acc=100.00% | train_strategy_f1=66.67% | train_relation_acc=100.00% | elapsed=2574s
[Stage3-KO(select_bank_en_merged_r16)] | step 460/1591 (28.9%) | loss=6.1877 | lm=2.2983 | strategy_loss=0.8676 | relation_loss=0.0522 | train_emotion_acc=100.00% | train_strategy_f1=20.00% | train_relation_acc=100.00% | elapsed=2631s
[Stage3-KO(select_bank_en_merged_r16)] | step 470/1591 (29.5%) | loss=6.1539 | lm=2.0362 | strategy_loss=0.5913 | relation_loss=1.6018 | train_emotion_acc=100.00% | train_strategy_f1=50.00% | train_relation_acc=50.00% | elapsed=2687s
[Stage3-KO(select_bank_en_merged_r16)] | step 480/1591 (30.2%) | loss=4.3542 | lm=1.8439 | strategy_loss=0.5628 | relation_loss=0.0209 | train_emotion_acc=100.00% | train_strategy_f1=100.00% | train_relation_acc=100.00% | elapsed=2743s
[Stage3-KO(select_bank_en_merged_r16)] | step 490/1591 (30.8%) | loss=5.6207 | lm=2.2435 | strategy_loss=0.6262 | relation_loss=0.5912 | train_emotion_acc=50.00% | train_strategy_f1=40.00% | train_relation_acc=100.00% | elapsed=2799s
[Stage3-KO(select_bank_en_merged_r16)] | step 500/1591 (31.4%) | loss=6.0153 | lm=2.2236 | strategy_loss=0.8710 | relation_loss=0.0367 | train_emotion_acc=100.00% | train_strategy_f1=20.00% | train_relation_acc=100.00% | elapsed=2855s
[Stage3-KO(select_bank_en_merged_r16)] | step 510/1591 (32.1%) | loss=4.2475 | lm=2.1097 | strategy_loss=0.4511 | relation_loss=0.2155 | train_emotion_acc=100.00% | train_strategy_f1=50.00% | train_relation_acc=100.00% | elapsed=2911s
[Stage3-KO(select_bank_en_merged_r16)] | step 520/1591 (32.7%) | loss=5.9961 | lm=2.4466 | strategy_loss=0.5966 | relation_loss=0.8948 | train_emotion_acc=50.00% | train_strategy_f1=66.67% | train_relation_acc=50.00% | elapsed=2968s
[Stage3-KO(select_bank_en_merged_r16)] | step 530/1591 (33.3%) | loss=6.0268 | lm=2.1608 | strategy_loss=0.8041 | relation_loss=0.4269 | train_emotion_acc=100.00% | train_strategy_f1=40.00% | train_relation_acc=100.00% | elapsed=3024s
[Stage3-KO(select_bank_en_merged_r16)] | step 540/1591 (33.9%) | loss=5.6968 | lm=1.8488 | strategy_loss=0.7353 | relation_loss=0.5201 | train_emotion_acc=50.00% | train_strategy_f1=33.33% | train_relation_acc=50.00% | elapsed=3081s
[Stage3-KO(select_bank_en_merged_r16)] | step 550/1591 (34.6%) | loss=5.2698 | lm=1.6089 | strategy_loss=0.8109 | relation_loss=0.0892 | train_emotion_acc=100.00% | train_strategy_f1=33.33% | train_relation_acc=100.00% | elapsed=3137s
[Stage3-KO(select_bank_en_merged_r16)] | step 560/1591 (35.2%) | loss=4.9679 | lm=2.3129 | strategy_loss=0.6137 | relation_loss=0.0106 | train_emotion_acc=100.00% | train_strategy_f1=50.00% | train_relation_acc=100.00% | elapsed=3194s
[Stage3-KO(select_bank_en_merged_r16)] | step 570/1591 (35.8%) | loss=5.6197 | lm=2.6000 | strategy_loss=0.6912 | relation_loss=0.0036 | train_emotion_acc=100.00% | train_strategy_f1=40.00% | train_relation_acc=100.00% | elapsed=3250s
[Stage3-KO(select_bank_en_merged_r16)] | step 580/1591 (36.5%) | loss=8.4885 | lm=3.0269 | strategy_loss=1.2085 | relation_loss=0.2005 | train_emotion_acc=50.00% | train_strategy_f1=28.57% | train_relation_acc=100.00% | elapsed=3306s
[Stage3-KO(select_bank_en_merged_r16)] | step 590/1591 (37.1%) | loss=7.8836 | lm=3.3412 | strategy_loss=0.9098 | relation_loss=0.6487 | train_emotion_acc=100.00% | train_strategy_f1=33.33% | train_relation_acc=100.00% | elapsed=3362s
[Stage3-KO(select_bank_en_merged_r16)] | step 600/1591 (37.7%) | loss=5.0273 | lm=2.1417 | strategy_loss=0.6561 | relation_loss=0.0004 | train_emotion_acc=100.00% | train_strategy_f1=60.00% | train_relation_acc=100.00% | elapsed=3419s
[Stage3-KO(select_bank_en_merged_r16)] | step 610/1591 (38.3%) | loss=6.6681 | lm=2.2693 | strategy_loss=0.9052 | relation_loss=0.5500 | train_emotion_acc=100.00% | train_strategy_f1=50.00% | train_relation_acc=50.00% | elapsed=3475s
[Stage3-KO(select_bank_en_merged_r16)] | step 620/1591 (39.0%) | loss=5.6959 | lm=2.4619 | strategy_loss=0.7310 | relation_loss=0.0998 | train_emotion_acc=100.00% | train_strategy_f1=25.00% | train_relation_acc=100.00% | elapsed=3531s
[Stage3-KO(select_bank_en_merged_r16)] | step 630/1591 (39.6%) | loss=7.6020 | lm=2.5602 | strategy_loss=1.1601 | relation_loss=0.0528 | train_emotion_acc=100.00% | train_strategy_f1=42.86% | train_relation_acc=100.00% | elapsed=3587s
[Stage3-KO(select_bank_en_merged_r16)] | step 640/1591 (40.2%) | loss=5.5784 | lm=3.1948 | strategy_loss=0.6891 | relation_loss=0.1247 | train_emotion_acc=100.00% | train_strategy_f1=60.00% | train_relation_acc=100.00% | elapsed=3644s
[Stage3-KO(select_bank_en_merged_r16)] | step 650/1591 (40.9%) | loss=4.4886 | lm=2.4296 | strategy_loss=0.6220 | relation_loss=0.0133 | train_emotion_acc=100.00% | train_strategy_f1=75.00% | train_relation_acc=100.00% | elapsed=3700s
[Stage3-KO(select_bank_en_merged_r16)] | step 660/1591 (41.5%) | loss=5.2170 | lm=2.4327 | strategy_loss=0.5756 | relation_loss=1.2078 | train_emotion_acc=100.00% | train_strategy_f1=100.00% | train_relation_acc=50.00% | elapsed=3756s
[Stage3-KO(select_bank_en_merged_r16)] | step 670/1591 (42.1%) | loss=4.5877 | lm=2.1928 | strategy_loss=0.6509 | relation_loss=0.3943 | train_emotion_acc=100.00% | train_strategy_f1=60.00% | train_relation_acc=50.00% | elapsed=3812s
[Stage3-KO(select_bank_en_merged_r16)] | step 680/1591 (42.7%) | loss=4.6155 | lm=2.3581 | strategy_loss=0.6851 | relation_loss=0.0182 | train_emotion_acc=100.00% | train_strategy_f1=50.00% | train_relation_acc=100.00% | elapsed=3868s
[Stage3-KO(select_bank_en_merged_r16)] | step 690/1591 (43.4%) | loss=5.7585 | lm=2.7170 | strategy_loss=0.7035 | relation_loss=0.8133 | train_emotion_acc=50.00% | train_strategy_f1=50.00% | train_relation_acc=50.00% | elapsed=3924s
[Stage3-KO(select_bank_en_merged_r16)] | step 700/1591 (44.0%) | loss=4.8055 | lm=2.5884 | strategy_loss=0.5935 | relation_loss=0.1497 | train_emotion_acc=50.00% | train_strategy_f1=50.00% | train_relation_acc=100.00% | elapsed=3982s
[Stage3-KO(select_bank_en_merged_r16)] | step 710/1591 (44.6%) | loss=4.1336 | lm=1.9593 | strategy_loss=0.6661 | relation_loss=0.0551 | train_emotion_acc=100.00% | train_strategy_f1=50.00% | train_relation_acc=100.00% | elapsed=4037s
[Stage3-KO(select_bank_en_merged_r16)] | step 720/1591 (45.3%) | loss=5.0372 | lm=2.9518 | strategy_loss=0.4922 | relation_loss=0.2603 | train_emotion_acc=50.00% | train_strategy_f1=50.00% | train_relation_acc=100.00% | elapsed=4094s
[Stage3-KO(select_bank_en_merged_r16)] | step 730/1591 (45.9%) | loss=4.9620 | lm=2.4580 | strategy_loss=0.7526 | relation_loss=0.1448 | train_emotion_acc=100.00% | train_strategy_f1=40.00% | train_relation_acc=100.00% | elapsed=4149s
[Stage3-KO(select_bank_en_merged_r16)] | step 740/1591 (46.5%) | loss=5.3920 | lm=2.4017 | strategy_loss=0.7308 | relation_loss=0.4957 | train_emotion_acc=50.00% | train_strategy_f1=40.00% | train_relation_acc=50.00% | elapsed=4206s
[Stage3-KO(select_bank_en_merged_r16)] | step 750/1591 (47.1%) | loss=5.2455 | lm=2.4902 | strategy_loss=0.7245 | relation_loss=0.5585 | train_emotion_acc=100.00% | train_strategy_f1=80.00% | train_relation_acc=50.00% | elapsed=4262s
[Stage3-KO(select_bank_en_merged_r16)] | step 760/1591 (47.8%) | loss=4.6907 | lm=1.9955 | strategy_loss=0.6891 | relation_loss=0.5100 | train_emotion_acc=100.00% | train_strategy_f1=66.67% | train_relation_acc=50.00% | elapsed=4319s
[Stage3-KO(select_bank_en_merged_r16)] | step 770/1591 (48.4%) | loss=4.6418 | lm=2.4579 | strategy_loss=0.6506 | relation_loss=0.0135 | train_emotion_acc=100.00% | train_strategy_f1=50.00% | train_relation_acc=100.00% | elapsed=4375s
[Stage3-KO(select_bank_en_merged_r16)] | step 780/1591 (49.0%) | loss=5.4618 | lm=2.6334 | strategy_loss=0.5511 | relation_loss=1.2759 | train_emotion_acc=100.00% | train_strategy_f1=60.00% | train_relation_acc=50.00% | elapsed=4431s
[Stage3-KO(select_bank_en_merged_r16)] | step 790/1591 (49.7%) | loss=5.1660 | lm=2.5592 | strategy_loss=0.8177 | relation_loss=0.0017 | train_emotion_acc=100.00% | train_strategy_f1=33.33% | train_relation_acc=100.00% | elapsed=4487s
[Stage3-KO(select_bank_en_merged_r16)] | step 800/1591 (50.3%) | loss=5.5933 | lm=2.3379 | strategy_loss=0.8495 | relation_loss=0.4296 | train_emotion_acc=50.00% | train_strategy_f1=50.00% | train_relation_acc=50.00% | elapsed=4543s
[Stage3-KO(select_bank_en_merged_r16)] EVAL @800 (valid) | EMOTION=86.00% | RELATION=97.00% | STRATEGY=66.51% | STRATEGY_HAMMING=64.88% | loss=4.8919 | lm_loss=2.3360 | emotion_loss=0.4952 | strategy_loss=0.7304 | relation_loss=0.1699
[Stage3-KO(select_bank_en_merged_r16)] | step 810/1591 (50.9%) | loss=4.5393 | lm=2.0150 | strategy_loss=0.5614 | relation_loss=0.7122 | train_emotion_acc=50.00% | train_strategy_f1=50.00% | train_relation_acc=50.00% | elapsed=4633s
[Stage3-KO(select_bank_en_merged_r16)] | step 820/1591 (51.5%) | loss=5.6383 | lm=2.8312 | strategy_loss=0.7794 | relation_loss=0.4047 | train_emotion_acc=100.00% | train_strategy_f1=33.33% | train_relation_acc=50.00% | elapsed=4690s
[Stage3-KO(select_bank_en_merged_r16)] | step 830/1591 (52.2%) | loss=5.7925 | lm=2.3130 | strategy_loss=0.6782 | relation_loss=1.5812 | train_emotion_acc=100.00% | train_strategy_f1=60.00% | train_relation_acc=50.00% | elapsed=4745s
[Stage3-KO(select_bank_en_merged_r16)] | step 840/1591 (52.8%) | loss=4.9761 | lm=2.6323 | strategy_loss=0.7284 | relation_loss=0.0002 | train_emotion_acc=100.00% | train_strategy_f1=50.00% | train_relation_acc=100.00% | elapsed=4802s
[Stage3-KO(select_bank_en_merged_r16)] | step 850/1591 (53.4%) | loss=6.7341 | lm=2.5785 | strategy_loss=1.2982 | relation_loss=0.0281 | train_emotion_acc=100.00% | train_strategy_f1=14.29% | train_relation_acc=100.00% | elapsed=4859s
[Stage3-KO(select_bank_en_merged_r16)] | step 860/1591 (54.1%) | loss=6.0832 | lm=1.5803 | strategy_loss=0.7425 | relation_loss=2.1861 | train_emotion_acc=50.00% | train_strategy_f1=20.00% | train_relation_acc=50.00% | elapsed=4916s
[Stage3-KO(select_bank_en_merged_r16)] | step 870/1591 (54.7%) | loss=5.8889 | lm=2.3403 | strategy_loss=0.9529 | relation_loss=0.6239 | train_emotion_acc=100.00% | train_strategy_f1=16.67% | train_relation_acc=50.00% | elapsed=4972s
[Stage3-KO(select_bank_en_merged_r16)] | step 880/1591 (55.3%) | loss=5.3382 | lm=2.4628 | strategy_loss=0.7159 | relation_loss=0.3497 | train_emotion_acc=50.00% | train_strategy_f1=40.00% | train_relation_acc=100.00% | elapsed=5028s
[Stage3-KO(select_bank_en_merged_r16)] | step 890/1591 (55.9%) | loss=5.1346 | lm=2.5289 | strategy_loss=0.6475 | relation_loss=0.6166 | train_emotion_acc=100.00% | train_strategy_f1=40.00% | train_relation_acc=100.00% | elapsed=5084s
[Stage3-KO(select_bank_en_merged_r16)] | step 900/1591 (56.6%) | loss=4.7966 | lm=2.2250 | strategy_loss=0.7487 | relation_loss=0.1705 | train_emotion_acc=100.00% | train_strategy_f1=50.00% | train_relation_acc=100.00% | elapsed=5141s
[Stage3-KO(select_bank_en_merged_r16)] | step 910/1591 (57.2%) | loss=5.5280 | lm=2.1848 | strategy_loss=0.9927 | relation_loss=0.2354 | train_emotion_acc=100.00% | train_strategy_f1=33.33% | train_relation_acc=100.00% | elapsed=5197s
[Stage3-KO(select_bank_en_merged_r16)] | step 920/1591 (57.8%) | loss=4.3865 | lm=1.6642 | strategy_loss=0.6797 | relation_loss=0.6702 | train_emotion_acc=100.00% | train_strategy_f1=50.00% | train_relation_acc=50.00% | elapsed=5254s
[Stage3-KO(select_bank_en_merged_r16)] | step 930/1591 (58.5%) | loss=6.5130 | lm=2.3967 | strategy_loss=1.2621 | relation_loss=0.0172 | train_emotion_acc=100.00% | train_strategy_f1=42.86% | train_relation_acc=100.00% | elapsed=5310s
[Stage3-KO(select_bank_en_merged_r16)] | step 940/1591 (59.1%) | loss=5.2041 | lm=2.0451 | strategy_loss=0.8750 | relation_loss=0.4309 | train_emotion_acc=100.00% | train_strategy_f1=33.33% | train_relation_acc=100.00% | elapsed=5366s
[Stage3-KO(select_bank_en_merged_r16)] | step 950/1591 (59.7%) | loss=4.6444 | lm=2.2209 | strategy_loss=0.5230 | relation_loss=0.7588 | train_emotion_acc=50.00% | train_strategy_f1=50.00% | train_relation_acc=50.00% | elapsed=5421s
[Stage3-KO(select_bank_en_merged_r16)] | step 960/1591 (60.3%) | loss=6.7367 | lm=2.6937 | strategy_loss=0.7139 | relation_loss=2.2354 | train_emotion_acc=100.00% | train_strategy_f1=40.00% | train_relation_acc=0.00% | elapsed=5478s
[Stage3-KO(select_bank_en_merged_r16)] | step 970/1591 (61.0%) | loss=4.5732 | lm=2.6967 | strategy_loss=0.5931 | relation_loss=0.0017 | train_emotion_acc=100.00% | train_strategy_f1=40.00% | train_relation_acc=100.00% | elapsed=5534s
[Stage3-KO(select_bank_en_merged_r16)] | step 980/1591 (61.6%) | loss=4.7383 | lm=2.4537 | strategy_loss=0.6363 | relation_loss=0.2756 | train_emotion_acc=100.00% | train_strategy_f1=50.00% | train_relation_acc=100.00% | elapsed=5589s
[Stage3-KO(select_bank_en_merged_r16)] | step 990/1591 (62.2%) | loss=5.4734 | lm=2.4354 | strategy_loss=0.8196 | relation_loss=0.3120 | train_emotion_acc=50.00% | train_strategy_f1=50.00% | train_relation_acc=100.00% | elapsed=5646s
[Stage3-KO(select_bank_en_merged_r16)] | step 1000/1591 (62.9%) | loss=6.6928 | lm=2.9198 | strategy_loss=0.6555 | relation_loss=1.7711 | train_emotion_acc=50.00% | train_strategy_f1=40.00% | train_relation_acc=50.00% | elapsed=5702s
[Stage3-KO(select_bank_en_merged_r16)] | step 1010/1591 (63.5%) | loss=6.4229 | lm=2.5827 | strategy_loss=0.8722 | relation_loss=0.7843 | train_emotion_acc=0.00% | train_strategy_f1=33.33% | train_relation_acc=50.00% | elapsed=5757s
[Stage3-KO(select_bank_en_merged_r16)] | step 1020/1591 (64.1%) | loss=4.7270 | lm=2.2812 | strategy_loss=0.7686 | relation_loss=0.0259 | train_emotion_acc=100.00% | train_strategy_f1=33.33% | train_relation_acc=100.00% | elapsed=5814s
[Stage3-KO(select_bank_en_merged_r16)] | step 1030/1591 (64.7%) | loss=4.1318 | lm=1.9240 | strategy_loss=0.6436 | relation_loss=0.0047 | train_emotion_acc=50.00% | train_strategy_f1=50.00% | train_relation_acc=100.00% | elapsed=5870s
[Stage3-KO(select_bank_en_merged_r16)] | step 1040/1591 (65.4%) | loss=4.3883 | lm=2.2554 | strategy_loss=0.6231 | relation_loss=0.0004 | train_emotion_acc=50.00% | train_strategy_f1=66.67% | train_relation_acc=100.00% | elapsed=5926s
[Stage3-KO(select_bank_en_merged_r16)] | step 1050/1591 (66.0%) | loss=5.6118 | lm=3.3756 | strategy_loss=0.5533 | relation_loss=0.3136 | train_emotion_acc=50.00% | train_strategy_f1=80.00% | train_relation_acc=100.00% | elapsed=5983s
[Stage3-KO(select_bank_en_merged_r16)] | step 1060/1591 (66.6%) | loss=6.0945 | lm=2.5044 | strategy_loss=1.1253 | relation_loss=0.0066 | train_emotion_acc=100.00% | train_strategy_f1=42.86% | train_relation_acc=100.00% | elapsed=6040s
[Stage3-KO(select_bank_en_merged_r16)] | step 1070/1591 (67.3%) | loss=8.0985 | lm=1.8460 | strategy_loss=0.8495 | relation_loss=4.3318 | train_emotion_acc=50.00% | train_strategy_f1=50.00% | train_relation_acc=50.00% | elapsed=6096s
[Stage3-KO(select_bank_en_merged_r16)] | step 1080/1591 (67.9%) | loss=3.4950 | lm=1.8544 | strategy_loss=0.4527 | relation_loss=0.1880 | train_emotion_acc=100.00% | train_strategy_f1=100.00% | train_relation_acc=100.00% | elapsed=6154s
[Stage3-KO(select_bank_en_merged_r16)] | step 1090/1591 (68.5%) | loss=5.2948 | lm=2.2912 | strategy_loss=0.9313 | relation_loss=0.0268 | train_emotion_acc=100.00% | train_strategy_f1=33.33% | train_relation_acc=100.00% | elapsed=6210s
[Stage3-KO(select_bank_en_merged_r16)] | step 1100/1591 (69.1%) | loss=5.5173 | lm=2.3120 | strategy_loss=0.9945 | relation_loss=0.0084 | train_emotion_acc=100.00% | train_strategy_f1=50.00% | train_relation_acc=100.00% | elapsed=6267s
[Stage3-KO(select_bank_en_merged_r16)] | step 1110/1591 (69.8%) | loss=4.1849 | lm=2.0233 | strategy_loss=0.6650 | relation_loss=0.0001 | train_emotion_acc=100.00% | train_strategy_f1=50.00% | train_relation_acc=100.00% | elapsed=6324s
[Stage3-KO(select_bank_en_merged_r16)] | step 1120/1591 (70.4%) | loss=6.9171 | lm=2.5158 | strategy_loss=0.9825 | relation_loss=1.4969 | train_emotion_acc=50.00% | train_strategy_f1=25.00% | train_relation_acc=50.00% | elapsed=6381s
[Stage3-KO(select_bank_en_merged_r16)] | step 1130/1591 (71.0%) | loss=4.9122 | lm=2.0151 | strategy_loss=0.7579 | relation_loss=0.4258 | train_emotion_acc=50.00% | train_strategy_f1=60.00% | train_relation_acc=50.00% | elapsed=6436s
[Stage3-KO(select_bank_en_merged_r16)] | step 1140/1591 (71.7%) | loss=5.4083 | lm=1.7550 | strategy_loss=1.0152 | relation_loss=0.0687 | train_emotion_acc=0.00% | train_strategy_f1=42.86% | train_relation_acc=100.00% | elapsed=6493s
[Stage3-KO(select_bank_en_merged_r16)] | step 1150/1591 (72.3%) | loss=7.1314 | lm=2.6123 | strategy_loss=0.7795 | relation_loss=2.5037 | train_emotion_acc=100.00% | train_strategy_f1=20.00% | train_relation_acc=50.00% | elapsed=6549s
[Stage3-KO(select_bank_en_merged_r16)] | step 1160/1591 (72.9%) | loss=4.1932 | lm=2.6214 | strategy_loss=0.4615 | relation_loss=0.1223 | train_emotion_acc=100.00% | train_strategy_f1=75.00% | train_relation_acc=100.00% | elapsed=6605s
[Stage3-KO(select_bank_en_merged_r16)] | step 1170/1591 (73.5%) | loss=4.7282 | lm=2.3081 | strategy_loss=0.5951 | relation_loss=0.1092 | train_emotion_acc=0.00% | train_strategy_f1=40.00% | train_relation_acc=100.00% | elapsed=6662s
[Stage3-KO(select_bank_en_merged_r16)] | step 1180/1591 (74.2%) | loss=4.9583 | lm=2.4182 | strategy_loss=0.6810 | relation_loss=0.4765 | train_emotion_acc=100.00% | train_strategy_f1=60.00% | train_relation_acc=50.00% | elapsed=6718s
[Stage3-KO(select_bank_en_merged_r16)] | step 1190/1591 (74.8%) | loss=4.6811 | lm=2.1211 | strategy_loss=0.8025 | relation_loss=0.0144 | train_emotion_acc=100.00% | train_strategy_f1=40.00% | train_relation_acc=100.00% | elapsed=6775s
[Stage3-KO(select_bank_en_merged_r16)] | step 1200/1591 (75.4%) | loss=5.7707 | lm=2.5812 | strategy_loss=0.8383 | relation_loss=0.2482 | train_emotion_acc=0.00% | train_strategy_f1=16.67% | train_relation_acc=100.00% | elapsed=6831s
[Stage3-KO(select_bank_en_merged_r16)] EVAL @1200 (valid) | EMOTION=85.50% | RELATION=97.50% | STRATEGY=68.29% | STRATEGY_HAMMING=65.75% | loss=4.7947 | lm_loss=2.2875 | emotion_loss=0.4744 | strategy_loss=0.7240 | relation_loss=0.1402
[Stage3-KO(select_bank_en_merged_r16)] | step 1210/1591 (76.1%) | loss=4.2405 | lm=1.9580 | strategy_loss=0.5250 | relation_loss=0.5924 | train_emotion_acc=50.00% | train_strategy_f1=80.00% | train_relation_acc=100.00% | elapsed=6922s
[Stage3-KO(select_bank_en_merged_r16)] | step 1220/1591 (76.7%) | loss=4.7093 | lm=2.5119 | strategy_loss=0.6757 | relation_loss=0.0723 | train_emotion_acc=100.00% | train_strategy_f1=60.00% | train_relation_acc=100.00% | elapsed=6978s
[Stage3-KO(select_bank_en_merged_r16)] | step 1230/1591 (77.3%) | loss=4.6031 | lm=1.9097 | strategy_loss=0.7634 | relation_loss=0.2094 | train_emotion_acc=100.00% | train_strategy_f1=25.00% | train_relation_acc=100.00% | elapsed=7034s
[Stage3-KO(select_bank_en_merged_r16)] | step 1240/1591 (77.9%) | loss=5.0337 | lm=2.5058 | strategy_loss=0.7301 | relation_loss=0.1486 | train_emotion_acc=100.00% | train_strategy_f1=20.00% | train_relation_acc=100.00% | elapsed=7090s
[Stage3-KO(select_bank_en_merged_r16)] | step 1250/1591 (78.6%) | loss=6.0533 | lm=2.3621 | strategy_loss=0.7769 | relation_loss=0.9070 | train_emotion_acc=0.00% | train_strategy_f1=40.00% | train_relation_acc=50.00% | elapsed=7146s
[Stage3-KO(select_bank_en_merged_r16)] | step 1260/1591 (79.2%) | loss=5.5084 | lm=2.7476 | strategy_loss=0.7851 | relation_loss=0.2521 | train_emotion_acc=100.00% | train_strategy_f1=50.00% | train_relation_acc=100.00% | elapsed=7202s
[Stage3-KO(select_bank_en_merged_r16)] | step 1270/1591 (79.8%) | loss=5.2328 | lm=2.7390 | strategy_loss=0.6809 | relation_loss=0.0866 | train_emotion_acc=50.00% | train_strategy_f1=50.00% | train_relation_acc=100.00% | elapsed=7258s
[Stage3-KO(select_bank_en_merged_r16)] | step 1280/1591 (80.5%) | loss=5.4724 | lm=2.0568 | strategy_loss=0.8935 | relation_loss=0.1777 | train_emotion_acc=50.00% | train_strategy_f1=33.33% | train_relation_acc=100.00% | elapsed=7315s
[Stage3-KO(select_bank_en_merged_r16)] | step 1290/1591 (81.1%) | loss=4.3222 | lm=2.4747 | strategy_loss=0.5743 | relation_loss=0.0044 | train_emotion_acc=100.00% | train_strategy_f1=50.00% | train_relation_acc=100.00% | elapsed=7371s
[Stage3-KO(select_bank_en_merged_r16)] | step 1300/1591 (81.7%) | loss=4.0165 | lm=1.6802 | strategy_loss=0.6521 | relation_loss=0.2530 | train_emotion_acc=100.00% | train_strategy_f1=33.33% | train_relation_acc=100.00% | elapsed=7428s
[Stage3-KO(select_bank_en_merged_r16)] | step 1310/1591 (82.3%) | loss=5.8564 | lm=2.1857 | strategy_loss=0.9406 | relation_loss=0.5389 | train_emotion_acc=50.00% | train_strategy_f1=20.00% | train_relation_acc=50.00% | elapsed=7484s
[Stage3-KO(select_bank_en_merged_r16)] | step 1320/1591 (83.0%) | loss=5.0422 | lm=2.1466 | strategy_loss=0.8130 | relation_loss=0.3419 | train_emotion_acc=100.00% | train_strategy_f1=66.67% | train_relation_acc=100.00% | elapsed=7540s
[Stage3-KO(select_bank_en_merged_r16)] | step 1330/1591 (83.6%) | loss=4.7694 | lm=2.6934 | strategy_loss=0.6408 | relation_loss=0.0032 | train_emotion_acc=100.00% | train_strategy_f1=75.00% | train_relation_acc=100.00% | elapsed=7596s
[Stage3-KO(select_bank_en_merged_r16)] | step 1340/1591 (84.2%) | loss=4.3822 | lm=1.8862 | strategy_loss=0.7718 | relation_loss=0.0393 | train_emotion_acc=100.00% | train_strategy_f1=50.00% | train_relation_acc=100.00% | elapsed=7653s
[Stage3-KO(select_bank_en_merged_r16)] | step 1350/1591 (84.9%) | loss=5.8807 | lm=2.4862 | strategy_loss=0.6941 | relation_loss=1.4244 | train_emotion_acc=100.00% | train_strategy_f1=66.67% | train_relation_acc=50.00% | elapsed=7709s
[Stage3-KO(select_bank_en_merged_r16)] | step 1360/1591 (85.5%) | loss=4.6190 | lm=1.6543 | strategy_loss=0.9347 | relation_loss=0.0005 | train_emotion_acc=100.00% | train_strategy_f1=33.33% | train_relation_acc=100.00% | elapsed=7766s
[Stage3-KO(select_bank_en_merged_r16)] | step 1370/1591 (86.1%) | loss=4.8973 | lm=1.8315 | strategy_loss=0.9189 | relation_loss=0.0264 | train_emotion_acc=50.00% | train_strategy_f1=57.14% | train_relation_acc=100.00% | elapsed=7822s
[Stage3-KO(select_bank_en_merged_r16)] | step 1380/1591 (86.7%) | loss=5.9566 | lm=2.4228 | strategy_loss=0.7864 | relation_loss=1.2552 | train_emotion_acc=100.00% | train_strategy_f1=16.67% | train_relation_acc=50.00% | elapsed=7878s
[Stage3-KO(select_bank_en_merged_r16)] | step 1390/1591 (87.4%) | loss=4.5635 | lm=2.4350 | strategy_loss=0.5602 | relation_loss=0.0760 | train_emotion_acc=50.00% | train_strategy_f1=60.00% | train_relation_acc=100.00% | elapsed=7935s
[Stage3-KO(select_bank_en_merged_r16)] | step 1400/1591 (88.0%) | loss=5.5902 | lm=2.3861 | strategy_loss=0.8058 | relation_loss=0.7044 | train_emotion_acc=100.00% | train_strategy_f1=33.33% | train_relation_acc=50.00% | elapsed=7992s
[Stage3-KO(select_bank_en_merged_r16)] | step 1410/1591 (88.6%) | loss=4.4477 | lm=2.9065 | strategy_loss=0.4381 | relation_loss=0.0022 | train_emotion_acc=50.00% | train_strategy_f1=66.67% | train_relation_acc=100.00% | elapsed=8047s
[Stage3-KO(select_bank_en_merged_r16)] | step 1420/1591 (89.3%) | loss=5.5722 | lm=2.3697 | strategy_loss=0.6930 | relation_loss=1.2226 | train_emotion_acc=100.00% | train_strategy_f1=60.00% | train_relation_acc=50.00% | elapsed=8104s
[Stage3-KO(select_bank_en_merged_r16)] | step 1430/1591 (89.9%) | loss=5.4497 | lm=1.8073 | strategy_loss=1.1059 | relation_loss=0.0590 | train_emotion_acc=100.00% | train_strategy_f1=33.33% | train_relation_acc=100.00% | elapsed=8160s
[Stage3-KO(select_bank_en_merged_r16)] | step 1440/1591 (90.5%) | loss=5.5354 | lm=2.7603 | strategy_loss=0.6329 | relation_loss=0.5187 | train_emotion_acc=50.00% | train_strategy_f1=50.00% | train_relation_acc=100.00% | elapsed=8218s
[Stage3-KO(select_bank_en_merged_r16)] | step 1450/1591 (91.1%) | loss=5.6538 | lm=2.4940 | strategy_loss=0.9069 | relation_loss=0.0130 | train_emotion_acc=50.00% | train_strategy_f1=0.00% | train_relation_acc=100.00% | elapsed=8274s
[Stage3-KO(select_bank_en_merged_r16)] | step 1460/1591 (91.8%) | loss=4.9225 | lm=2.1481 | strategy_loss=0.8303 | relation_loss=0.0152 | train_emotion_acc=100.00% | train_strategy_f1=33.33% | train_relation_acc=100.00% | elapsed=8330s
[Stage3-KO(select_bank_en_merged_r16)] | step 1470/1591 (92.4%) | loss=3.4388 | lm=1.8741 | strategy_loss=0.4649 | relation_loss=0.0100 | train_emotion_acc=100.00% | train_strategy_f1=75.00% | train_relation_acc=100.00% | elapsed=8386s
[Stage3-KO(select_bank_en_merged_r16)] | step 1480/1591 (93.0%) | loss=6.6248 | lm=2.8927 | strategy_loss=1.1634 | relation_loss=0.0040 | train_emotion_acc=100.00% | train_strategy_f1=33.33% | train_relation_acc=100.00% | elapsed=8442s
[Stage3-KO(select_bank_en_merged_r16)] | step 1490/1591 (93.7%) | loss=5.9340 | lm=2.7898 | strategy_loss=0.6473 | relation_loss=1.3207 | train_emotion_acc=100.00% | train_strategy_f1=40.00% | train_relation_acc=0.00% | elapsed=8499s
[Stage3-KO(select_bank_en_merged_r16)] | step 1500/1591 (94.3%) | loss=5.2321 | lm=2.8282 | strategy_loss=0.6471 | relation_loss=0.0428 | train_emotion_acc=50.00% | train_strategy_f1=50.00% | train_relation_acc=100.00% | elapsed=8555s
[Stage3-KO(select_bank_en_merged_r16)] | step 1510/1591 (94.9%) | loss=4.2242 | lm=2.0351 | strategy_loss=0.6008 | relation_loss=0.3537 | train_emotion_acc=100.00% | train_strategy_f1=33.33% | train_relation_acc=50.00% | elapsed=8612s
[Stage3-KO(select_bank_en_merged_r16)] | step 1520/1591 (95.5%) | loss=5.8774 | lm=2.9966 | strategy_loss=0.7418 | relation_loss=0.6806 | train_emotion_acc=100.00% | train_strategy_f1=50.00% | train_relation_acc=50.00% | elapsed=8668s
[Stage3-KO(select_bank_en_merged_r16)] | step 1530/1591 (96.2%) | loss=5.9623 | lm=3.2009 | strategy_loss=0.6034 | relation_loss=0.9835 | train_emotion_acc=100.00% | train_strategy_f1=40.00% | train_relation_acc=50.00% | elapsed=8724s
[Stage3-KO(select_bank_en_merged_r16)] | step 1540/1591 (96.8%) | loss=4.1357 | lm=2.3366 | strategy_loss=0.4735 | relation_loss=0.1306 | train_emotion_acc=50.00% | train_strategy_f1=50.00% | train_relation_acc=100.00% | elapsed=8780s
[Stage3-KO(select_bank_en_merged_r16)] | step 1550/1591 (97.4%) | loss=4.5311 | lm=2.0947 | strategy_loss=0.7140 | relation_loss=0.1091 | train_emotion_acc=100.00% | train_strategy_f1=50.00% | train_relation_acc=100.00% | elapsed=8835s
[Stage3-KO(select_bank_en_merged_r16)] | step 1560/1591 (98.1%) | loss=5.0806 | lm=2.3415 | strategy_loss=0.7053 | relation_loss=0.6269 | train_emotion_acc=100.00% | train_strategy_f1=60.00% | train_relation_acc=50.00% | elapsed=8892s
[Stage3-KO(select_bank_en_merged_r16)] | step 1570/1591 (98.7%) | loss=5.4240 | lm=2.2750 | strategy_loss=0.5949 | relation_loss=1.2007 | train_emotion_acc=50.00% | train_strategy_f1=50.00% | train_relation_acc=0.00% | elapsed=8948s
[Stage3-KO(select_bank_en_merged_r16)] | step 1580/1591 (99.3%) | loss=4.6179 | lm=2.4641 | strategy_loss=0.6274 | relation_loss=0.2045 | train_emotion_acc=100.00% | train_strategy_f1=40.00% | train_relation_acc=100.00% | elapsed=9004s
[Stage3-KO(select_bank_en_merged_r16)] | step 1590/1591 (99.9%) | loss=6.5724 | lm=2.3907 | strategy_loss=1.2376 | relation_loss=0.0022 | train_emotion_acc=50.00% | train_strategy_f1=50.00% | train_relation_acc=100.00% | elapsed=9060s
[Stage3-KO(select_bank_en_merged_r16)] FINAL | EMOTION=85.50% | RELATION=97.50% | STRATEGY=65.55% | STRATEGY_HAMMING=64.12%
[Stage3-KO(select_bank_en_merged_r16)] saved_to=/home/jbnu/jaehong/en-ko-empathy-lora/outputs/taffc/qwen/ablation/A6_no_anchor/s42
[Stage3-KO(select_bank_en_merged_r16)] init_mode=select_bank_en_merged_r16
[Stage3-KO(select_bank_en_merged_r16)] vram_peak_gb=37.05
[Stage3-KO(select_bank_en_merged_r16)] steps=1591
[Stage3-KO(select_bank_en_merged_r16)] progress -> /home/jbnu/jaehong/en-ko-empathy-lora/outputs/taffc/qwen/ablation/A6_no_anchor/s42/progress.json
[TRAIN] outputs/taffc/qwen/ablation/A8_freeze/s42 seed=42
device=cuda
cuda_device=NVIDIA L40S
train=25456 valid=3182 A=6 S=4 R=7 strategy_scope=utterance
Warning: You are sending unauthenticated requests to the HF Hub. Please set a HF_TOKEN to enable higher rate limits and faster downloads.
EN replay: every 4 KO steps, n=17788
Fetching 4 files:   0%|          | 0/4 [00:00<?, ?it/s]Fetching 4 files: 100%|██████████| 4/4 [00:00<00:00, 9653.17it/s]
[transformers] The fast path is not available because one of the required library is not installed. Falling back to torch implementation. To install follow https://github.com/fla-org/flash-linear-attention#installation and https://github.com/Dao-AILab/causal-conv1d
Loading weights:   0%|          | 0/427 [00:00<?, ?it/s]Loading weights: 100%|██████████| 427/427 [00:00<00:00, 9129.86it/s]
bitsandbytes library load error: Configured CUDA binary not found at /home/jbnu/jupyter-env/lib/python3.12/site-packages/bitsandbytes/libbitsandbytes_cuda130.so
 If you are using Intel CPU/XPU, please install intel_extension_for_pytorch to enable required ops
Traceback (most recent call last):
  File "/home/jbnu/jupyter-env/lib/python3.12/site-packages/bitsandbytes/cextension.py", line 318, in <module>
    lib = get_native_library()
          ^^^^^^^^^^^^^^^^^^^^
  File "/home/jbnu/jupyter-env/lib/python3.12/site-packages/bitsandbytes/cextension.py", line 282, in get_native_library
    raise RuntimeError(f"Configured {BNB_BACKEND} binary not found at {cuda_binary_path}")
RuntimeError: Configured CUDA binary not found at /home/jbnu/jupyter-env/lib/python3.12/site-packages/bitsandbytes/libbitsandbytes_cuda130.so
lora_init_mode=select_from_en
gates={'affect': 'share', 'strategy': 'relearn', 'relation': 'relearn', 'culture': 'suppress'}
freeze_lora=True frozen_lora_tensors=64
strategy_pos_weight=[1.7157411575317383, 1.7157411575317383, 1.7157411575317383, 1.7157411575317383]
loss_weights emotion=0.245 strategy=3.150 relation=0.787 gate_conditioned=True curriculum=True
two_pass_affect=True
lr_lora=0.00015 lr_head=0.00015 freeze_lora=True trainable=16,850,961
[Stage3-KO(select_from_en_heads_only)] model=Qwen/Qwen3.5-9B train=25456 valid=3182 init=select_from_en_heads_only steps≈1591 S=multilabel gates={'affect': 'share', 'strategy': 'relearn', 'relation': 'relearn', 'culture': 'suppress'}
[Stage3-KO(select_from_en_heads_only)] | step 1/1591 (0.1%) | loss=10.0290 | lm=2.8476 | strategy_loss=1.0077 | relation_loss=2.3715 | train_emotion_acc=0.00% | train_strategy_f1=33.33% | train_relation_acc=0.00% | elapsed=6s
[Stage3-KO(select_from_en_heads_only)] | step 10/1591 (0.6%) | loss=9.3586 | lm=2.5583 | strategy_loss=1.0202 | relation_loss=2.1656 | train_emotion_acc=0.00% | train_strategy_f1=33.33% | train_relation_acc=0.00% | elapsed=55s
[Stage3-KO(select_from_en_heads_only)] | step 20/1591 (1.3%) | loss=8.2376 | lm=2.6689 | strategy_loss=0.8753 | relation_loss=1.5589 | train_emotion_acc=50.00% | train_strategy_f1=33.33% | train_relation_acc=50.00% | elapsed=112s
[Stage3-KO(select_from_en_heads_only)] | step 30/1591 (1.9%) | loss=7.5634 | lm=2.9355 | strategy_loss=0.7086 | relation_loss=1.4460 | train_emotion_acc=100.00% | train_strategy_f1=33.33% | train_relation_acc=100.00% | elapsed=168s
[Stage3-KO(select_from_en_heads_only)] | step 40/1591 (2.5%) | loss=7.3378 | lm=2.8329 | strategy_loss=0.6317 | relation_loss=1.6251 | train_emotion_acc=100.00% | train_strategy_f1=80.00% | train_relation_acc=0.00% | elapsed=225s
[Stage3-KO(select_from_en_heads_only)] | step 50/1591 (3.1%) | loss=11.9824 | lm=4.0586 | strategy_loss=1.3097 | relation_loss=2.2402 | train_emotion_acc=50.00% | train_strategy_f1=0.00% | train_relation_acc=0.00% | elapsed=281s
[Stage3-KO(select_from_en_heads_only)] | step 60/1591 (3.8%) | loss=8.8098 | lm=2.4499 | strategy_loss=1.1907 | relation_loss=0.9988 | train_emotion_acc=50.00% | train_strategy_f1=16.67% | train_relation_acc=50.00% | elapsed=338s
[Stage3-KO(select_from_en_heads_only)] | step 70/1591 (4.4%) | loss=8.3062 | lm=2.7111 | strategy_loss=0.6680 | relation_loss=2.6226 | train_emotion_acc=50.00% | train_strategy_f1=50.00% | train_relation_acc=0.00% | elapsed=394s
[Stage3-KO(select_from_en_heads_only)] | step 80/1591 (5.0%) | loss=6.9581 | lm=2.2557 | strategy_loss=0.7429 | relation_loss=1.3103 | train_emotion_acc=50.00% | train_strategy_f1=50.00% | train_relation_acc=50.00% | elapsed=451s
[Stage3-KO(select_from_en_heads_only)] | step 90/1591 (5.7%) | loss=8.5507 | lm=2.5294 | strategy_loss=1.0915 | relation_loss=1.2194 | train_emotion_acc=100.00% | train_strategy_f1=33.33% | train_relation_acc=50.00% | elapsed=508s
[Stage3-KO(select_from_en_heads_only)] | step 100/1591 (6.3%) | loss=8.0690 | lm=2.4827 | strategy_loss=0.9248 | relation_loss=1.4549 | train_emotion_acc=100.00% | train_strategy_f1=50.00% | train_relation_acc=50.00% | elapsed=565s
[Stage3-KO(select_from_en_heads_only)] | step 110/1591 (6.9%) | loss=7.9136 | lm=2.5670 | strategy_loss=1.0262 | relation_loss=0.6941 | train_emotion_acc=50.00% | train_strategy_f1=42.86% | train_relation_acc=100.00% | elapsed=622s
[Stage3-KO(select_from_en_heads_only)] | step 120/1591 (7.5%) | loss=8.8834 | lm=3.0343 | strategy_loss=1.0578 | relation_loss=1.1609 | train_emotion_acc=100.00% | train_strategy_f1=42.86% | train_relation_acc=50.00% | elapsed=679s
[Stage3-KO(select_from_en_heads_only)] | step 130/1591 (8.2%) | loss=7.3416 | lm=2.8409 | strategy_loss=0.7238 | relation_loss=1.2184 | train_emotion_acc=100.00% | train_strategy_f1=50.00% | train_relation_acc=50.00% | elapsed=735s
[Stage3-KO(select_from_en_heads_only)] | step 140/1591 (8.8%) | loss=6.7007 | lm=2.4651 | strategy_loss=0.6938 | relation_loss=1.1052 | train_emotion_acc=50.00% | train_strategy_f1=40.00% | train_relation_acc=50.00% | elapsed=792s
[Stage3-KO(select_from_en_heads_only)] | step 150/1591 (9.4%) | loss=5.6730 | lm=2.7148 | strategy_loss=0.4369 | relation_loss=0.9842 | train_emotion_acc=100.00% | train_strategy_f1=75.00% | train_relation_acc=100.00% | elapsed=848s
[Stage3-KO(select_from_en_heads_only)] | step 160/1591 (10.1%) | loss=6.8118 | lm=2.7131 | strategy_loss=0.6407 | relation_loss=1.1293 | train_emotion_acc=50.00% | train_strategy_f1=40.00% | train_relation_acc=100.00% | elapsed=904s
[Stage3-KO(select_from_en_heads_only)] | step 170/1591 (10.7%) | loss=6.7173 | lm=2.1097 | strategy_loss=0.8124 | relation_loss=1.0172 | train_emotion_acc=50.00% | train_strategy_f1=50.00% | train_relation_acc=50.00% | elapsed=962s
[Stage3-KO(select_from_en_heads_only)] | step 180/1591 (11.3%) | loss=8.2621 | lm=2.5581 | strategy_loss=1.1444 | relation_loss=0.6090 | train_emotion_acc=50.00% | train_strategy_f1=33.33% | train_relation_acc=100.00% | elapsed=1019s
[Stage3-KO(select_from_en_heads_only)] | step 190/1591 (11.9%) | loss=7.4667 | lm=3.1357 | strategy_loss=0.7357 | relation_loss=1.0507 | train_emotion_acc=100.00% | train_strategy_f1=33.33% | train_relation_acc=50.00% | elapsed=1076s
[Stage3-KO(select_from_en_heads_only)] | step 200/1591 (12.6%) | loss=6.6400 | lm=2.5387 | strategy_loss=0.6342 | relation_loss=1.2559 | train_emotion_acc=50.00% | train_strategy_f1=60.00% | train_relation_acc=50.00% | elapsed=1133s
[Stage3-KO(select_from_en_heads_only)] | step 210/1591 (13.2%) | loss=7.7511 | lm=2.7235 | strategy_loss=0.6861 | relation_loss=2.0705 | train_emotion_acc=100.00% | train_strategy_f1=60.00% | train_relation_acc=0.00% | elapsed=1190s
[Stage3-KO(select_from_en_heads_only)] | step 220/1591 (13.8%) | loss=7.5619 | lm=2.9467 | strategy_loss=0.7764 | relation_loss=1.1199 | train_emotion_acc=100.00% | train_strategy_f1=50.00% | train_relation_acc=50.00% | elapsed=1248s
[Stage3-KO(select_from_en_heads_only)] | step 230/1591 (14.5%) | loss=6.4343 | lm=2.2227 | strategy_loss=0.5582 | relation_loss=1.6960 | train_emotion_acc=50.00% | train_strategy_f1=75.00% | train_relation_acc=0.00% | elapsed=1304s
[Stage3-KO(select_from_en_heads_only)] | step 240/1591 (15.1%) | loss=6.9725 | lm=2.6095 | strategy_loss=0.7045 | relation_loss=1.2173 | train_emotion_acc=50.00% | train_strategy_f1=66.67% | train_relation_acc=50.00% | elapsed=1362s
[Stage3-KO(select_from_en_heads_only)] | step 250/1591 (15.7%) | loss=7.3772 | lm=2.4917 | strategy_loss=0.6046 | relation_loss=2.1871 | train_emotion_acc=50.00% | train_strategy_f1=60.00% | train_relation_acc=0.00% | elapsed=1418s
[Stage3-KO(select_from_en_heads_only)] | step 260/1591 (16.3%) | loss=6.5752 | lm=2.2919 | strategy_loss=0.6411 | relation_loss=1.3370 | train_emotion_acc=0.00% | train_strategy_f1=60.00% | train_relation_acc=50.00% | elapsed=1475s
[Stage3-KO(select_from_en_heads_only)] | step 270/1591 (17.0%) | loss=8.5707 | lm=2.4825 | strategy_loss=1.0444 | relation_loss=1.5735 | train_emotion_acc=100.00% | train_strategy_f1=20.00% | train_relation_acc=0.00% | elapsed=1531s
[Stage3-KO(select_from_en_heads_only)] | step 280/1591 (17.6%) | loss=5.9960 | lm=2.3145 | strategy_loss=0.6293 | relation_loss=0.7650 | train_emotion_acc=0.00% | train_strategy_f1=40.00% | train_relation_acc=100.00% | elapsed=1589s
[Stage3-KO(select_from_en_heads_only)] | step 290/1591 (18.2%) | loss=6.7039 | lm=2.6150 | strategy_loss=0.7079 | relation_loss=0.8206 | train_emotion_acc=0.00% | train_strategy_f1=33.33% | train_relation_acc=100.00% | elapsed=1645s
[Stage3-KO(select_from_en_heads_only)] | step 300/1591 (18.9%) | loss=8.5558 | lm=2.7136 | strategy_loss=0.9143 | relation_loss=1.9216 | train_emotion_acc=100.00% | train_strategy_f1=16.67% | train_relation_acc=50.00% | elapsed=1702s
[Stage3-KO(select_from_en_heads_only)] | step 310/1591 (19.5%) | loss=8.2723 | lm=2.5114 | strategy_loss=0.9508 | relation_loss=1.7470 | train_emotion_acc=100.00% | train_strategy_f1=16.67% | train_relation_acc=0.00% | elapsed=1758s
[Stage3-KO(select_from_en_heads_only)] | step 320/1591 (20.1%) | loss=7.1147 | lm=2.6871 | strategy_loss=0.7084 | relation_loss=1.3071 | train_emotion_acc=100.00% | train_strategy_f1=33.33% | train_relation_acc=50.00% | elapsed=1814s
[Stage3-KO(select_from_en_heads_only)] | step 330/1591 (20.7%) | loss=6.7764 | lm=2.3196 | strategy_loss=0.7307 | relation_loss=1.1481 | train_emotion_acc=50.00% | train_strategy_f1=33.33% | train_relation_acc=50.00% | elapsed=1871s
[Stage3-KO(select_from_en_heads_only)] | step 340/1591 (21.4%) | loss=9.3608 | lm=2.4236 | strategy_loss=1.4339 | relation_loss=0.5989 | train_emotion_acc=0.00% | train_strategy_f1=28.57% | train_relation_acc=100.00% | elapsed=1927s
[Stage3-KO(select_from_en_heads_only)] | step 350/1591 (22.0%) | loss=6.8058 | lm=2.1027 | strategy_loss=0.7116 | relation_loss=1.4720 | train_emotion_acc=0.00% | train_strategy_f1=33.33% | train_relation_acc=50.00% | elapsed=1983s
[Stage3-KO(select_from_en_heads_only)] | step 360/1591 (22.6%) | loss=5.3260 | lm=2.5402 | strategy_loss=0.4873 | relation_loss=0.6750 | train_emotion_acc=100.00% | train_strategy_f1=50.00% | train_relation_acc=100.00% | elapsed=2040s
[Stage3-KO(select_from_en_heads_only)] | step 370/1591 (23.3%) | loss=9.6475 | lm=2.8789 | strategy_loss=1.2818 | relation_loss=1.1421 | train_emotion_acc=50.00% | train_strategy_f1=42.86% | train_relation_acc=50.00% | elapsed=2096s
[Stage3-KO(select_from_en_heads_only)] | step 380/1591 (23.9%) | loss=7.2406 | lm=2.3171 | strategy_loss=0.6553 | relation_loss=2.0101 | train_emotion_acc=100.00% | train_strategy_f1=60.00% | train_relation_acc=50.00% | elapsed=2154s
[Stage3-KO(select_from_en_heads_only)] | step 390/1591 (24.5%) | loss=6.6687 | lm=2.2366 | strategy_loss=0.8158 | relation_loss=0.7340 | train_emotion_acc=50.00% | train_strategy_f1=50.00% | train_relation_acc=100.00% | elapsed=2210s
[Stage3-KO(select_from_en_heads_only)] | step 400/1591 (25.1%) | loss=6.2679 | lm=2.4315 | strategy_loss=0.7928 | relation_loss=0.2669 | train_emotion_acc=50.00% | train_strategy_f1=33.33% | train_relation_acc=100.00% | elapsed=2266s
[Stage3-KO(select_from_en_heads_only)] EVAL @400 (valid) | EMOTION=71.50% | RELATION=80.50% | STRATEGY=67.71% | STRATEGY_HAMMING=64.00% | loss=6.9533 | lm_loss=2.6978 | emotion_loss=1.0642 | strategy_loss=0.7543 | relation_loss=0.9017
[Stage3-KO(select_from_en_heads_only)] | step 410/1591 (25.8%) | loss=6.2243 | lm=2.1797 | strategy_loss=0.6452 | relation_loss=1.1585 | train_emotion_acc=50.00% | train_strategy_f1=60.00% | train_relation_acc=50.00% | elapsed=2357s
[Stage3-KO(select_from_en_heads_only)] | step 420/1591 (26.4%) | loss=8.2892 | lm=3.4589 | strategy_loss=0.8912 | relation_loss=0.7887 | train_emotion_acc=0.00% | train_strategy_f1=33.33% | train_relation_acc=100.00% | elapsed=2415s
[Stage3-KO(select_from_en_heads_only)] | step 430/1591 (27.0%) | loss=9.0735 | lm=2.5224 | strategy_loss=0.7118 | relation_loss=3.5550 | train_emotion_acc=100.00% | train_strategy_f1=60.00% | train_relation_acc=0.00% | elapsed=2472s
[Stage3-KO(select_from_en_heads_only)] | step 440/1591 (27.7%) | loss=6.9656 | lm=2.6687 | strategy_loss=0.6620 | relation_loss=1.3529 | train_emotion_acc=50.00% | train_strategy_f1=50.00% | train_relation_acc=50.00% | elapsed=2528s
[Stage3-KO(select_from_en_heads_only)] | step 450/1591 (28.3%) | loss=8.7461 | lm=3.1213 | strategy_loss=1.0581 | relation_loss=0.9315 | train_emotion_acc=100.00% | train_strategy_f1=40.00% | train_relation_acc=50.00% | elapsed=2585s
[Stage3-KO(select_from_en_heads_only)] | step 460/1591 (28.9%) | loss=7.7707 | lm=2.3528 | strategy_loss=0.7295 | relation_loss=2.2165 | train_emotion_acc=50.00% | train_strategy_f1=66.67% | train_relation_acc=0.00% | elapsed=2642s
[Stage3-KO(select_from_en_heads_only)] | step 470/1591 (29.5%) | loss=7.7987 | lm=3.2583 | strategy_loss=0.6397 | relation_loss=1.7066 | train_emotion_acc=50.00% | train_strategy_f1=40.00% | train_relation_acc=0.00% | elapsed=2699s
[Stage3-KO(select_from_en_heads_only)] | step 480/1591 (30.2%) | loss=5.6226 | lm=2.0397 | strategy_loss=0.6957 | relation_loss=0.4063 | train_emotion_acc=50.00% | train_strategy_f1=50.00% | train_relation_acc=100.00% | elapsed=2756s
[Stage3-KO(select_from_en_heads_only)] | step 490/1591 (30.8%) | loss=5.9372 | lm=2.2089 | strategy_loss=0.6592 | relation_loss=0.6652 | train_emotion_acc=0.00% | train_strategy_f1=33.33% | train_relation_acc=100.00% | elapsed=2812s
[Stage3-KO(select_from_en_heads_only)] | step 500/1591 (31.4%) | loss=9.3415 | lm=3.4270 | strategy_loss=1.0708 | relation_loss=1.3209 | train_emotion_acc=100.00% | train_strategy_f1=16.67% | train_relation_acc=50.00% | elapsed=2870s
[Stage3-KO(select_from_en_heads_only)] | step 510/1591 (32.1%) | loss=6.9262 | lm=2.3734 | strategy_loss=0.9003 | relation_loss=0.7189 | train_emotion_acc=100.00% | train_strategy_f1=50.00% | train_relation_acc=100.00% | elapsed=2927s
[Stage3-KO(select_from_en_heads_only)] | step 520/1591 (32.7%) | loss=7.7135 | lm=2.9860 | strategy_loss=0.8730 | relation_loss=0.8404 | train_emotion_acc=50.00% | train_strategy_f1=20.00% | train_relation_acc=100.00% | elapsed=2983s
[Stage3-KO(select_from_en_heads_only)] | step 530/1591 (33.3%) | loss=6.9024 | lm=3.2027 | strategy_loss=0.6293 | relation_loss=0.8407 | train_emotion_acc=0.00% | train_strategy_f1=75.00% | train_relation_acc=50.00% | elapsed=3040s
[Stage3-KO(select_from_en_heads_only)] | step 540/1591 (33.9%) | loss=7.5789 | lm=3.2182 | strategy_loss=0.7042 | relation_loss=1.1955 | train_emotion_acc=50.00% | train_strategy_f1=33.33% | train_relation_acc=50.00% | elapsed=3096s
[Stage3-KO(select_from_en_heads_only)] | step 550/1591 (34.6%) | loss=6.3133 | lm=2.8323 | strategy_loss=0.6182 | relation_loss=0.8569 | train_emotion_acc=100.00% | train_strategy_f1=50.00% | train_relation_acc=50.00% | elapsed=3153s
[Stage3-KO(select_from_en_heads_only)] | step 560/1591 (35.2%) | loss=7.3947 | lm=2.6112 | strategy_loss=0.7873 | relation_loss=1.3239 | train_emotion_acc=50.00% | train_strategy_f1=40.00% | train_relation_acc=50.00% | elapsed=3209s
[Stage3-KO(select_from_en_heads_only)] | step 570/1591 (35.8%) | loss=8.1344 | lm=2.4069 | strategy_loss=1.0184 | relation_loss=1.1466 | train_emotion_acc=0.00% | train_strategy_f1=33.33% | train_relation_acc=50.00% | elapsed=3265s
[Stage3-KO(select_from_en_heads_only)] | step 580/1591 (36.5%) | loss=8.1466 | lm=2.5421 | strategy_loss=0.6938 | relation_loss=2.6887 | train_emotion_acc=100.00% | train_strategy_f1=40.00% | train_relation_acc=50.00% | elapsed=3322s
[Stage3-KO(select_from_en_heads_only)] | step 590/1591 (37.1%) | loss=7.4313 | lm=2.5186 | strategy_loss=0.8366 | relation_loss=1.3302 | train_emotion_acc=100.00% | train_strategy_f1=33.33% | train_relation_acc=50.00% | elapsed=3379s
[Stage3-KO(select_from_en_heads_only)] | step 600/1591 (37.7%) | loss=8.5516 | lm=2.4631 | strategy_loss=0.8997 | relation_loss=2.0493 | train_emotion_acc=0.00% | train_strategy_f1=40.00% | train_relation_acc=0.00% | elapsed=3437s
[Stage3-KO(select_from_en_heads_only)] | step 610/1591 (38.3%) | loss=7.3553 | lm=2.6075 | strategy_loss=0.8708 | relation_loss=0.6661 | train_emotion_acc=0.00% | train_strategy_f1=33.33% | train_relation_acc=100.00% | elapsed=3493s
[Stage3-KO(select_from_en_heads_only)] | step 620/1591 (39.0%) | loss=6.2469 | lm=2.8636 | strategy_loss=0.6346 | relation_loss=0.5886 | train_emotion_acc=50.00% | train_strategy_f1=50.00% | train_relation_acc=100.00% | elapsed=3549s
[Stage3-KO(select_from_en_heads_only)] | step 630/1591 (39.6%) | loss=8.0531 | lm=2.8879 | strategy_loss=0.8618 | relation_loss=1.4161 | train_emotion_acc=50.00% | train_strategy_f1=33.33% | train_relation_acc=0.00% | elapsed=3605s
[Stage3-KO(select_from_en_heads_only)] | step 640/1591 (40.2%) | loss=5.8002 | lm=2.8139 | strategy_loss=0.8027 | relation_loss=0.2262 | train_emotion_acc=50.00% | train_strategy_f1=20.00% | train_relation_acc=100.00% | elapsed=3661s
[Stage3-KO(select_from_en_heads_only)] | step 650/1591 (40.9%) | loss=6.9999 | lm=2.8540 | strategy_loss=0.7153 | relation_loss=2.1300 | train_emotion_acc=100.00% | train_strategy_f1=50.00% | train_relation_acc=50.00% | elapsed=3718s
[Stage3-KO(select_from_en_heads_only)] | step 660/1591 (41.5%) | loss=6.2812 | lm=3.0677 | strategy_loss=0.7797 | relation_loss=0.6339 | train_emotion_acc=50.00% | train_strategy_f1=33.33% | train_relation_acc=100.00% | elapsed=3774s
[Stage3-KO(select_from_en_heads_only)] | step 670/1591 (42.1%) | loss=8.7739 | lm=2.4694 | strategy_loss=1.2781 | relation_loss=2.4923 | train_emotion_acc=50.00% | train_strategy_f1=50.00% | train_relation_acc=0.00% | elapsed=3831s
[Stage3-KO(select_from_en_heads_only)] | step 680/1591 (42.7%) | loss=4.7293 | lm=2.5568 | strategy_loss=0.5613 | relation_loss=0.3722 | train_emotion_acc=100.00% | train_strategy_f1=60.00% | train_relation_acc=100.00% | elapsed=3888s
[Stage3-KO(select_from_en_heads_only)] | step 690/1591 (43.4%) | loss=4.7445 | lm=2.8101 | strategy_loss=0.5416 | relation_loss=0.1050 | train_emotion_acc=50.00% | train_strategy_f1=50.00% | train_relation_acc=100.00% | elapsed=3943s
[Stage3-KO(select_from_en_heads_only)] | step 700/1591 (44.0%) | loss=6.4177 | lm=3.0727 | strategy_loss=0.6847 | relation_loss=1.1771 | train_emotion_acc=50.00% | train_strategy_f1=50.00% | train_relation_acc=50.00% | elapsed=4001s
[Stage3-KO(select_from_en_heads_only)] | step 710/1591 (44.6%) | loss=5.2252 | lm=2.3758 | strategy_loss=0.6802 | relation_loss=0.6029 | train_emotion_acc=100.00% | train_strategy_f1=60.00% | train_relation_acc=100.00% | elapsed=4057s
[Stage3-KO(select_from_en_heads_only)] | step 720/1591 (45.3%) | loss=5.1498 | lm=1.9870 | strategy_loss=0.6497 | relation_loss=1.1255 | train_emotion_acc=50.00% | train_strategy_f1=66.67% | train_relation_acc=50.00% | elapsed=4114s
[Stage3-KO(select_from_en_heads_only)] | step 730/1591 (45.9%) | loss=5.5978 | lm=2.6926 | strategy_loss=0.6851 | relation_loss=0.7546 | train_emotion_acc=100.00% | train_strategy_f1=33.33% | train_relation_acc=100.00% | elapsed=4170s
[Stage3-KO(select_from_en_heads_only)] | step 740/1591 (46.5%) | loss=6.5118 | lm=2.6435 | strategy_loss=0.7065 | relation_loss=1.6998 | train_emotion_acc=50.00% | train_strategy_f1=60.00% | train_relation_acc=50.00% | elapsed=4226s
[Stage3-KO(select_from_en_heads_only)] | step 750/1591 (47.1%) | loss=6.3484 | lm=2.7260 | strategy_loss=0.6094 | relation_loss=1.6111 | train_emotion_acc=50.00% | train_strategy_f1=40.00% | train_relation_acc=50.00% | elapsed=4282s
[Stage3-KO(select_from_en_heads_only)] | step 760/1591 (47.8%) | loss=5.5760 | lm=2.5590 | strategy_loss=0.7102 | relation_loss=0.8401 | train_emotion_acc=100.00% | train_strategy_f1=33.33% | train_relation_acc=50.00% | elapsed=4339s
[Stage3-KO(select_from_en_heads_only)] | step 770/1591 (48.4%) | loss=6.1708 | lm=3.1010 | strategy_loss=0.6416 | relation_loss=1.0137 | train_emotion_acc=100.00% | train_strategy_f1=80.00% | train_relation_acc=50.00% | elapsed=4395s
[Stage3-KO(select_from_en_heads_only)] | step 780/1591 (49.0%) | loss=5.3071 | lm=2.2454 | strategy_loss=0.7267 | relation_loss=0.8121 | train_emotion_acc=100.00% | train_strategy_f1=50.00% | train_relation_acc=50.00% | elapsed=4451s
[Stage3-KO(select_from_en_heads_only)] | step 790/1591 (49.7%) | loss=7.6148 | lm=2.7200 | strategy_loss=1.4130 | relation_loss=0.2381 | train_emotion_acc=50.00% | train_strategy_f1=33.33% | train_relation_acc=100.00% | elapsed=4507s
[Stage3-KO(select_from_en_heads_only)] | step 800/1591 (50.3%) | loss=5.9929 | lm=2.7020 | strategy_loss=0.7303 | relation_loss=1.0948 | train_emotion_acc=100.00% | train_strategy_f1=33.33% | train_relation_acc=50.00% | elapsed=4564s
[Stage3-KO(select_from_en_heads_only)] EVAL @800 (valid) | EMOTION=70.50% | RELATION=75.00% | STRATEGY=66.97% | STRATEGY_HAMMING=63.12% | loss=5.8417 | lm_loss=2.6978 | emotion_loss=0.8922 | strategy_loss=0.7279 | relation_loss=0.8030
[Stage3-KO(select_from_en_heads_only)] | step 810/1591 (50.9%) | loss=5.2129 | lm=2.6314 | strategy_loss=0.6435 | relation_loss=0.4700 | train_emotion_acc=100.00% | train_strategy_f1=40.00% | train_relation_acc=100.00% | elapsed=4655s
[Stage3-KO(select_from_en_heads_only)] | step 820/1591 (51.5%) | loss=5.6178 | lm=2.5220 | strategy_loss=0.6826 | relation_loss=1.1244 | train_emotion_acc=100.00% | train_strategy_f1=50.00% | train_relation_acc=50.00% | elapsed=4712s
[Stage3-KO(select_from_en_heads_only)] | step 830/1591 (52.2%) | loss=9.9815 | lm=3.3303 | strategy_loss=1.2018 | relation_loss=3.3401 | train_emotion_acc=50.00% | train_strategy_f1=14.29% | train_relation_acc=0.00% | elapsed=4768s
[Stage3-KO(select_from_en_heads_only)] | step 840/1591 (52.8%) | loss=6.0752 | lm=2.9735 | strategy_loss=0.8148 | relation_loss=0.5088 | train_emotion_acc=100.00% | train_strategy_f1=50.00% | train_relation_acc=50.00% | elapsed=4826s
[Stage3-KO(select_from_en_heads_only)] | step 850/1591 (53.4%) | loss=6.0882 | lm=2.5959 | strategy_loss=0.6471 | relation_loss=1.5487 | train_emotion_acc=50.00% | train_strategy_f1=40.00% | train_relation_acc=50.00% | elapsed=4883s
[Stage3-KO(select_from_en_heads_only)] | step 860/1591 (54.1%) | loss=5.6769 | lm=2.6179 | strategy_loss=0.8380 | relation_loss=0.3601 | train_emotion_acc=100.00% | train_strategy_f1=40.00% | train_relation_acc=100.00% | elapsed=4940s
[Stage3-KO(select_from_en_heads_only)] | step 870/1591 (54.7%) | loss=7.4753 | lm=2.7226 | strategy_loss=0.6742 | relation_loss=2.9407 | train_emotion_acc=50.00% | train_strategy_f1=50.00% | train_relation_acc=0.00% | elapsed=4997s
[Stage3-KO(select_from_en_heads_only)] | step 880/1591 (55.3%) | loss=6.8896 | lm=2.6642 | strategy_loss=1.0464 | relation_loss=1.0228 | train_emotion_acc=100.00% | train_strategy_f1=33.33% | train_relation_acc=50.00% | elapsed=5053s
[Stage3-KO(select_from_en_heads_only)] | step 890/1591 (55.9%) | loss=7.3250 | lm=2.4585 | strategy_loss=1.2795 | relation_loss=0.5336 | train_emotion_acc=50.00% | train_strategy_f1=14.29% | train_relation_acc=100.00% | elapsed=5110s
[Stage3-KO(select_from_en_heads_only)] | step 900/1591 (56.6%) | loss=5.6639 | lm=2.8428 | strategy_loss=0.6969 | relation_loss=0.5876 | train_emotion_acc=50.00% | train_strategy_f1=50.00% | train_relation_acc=50.00% | elapsed=5167s
[Stage3-KO(select_from_en_heads_only)] | step 910/1591 (57.2%) | loss=6.5652 | lm=3.2156 | strategy_loss=0.7011 | relation_loss=1.1351 | train_emotion_acc=50.00% | train_strategy_f1=60.00% | train_relation_acc=50.00% | elapsed=5222s
[Stage3-KO(select_from_en_heads_only)] | step 920/1591 (57.8%) | loss=6.0742 | lm=2.9110 | strategy_loss=0.7339 | relation_loss=0.9442 | train_emotion_acc=100.00% | train_strategy_f1=33.33% | train_relation_acc=50.00% | elapsed=5279s
[Stage3-KO(select_from_en_heads_only)] | step 930/1591 (58.5%) | loss=5.8764 | lm=2.4405 | strategy_loss=0.7477 | relation_loss=0.9761 | train_emotion_acc=50.00% | train_strategy_f1=20.00% | train_relation_acc=50.00% | elapsed=5335s
[Stage3-KO(select_from_en_heads_only)] | step 940/1591 (59.1%) | loss=6.0307 | lm=3.2698 | strategy_loss=0.7829 | relation_loss=0.2414 | train_emotion_acc=100.00% | train_strategy_f1=50.00% | train_relation_acc=100.00% | elapsed=5393s
[Stage3-KO(select_from_en_heads_only)] | step 950/1591 (59.7%) | loss=4.9242 | lm=2.4714 | strategy_loss=0.6009 | relation_loss=0.5383 | train_emotion_acc=100.00% | train_strategy_f1=60.00% | train_relation_acc=100.00% | elapsed=5450s
[Stage3-KO(select_from_en_heads_only)] | step 960/1591 (60.3%) | loss=6.8642 | lm=3.1924 | strategy_loss=0.6545 | relation_loss=1.7362 | train_emotion_acc=50.00% | train_strategy_f1=50.00% | train_relation_acc=50.00% | elapsed=5507s
[Stage3-KO(select_from_en_heads_only)] | step 970/1591 (61.0%) | loss=6.0123 | lm=2.2115 | strategy_loss=0.7073 | relation_loss=1.2430 | train_emotion_acc=50.00% | train_strategy_f1=50.00% | train_relation_acc=50.00% | elapsed=5563s
[Stage3-KO(select_from_en_heads_only)] | step 980/1591 (61.6%) | loss=5.3842 | lm=2.7427 | strategy_loss=0.6688 | relation_loss=0.3608 | train_emotion_acc=50.00% | train_strategy_f1=33.33% | train_relation_acc=100.00% | elapsed=5620s
[Stage3-KO(select_from_en_heads_only)] | step 990/1591 (62.2%) | loss=5.5607 | lm=2.3128 | strategy_loss=0.7379 | relation_loss=1.1008 | train_emotion_acc=100.00% | train_strategy_f1=40.00% | train_relation_acc=50.00% | elapsed=5676s
[Stage3-KO(select_from_en_heads_only)] | step 1000/1591 (62.9%) | loss=5.5672 | lm=2.4683 | strategy_loss=0.5066 | relation_loss=1.8326 | train_emotion_acc=100.00% | train_strategy_f1=66.67% | train_relation_acc=50.00% | elapsed=5732s
[Stage3-KO(select_from_en_heads_only)] | step 1010/1591 (63.5%) | loss=5.4930 | lm=2.7961 | strategy_loss=0.6457 | relation_loss=0.5586 | train_emotion_acc=50.00% | train_strategy_f1=66.67% | train_relation_acc=100.00% | elapsed=5789s
[Stage3-KO(select_from_en_heads_only)] | step 1020/1591 (64.1%) | loss=5.4029 | lm=2.5791 | strategy_loss=0.7052 | relation_loss=0.6484 | train_emotion_acc=100.00% | train_strategy_f1=40.00% | train_relation_acc=50.00% | elapsed=5846s
[Stage3-KO(select_from_en_heads_only)] | step 1030/1591 (64.7%) | loss=5.4971 | lm=2.8163 | strategy_loss=0.6906 | relation_loss=0.2243 | train_emotion_acc=50.00% | train_strategy_f1=33.33% | train_relation_acc=100.00% | elapsed=5902s
[Stage3-KO(select_from_en_heads_only)] | step 1040/1591 (65.4%) | loss=6.0224 | lm=3.2704 | strategy_loss=0.6742 | relation_loss=0.3840 | train_emotion_acc=50.00% | train_strategy_f1=66.67% | train_relation_acc=100.00% | elapsed=5958s
[Stage3-KO(select_from_en_heads_only)] | step 1050/1591 (66.0%) | loss=5.2308 | lm=2.8386 | strategy_loss=0.6414 | relation_loss=0.3076 | train_emotion_acc=100.00% | train_strategy_f1=40.00% | train_relation_acc=100.00% | elapsed=6015s
[Stage3-KO(select_from_en_heads_only)] | step 1060/1591 (66.6%) | loss=8.0794 | lm=3.5558 | strategy_loss=1.2326 | relation_loss=0.7267 | train_emotion_acc=100.00% | train_strategy_f1=0.00% | train_relation_acc=100.00% | elapsed=6072s
[Stage3-KO(select_from_en_heads_only)] | step 1070/1591 (67.3%) | loss=5.4854 | lm=2.4950 | strategy_loss=0.7234 | relation_loss=0.7126 | train_emotion_acc=100.00% | train_strategy_f1=33.33% | train_relation_acc=100.00% | elapsed=6128s
[Stage3-KO(select_from_en_heads_only)] | step 1080/1591 (67.9%) | loss=7.1267 | lm=2.3271 | strategy_loss=1.3359 | relation_loss=0.4392 | train_emotion_acc=50.00% | train_strategy_f1=50.00% | train_relation_acc=100.00% | elapsed=6184s
[Stage3-KO(select_from_en_heads_only)] | step 1090/1591 (68.5%) | loss=8.0040 | lm=2.9751 | strategy_loss=0.6017 | relation_loss=3.9290 | train_emotion_acc=100.00% | train_strategy_f1=40.00% | train_relation_acc=0.00% | elapsed=6240s
[Stage3-KO(select_from_en_heads_only)] | step 1100/1591 (69.1%) | loss=7.1644 | lm=2.9482 | strategy_loss=1.0790 | relation_loss=0.8676 | train_emotion_acc=100.00% | train_strategy_f1=16.67% | train_relation_acc=50.00% | elapsed=6297s
[Stage3-KO(select_from_en_heads_only)] | step 1110/1591 (69.8%) | loss=5.8088 | lm=2.4249 | strategy_loss=0.7280 | relation_loss=1.0106 | train_emotion_acc=50.00% | train_strategy_f1=50.00% | train_relation_acc=50.00% | elapsed=6353s
[Stage3-KO(select_from_en_heads_only)] | step 1120/1591 (70.4%) | loss=5.6628 | lm=2.6970 | strategy_loss=0.6705 | relation_loss=0.6885 | train_emotion_acc=0.00% | train_strategy_f1=50.00% | train_relation_acc=50.00% | elapsed=6410s
[Stage3-KO(select_from_en_heads_only)] | step 1130/1591 (71.0%) | loss=6.4441 | lm=3.2207 | strategy_loss=0.7628 | relation_loss=0.7961 | train_emotion_acc=50.00% | train_strategy_f1=60.00% | train_relation_acc=100.00% | elapsed=6466s
[Stage3-KO(select_from_en_heads_only)] | step 1140/1591 (71.7%) | loss=4.9590 | lm=2.6350 | strategy_loss=0.6835 | relation_loss=0.1177 | train_emotion_acc=100.00% | train_strategy_f1=60.00% | train_relation_acc=100.00% | elapsed=6522s
[Stage3-KO(select_from_en_heads_only)] | step 1150/1591 (72.3%) | loss=6.1767 | lm=2.8162 | strategy_loss=0.7500 | relation_loss=0.9550 | train_emotion_acc=50.00% | train_strategy_f1=40.00% | train_relation_acc=50.00% | elapsed=6579s
[Stage3-KO(select_from_en_heads_only)] | step 1160/1591 (72.9%) | loss=5.4189 | lm=3.3232 | strategy_loss=0.5834 | relation_loss=0.2946 | train_emotion_acc=100.00% | train_strategy_f1=75.00% | train_relation_acc=100.00% | elapsed=6636s
[Stage3-KO(select_from_en_heads_only)] | step 1170/1591 (73.5%) | loss=5.2111 | lm=2.7448 | strategy_loss=0.6758 | relation_loss=0.2786 | train_emotion_acc=50.00% | train_strategy_f1=50.00% | train_relation_acc=100.00% | elapsed=6692s
[Stage3-KO(select_from_en_heads_only)] | step 1180/1591 (74.2%) | loss=9.1554 | lm=2.6292 | strategy_loss=1.0536 | relation_loss=3.9518 | train_emotion_acc=100.00% | train_strategy_f1=42.86% | train_relation_acc=0.00% | elapsed=6749s
[Stage3-KO(select_from_en_heads_only)] | step 1190/1591 (74.8%) | loss=7.7460 | lm=2.7616 | strategy_loss=0.8121 | relation_loss=2.7647 | train_emotion_acc=50.00% | train_strategy_f1=33.33% | train_relation_acc=50.00% | elapsed=6805s
[Stage3-KO(select_from_en_heads_only)] | step 1200/1591 (75.4%) | loss=5.6678 | lm=2.7237 | strategy_loss=0.6588 | relation_loss=0.6872 | train_emotion_acc=50.00% | train_strategy_f1=33.33% | train_relation_acc=100.00% | elapsed=6862s
[Stage3-KO(select_from_en_heads_only)] EVAL @1200 (valid) | EMOTION=75.50% | RELATION=89.00% | STRATEGY=67.77% | STRATEGY_HAMMING=63.38% | loss=5.6137 | lm_loss=2.6978 | emotion_loss=0.8295 | strategy_loss=0.7330 | relation_loss=0.5126
[Stage3-KO(select_from_en_heads_only)] | step 1210/1591 (76.1%) | loss=5.4297 | lm=2.9424 | strategy_loss=0.7003 | relation_loss=0.2506 | train_emotion_acc=100.00% | train_strategy_f1=50.00% | train_relation_acc=100.00% | elapsed=6951s
[Stage3-KO(select_from_en_heads_only)] | step 1220/1591 (76.7%) | loss=6.1744 | lm=2.6424 | strategy_loss=0.7524 | relation_loss=1.2652 | train_emotion_acc=100.00% | train_strategy_f1=50.00% | train_relation_acc=50.00% | elapsed=7008s
[Stage3-KO(select_from_en_heads_only)] | step 1230/1591 (77.3%) | loss=5.4676 | lm=2.1241 | strategy_loss=0.7908 | relation_loss=0.6086 | train_emotion_acc=50.00% | train_strategy_f1=20.00% | train_relation_acc=50.00% | elapsed=7064s
[Stage3-KO(select_from_en_heads_only)] | step 1240/1591 (77.9%) | loss=5.8520 | lm=2.3083 | strategy_loss=0.7269 | relation_loss=1.4465 | train_emotion_acc=100.00% | train_strategy_f1=66.67% | train_relation_acc=50.00% | elapsed=7121s
[Stage3-KO(select_from_en_heads_only)] | step 1250/1591 (78.6%) | loss=6.4072 | lm=2.9181 | strategy_loss=0.7275 | relation_loss=1.1378 | train_emotion_acc=50.00% | train_strategy_f1=50.00% | train_relation_acc=50.00% | elapsed=7177s
[Stage3-KO(select_from_en_heads_only)] | step 1260/1591 (79.2%) | loss=4.8812 | lm=2.2479 | strategy_loss=0.7220 | relation_loss=0.3937 | train_emotion_acc=100.00% | train_strategy_f1=40.00% | train_relation_acc=100.00% | elapsed=7234s
[Stage3-KO(select_from_en_heads_only)] | step 1270/1591 (79.8%) | loss=5.8695 | lm=3.4345 | strategy_loss=0.6575 | relation_loss=0.2607 | train_emotion_acc=100.00% | train_strategy_f1=80.00% | train_relation_acc=100.00% | elapsed=7289s
[Stage3-KO(select_from_en_heads_only)] | step 1280/1591 (80.5%) | loss=4.8988 | lm=2.2898 | strategy_loss=0.6861 | relation_loss=0.2967 | train_emotion_acc=100.00% | train_strategy_f1=40.00% | train_relation_acc=100.00% | elapsed=7346s
[Stage3-KO(select_from_en_heads_only)] | step 1290/1591 (81.1%) | loss=5.0594 | lm=2.3866 | strategy_loss=0.6902 | relation_loss=0.4591 | train_emotion_acc=100.00% | train_strategy_f1=50.00% | train_relation_acc=100.00% | elapsed=7402s
[Stage3-KO(select_from_en_heads_only)] | step 1300/1591 (81.7%) | loss=6.0486 | lm=3.3194 | strategy_loss=0.5826 | relation_loss=0.9798 | train_emotion_acc=100.00% | train_strategy_f1=66.67% | train_relation_acc=50.00% | elapsed=7458s
[Stage3-KO(select_from_en_heads_only)] | step 1310/1591 (82.3%) | loss=4.8154 | lm=2.9571 | strategy_loss=0.4769 | relation_loss=0.4194 | train_emotion_acc=100.00% | train_strategy_f1=75.00% | train_relation_acc=100.00% | elapsed=7515s
[Stage3-KO(select_from_en_heads_only)] | step 1320/1591 (83.0%) | loss=7.2887 | lm=2.7208 | strategy_loss=1.2748 | relation_loss=0.2160 | train_emotion_acc=0.00% | train_strategy_f1=50.00% | train_relation_acc=100.00% | elapsed=7571s
[Stage3-KO(select_from_en_heads_only)] | step 1330/1591 (83.6%) | loss=5.5568 | lm=2.7352 | strategy_loss=0.6886 | relation_loss=0.4823 | train_emotion_acc=50.00% | train_strategy_f1=50.00% | train_relation_acc=100.00% | elapsed=7627s
[Stage3-KO(select_from_en_heads_only)] | step 1340/1591 (84.2%) | loss=4.4742 | lm=1.9321 | strategy_loss=0.6896 | relation_loss=0.2477 | train_emotion_acc=50.00% | train_strategy_f1=75.00% | train_relation_acc=100.00% | elapsed=7684s
[Stage3-KO(select_from_en_heads_only)] | step 1350/1591 (84.9%) | loss=5.4848 | lm=2.4406 | strategy_loss=0.6698 | relation_loss=1.0163 | train_emotion_acc=100.00% | train_strategy_f1=60.00% | train_relation_acc=50.00% | elapsed=7740s
[Stage3-KO(select_from_en_heads_only)] | step 1360/1591 (85.5%) | loss=4.6004 | lm=2.7294 | strategy_loss=0.5611 | relation_loss=0.1123 | train_emotion_acc=100.00% | train_strategy_f1=50.00% | train_relation_acc=100.00% | elapsed=7796s
[Stage3-KO(select_from_en_heads_only)] | step 1370/1591 (86.1%) | loss=4.9408 | lm=2.8897 | strategy_loss=0.5408 | relation_loss=0.3896 | train_emotion_acc=100.00% | train_strategy_f1=60.00% | train_relation_acc=100.00% | elapsed=7852s
[Stage3-KO(select_from_en_heads_only)] | step 1380/1591 (86.7%) | loss=4.0125 | lm=2.2876 | strategy_loss=0.4838 | relation_loss=0.1646 | train_emotion_acc=100.00% | train_strategy_f1=75.00% | train_relation_acc=100.00% | elapsed=7908s
[Stage3-KO(select_from_en_heads_only)] | step 1390/1591 (87.4%) | loss=6.1147 | lm=3.2116 | strategy_loss=0.6441 | relation_loss=0.9325 | train_emotion_acc=50.00% | train_strategy_f1=40.00% | train_relation_acc=100.00% | elapsed=7964s
[Stage3-KO(select_from_en_heads_only)] | step 1400/1591 (88.0%) | loss=5.4738 | lm=2.7969 | strategy_loss=0.6570 | relation_loss=0.4755 | train_emotion_acc=50.00% | train_strategy_f1=40.00% | train_relation_acc=100.00% | elapsed=8021s
[Stage3-KO(select_from_en_heads_only)] | step 1410/1591 (88.6%) | loss=4.8433 | lm=2.2875 | strategy_loss=0.6373 | relation_loss=0.4913 | train_emotion_acc=100.00% | train_strategy_f1=75.00% | train_relation_acc=100.00% | elapsed=8077s
[Stage3-KO(select_from_en_heads_only)] | step 1420/1591 (89.3%) | loss=6.5493 | lm=2.7067 | strategy_loss=0.8084 | relation_loss=1.4795 | train_emotion_acc=100.00% | train_strategy_f1=50.00% | train_relation_acc=50.00% | elapsed=8133s
[Stage3-KO(select_from_en_heads_only)] | step 1430/1591 (89.9%) | loss=4.5585 | lm=2.4229 | strategy_loss=0.3831 | relation_loss=0.5755 | train_emotion_acc=0.00% | train_strategy_f1=100.00% | train_relation_acc=100.00% | elapsed=8189s
[Stage3-KO(select_from_en_heads_only)] | step 1440/1591 (90.5%) | loss=7.7524 | lm=3.2163 | strategy_loss=1.0348 | relation_loss=1.3850 | train_emotion_acc=100.00% | train_strategy_f1=28.57% | train_relation_acc=50.00% | elapsed=8246s
[Stage3-KO(select_from_en_heads_only)] | step 1450/1591 (91.1%) | loss=5.0095 | lm=2.3471 | strategy_loss=0.7380 | relation_loss=0.0856 | train_emotion_acc=50.00% | train_strategy_f1=40.00% | train_relation_acc=100.00% | elapsed=8302s
[Stage3-KO(select_from_en_heads_only)] | step 1460/1591 (91.8%) | loss=5.5508 | lm=2.6431 | strategy_loss=0.7171 | relation_loss=0.5414 | train_emotion_acc=100.00% | train_strategy_f1=66.67% | train_relation_acc=100.00% | elapsed=8359s
[Stage3-KO(select_from_en_heads_only)] | step 1470/1591 (92.4%) | loss=5.5338 | lm=2.7848 | strategy_loss=0.6954 | relation_loss=0.6404 | train_emotion_acc=100.00% | train_strategy_f1=40.00% | train_relation_acc=100.00% | elapsed=8415s
[Stage3-KO(select_from_en_heads_only)] | step 1480/1591 (93.0%) | loss=5.8633 | lm=3.0360 | strategy_loss=0.7938 | relation_loss=0.1800 | train_emotion_acc=100.00% | train_strategy_f1=33.33% | train_relation_acc=100.00% | elapsed=8471s
[Stage3-KO(select_from_en_heads_only)] | step 1490/1591 (93.7%) | loss=6.4341 | lm=2.2554 | strategy_loss=0.6979 | relation_loss=2.3202 | train_emotion_acc=50.00% | train_strategy_f1=40.00% | train_relation_acc=50.00% | elapsed=8527s
[Stage3-KO(select_from_en_heads_only)] | step 1500/1591 (94.3%) | loss=7.2604 | lm=2.6711 | strategy_loss=0.9524 | relation_loss=1.8993 | train_emotion_acc=100.00% | train_strategy_f1=16.67% | train_relation_acc=0.00% | elapsed=8584s
[Stage3-KO(select_from_en_heads_only)] | step 1510/1591 (94.9%) | loss=5.1855 | lm=2.7487 | strategy_loss=0.5889 | relation_loss=0.2832 | train_emotion_acc=50.00% | train_strategy_f1=60.00% | train_relation_acc=100.00% | elapsed=8640s
[Stage3-KO(select_from_en_heads_only)] | step 1520/1591 (95.5%) | loss=6.1748 | lm=2.7268 | strategy_loss=0.7724 | relation_loss=1.1934 | train_emotion_acc=100.00% | train_strategy_f1=40.00% | train_relation_acc=0.00% | elapsed=8696s
[Stage3-KO(select_from_en_heads_only)] | step 1530/1591 (96.2%) | loss=5.7830 | lm=2.4754 | strategy_loss=0.8356 | relation_loss=0.6494 | train_emotion_acc=50.00% | train_strategy_f1=33.33% | train_relation_acc=50.00% | elapsed=8753s
[Stage3-KO(select_from_en_heads_only)] | step 1540/1591 (96.8%) | loss=5.8183 | lm=2.5877 | strategy_loss=0.7118 | relation_loss=1.1415 | train_emotion_acc=100.00% | train_strategy_f1=25.00% | train_relation_acc=50.00% | elapsed=8809s
[Stage3-KO(select_from_en_heads_only)] | step 1550/1591 (97.4%) | loss=6.8979 | lm=2.6122 | strategy_loss=0.6767 | relation_loss=2.5996 | train_emotion_acc=100.00% | train_strategy_f1=60.00% | train_relation_acc=50.00% | elapsed=8865s
[Stage3-KO(select_from_en_heads_only)] | step 1560/1591 (98.1%) | loss=6.4138 | lm=2.8106 | strategy_loss=0.8106 | relation_loss=1.2396 | train_emotion_acc=100.00% | train_strategy_f1=20.00% | train_relation_acc=50.00% | elapsed=8922s
[Stage3-KO(select_from_en_heads_only)] | step 1570/1591 (98.7%) | loss=5.1270 | lm=2.0796 | strategy_loss=0.6907 | relation_loss=0.6873 | train_emotion_acc=50.00% | train_strategy_f1=33.33% | train_relation_acc=100.00% | elapsed=8977s
[Stage3-KO(select_from_en_heads_only)] | step 1580/1591 (99.3%) | loss=5.1013 | lm=2.7183 | strategy_loss=0.6224 | relation_loss=0.3960 | train_emotion_acc=100.00% | train_strategy_f1=40.00% | train_relation_acc=100.00% | elapsed=9034s
[Stage3-KO(select_from_en_heads_only)] | step 1590/1591 (99.9%) | loss=7.1482 | lm=2.6804 | strategy_loss=0.8606 | relation_loss=1.9121 | train_emotion_acc=50.00% | train_strategy_f1=33.33% | train_relation_acc=0.00% | elapsed=9090s
[Stage3-KO(select_from_en_heads_only)] FINAL | EMOTION=73.50% | RELATION=90.00% | STRATEGY=67.48% | STRATEGY_HAMMING=63.50%
[Stage3-KO(select_from_en_heads_only)] saved_to=/home/jbnu/jaehong/en-ko-empathy-lora/outputs/taffc/qwen/ablation/A8_freeze/s42
[Stage3-KO(select_from_en_heads_only)] init_mode=select_from_en_heads_only
[Stage3-KO(select_from_en_heads_only)] vram_peak_gb=37.028
[Stage3-KO(select_from_en_heads_only)] steps=1591
[Stage3-KO(select_from_en_heads_only)] progress -> /home/jbnu/jaehong/en-ko-empathy-lora/outputs/taffc/qwen/ablation/A8_freeze/s42/progress.json
[TRAIN] outputs/taffc/qwen/ablation/A9_lm_only/s42 seed=42
device=cuda
cuda_device=NVIDIA L40S
train=25456 valid=3182 A=6 S=4 R=7 strategy_scope=utterance
Warning: You are sending unauthenticated requests to the HF Hub. Please set a HF_TOKEN to enable higher rate limits and faster downloads.
EN replay: every 4 KO steps, n=17788
Fetching 4 files:   0%|          | 0/4 [00:00<?, ?it/s]Fetching 4 files: 100%|██████████| 4/4 [00:00<00:00, 21648.02it/s]
[transformers] The fast path is not available because one of the required library is not installed. Falling back to torch implementation. To install follow https://github.com/fla-org/flash-linear-attention#installation and https://github.com/Dao-AILab/causal-conv1d
Loading weights:   0%|          | 0/427 [00:00<?, ?it/s]Loading weights: 100%|██████████| 427/427 [00:00<00:00, 8880.24it/s]
bitsandbytes library load error: Configured CUDA binary not found at /home/jbnu/jupyter-env/lib/python3.12/site-packages/bitsandbytes/libbitsandbytes_cuda130.so
 If you are using Intel CPU/XPU, please install intel_extension_for_pytorch to enable required ops
Traceback (most recent call last):
  File "/home/jbnu/jupyter-env/lib/python3.12/site-packages/bitsandbytes/cextension.py", line 318, in <module>
    lib = get_native_library()
          ^^^^^^^^^^^^^^^^^^^^
  File "/home/jbnu/jupyter-env/lib/python3.12/site-packages/bitsandbytes/cextension.py", line 282, in get_native_library
    raise RuntimeError(f"Configured {BNB_BACKEND} binary not found at {cuda_binary_path}")
RuntimeError: Configured CUDA binary not found at /home/jbnu/jupyter-env/lib/python3.12/site-packages/bitsandbytes/libbitsandbytes_cuda130.so
lora_init_mode=select_bank_en_merged_r16
gates={'affect': 'share', 'strategy': 'relearn', 'relation': 'relearn', 'culture': 'suppress'}
strategy_pos_weight=[1.7157411575317383, 1.7157411575317383, 1.7157411575317383, 1.7157411575317383]
loss_weights emotion=0.000 strategy=0.000 relation=0.000 gate_conditioned=True curriculum=True
two_pass_affect=True
LoRA anchor enabled weight=0.04 n_params=64
lr_lora=7.5e-05 lr_head=0.00015 freeze_lora=False trainable=20,783,121
[Stage3-KO(select_bank_en_merged_r16)] model=Qwen/Qwen3.5-9B train=25456 valid=3182 init=select_bank_en_merged_r16 steps≈1591 S=multilabel gates={'affect': 'share', 'strategy': 'relearn', 'relation': 'relearn', 'culture': 'suppress'}
[Stage3-KO(select_bank_en_merged_r16)] | step 1/1591 (0.1%) | loss=3.4505 | lm=3.4505 | strategy_loss=0.8085 | relation_loss=2.2490 | anchor=0.0000 | train_emotion_acc=0.00% | train_strategy_f1=50.00% | train_relation_acc=0.00% | elapsed=6s
[Stage3-KO(select_bank_en_merged_r16)] | step 10/1591 (0.6%) | loss=2.6519 | lm=2.6519 | strategy_loss=0.9501 | relation_loss=3.3850 | anchor=0.0000 | train_emotion_acc=0.00% | train_strategy_f1=0.00% | train_relation_acc=0.00% | elapsed=59s
[Stage3-KO(select_bank_en_merged_r16)] | step 20/1591 (1.3%) | loss=2.5683 | lm=2.5683 | strategy_loss=0.8691 | relation_loss=2.3432 | anchor=0.0000 | train_emotion_acc=0.00% | train_strategy_f1=40.00% | train_relation_acc=50.00% | elapsed=116s
[Stage3-KO(select_bank_en_merged_r16)] | step 30/1591 (1.9%) | loss=2.4566 | lm=2.4566 | strategy_loss=1.0363 | relation_loss=3.1513 | anchor=0.0000 | train_emotion_acc=0.00% | train_strategy_f1=42.86% | train_relation_acc=0.00% | elapsed=172s
[Stage3-KO(select_bank_en_merged_r16)] | step 40/1591 (2.5%) | loss=2.1227 | lm=2.1227 | strategy_loss=0.9498 | relation_loss=2.2602 | anchor=0.0000 | train_emotion_acc=50.00% | train_strategy_f1=33.33% | train_relation_acc=0.00% | elapsed=228s
[Stage3-KO(select_bank_en_merged_r16)] | step 50/1591 (3.1%) | loss=2.1120 | lm=2.1120 | strategy_loss=0.8887 | relation_loss=3.4348 | anchor=0.0000 | train_emotion_acc=0.00% | train_strategy_f1=0.00% | train_relation_acc=0.00% | elapsed=285s
[Stage3-KO(select_bank_en_merged_r16)] | step 60/1591 (3.8%) | loss=3.3387 | lm=3.3387 | strategy_loss=1.0326 | relation_loss=3.5149 | anchor=0.0000 | train_emotion_acc=0.00% | train_strategy_f1=16.67% | train_relation_acc=0.00% | elapsed=342s
[Stage3-KO(select_bank_en_merged_r16)] | step 70/1591 (4.4%) | loss=2.2935 | lm=2.2935 | strategy_loss=0.9456 | relation_loss=1.1814 | anchor=0.0000 | train_emotion_acc=0.00% | train_strategy_f1=0.00% | train_relation_acc=100.00% | elapsed=399s
[Stage3-KO(select_bank_en_merged_r16)] | step 80/1591 (5.0%) | loss=2.3800 | lm=2.3800 | strategy_loss=1.0579 | relation_loss=2.2648 | anchor=0.0000 | train_emotion_acc=50.00% | train_strategy_f1=14.29% | train_relation_acc=0.00% | elapsed=456s
[Stage3-KO(select_bank_en_merged_r16)] | step 90/1591 (5.7%) | loss=2.3191 | lm=2.3191 | strategy_loss=1.0510 | relation_loss=2.0994 | anchor=0.0000 | train_emotion_acc=50.00% | train_strategy_f1=0.00% | train_relation_acc=50.00% | elapsed=512s
[Stage3-KO(select_bank_en_merged_r16)] | step 100/1591 (6.3%) | loss=2.2721 | lm=2.2721 | strategy_loss=1.0995 | relation_loss=2.2221 | anchor=0.0000 | train_emotion_acc=0.00% | train_strategy_f1=16.67% | train_relation_acc=0.00% | elapsed=569s
[Stage3-KO(select_bank_en_merged_r16)] | step 110/1591 (6.9%) | loss=2.5900 | lm=2.5900 | strategy_loss=0.9059 | relation_loss=1.1061 | anchor=0.0000 | train_emotion_acc=0.00% | train_strategy_f1=50.00% | train_relation_acc=100.00% | elapsed=626s
[Stage3-KO(select_bank_en_merged_r16)] | step 120/1591 (7.5%) | loss=2.6539 | lm=2.6539 | strategy_loss=1.0332 | relation_loss=2.2841 | anchor=0.0000 | train_emotion_acc=0.00% | train_strategy_f1=14.29% | train_relation_acc=50.00% | elapsed=682s
[Stage3-KO(select_bank_en_merged_r16)] | step 130/1591 (8.2%) | loss=2.2377 | lm=2.2377 | strategy_loss=0.8824 | relation_loss=2.2342 | anchor=0.0000 | train_emotion_acc=0.00% | train_strategy_f1=14.29% | train_relation_acc=0.00% | elapsed=739s
[Stage3-KO(select_bank_en_merged_r16)] | step 140/1591 (8.8%) | loss=2.1925 | lm=2.1925 | strategy_loss=0.9133 | relation_loss=2.0037 | anchor=0.0000 | train_emotion_acc=0.00% | train_strategy_f1=28.57% | train_relation_acc=50.00% | elapsed=796s
[Stage3-KO(select_bank_en_merged_r16)] | step 150/1591 (9.4%) | loss=2.8992 | lm=2.8992 | strategy_loss=0.9772 | relation_loss=2.8839 | anchor=0.0000 | train_emotion_acc=50.00% | train_strategy_f1=0.00% | train_relation_acc=0.00% | elapsed=852s
[Stage3-KO(select_bank_en_merged_r16)] | step 160/1591 (10.1%) | loss=2.4012 | lm=2.4012 | strategy_loss=0.7717 | relation_loss=2.2265 | anchor=0.0000 | train_emotion_acc=50.00% | train_strategy_f1=33.33% | train_relation_acc=0.00% | elapsed=910s
[Stage3-KO(select_bank_en_merged_r16)] | step 170/1591 (10.7%) | loss=2.6326 | lm=2.6326 | strategy_loss=0.9262 | relation_loss=2.1635 | anchor=0.0000 | train_emotion_acc=0.00% | train_strategy_f1=16.67% | train_relation_acc=50.00% | elapsed=967s
[Stage3-KO(select_bank_en_merged_r16)] | step 180/1591 (11.3%) | loss=2.5079 | lm=2.5079 | strategy_loss=0.8539 | relation_loss=2.3427 | anchor=0.0000 | train_emotion_acc=0.00% | train_strategy_f1=20.00% | train_relation_acc=50.00% | elapsed=1023s
[Stage3-KO(select_bank_en_merged_r16)] | step 190/1591 (11.9%) | loss=2.6035 | lm=2.6035 | strategy_loss=0.9389 | relation_loss=1.2917 | anchor=0.0000 | train_emotion_acc=0.00% | train_strategy_f1=20.00% | train_relation_acc=0.00% | elapsed=1079s
[Stage3-KO(select_bank_en_merged_r16)] | step 200/1591 (12.6%) | loss=2.2825 | lm=2.2825 | strategy_loss=0.9390 | relation_loss=2.1453 | anchor=0.0000 | train_emotion_acc=0.00% | train_strategy_f1=33.33% | train_relation_acc=0.00% | elapsed=1137s
[Stage3-KO(select_bank_en_merged_r16)] | step 210/1591 (13.2%) | loss=1.9747 | lm=1.9747 | strategy_loss=0.9856 | relation_loss=2.8767 | anchor=0.0000 | train_emotion_acc=0.00% | train_strategy_f1=33.33% | train_relation_acc=0.00% | elapsed=1194s
[Stage3-KO(select_bank_en_merged_r16)] | step 220/1591 (13.8%) | loss=2.3893 | lm=2.3893 | strategy_loss=0.9685 | relation_loss=3.4826 | anchor=0.0000 | train_emotion_acc=0.00% | train_strategy_f1=14.29% | train_relation_acc=0.00% | elapsed=1251s
[Stage3-KO(select_bank_en_merged_r16)] | step 230/1591 (14.5%) | loss=2.8348 | lm=2.8348 | strategy_loss=0.9922 | relation_loss=1.7214 | anchor=0.0000 | train_emotion_acc=0.00% | train_strategy_f1=33.33% | train_relation_acc=0.00% | elapsed=1308s
[Stage3-KO(select_bank_en_merged_r16)] | step 240/1591 (15.1%) | loss=2.1986 | lm=2.1986 | strategy_loss=1.0595 | relation_loss=2.4115 | anchor=0.0000 | train_emotion_acc=50.00% | train_strategy_f1=33.33% | train_relation_acc=0.00% | elapsed=1365s
[Stage3-KO(select_bank_en_merged_r16)] | step 250/1591 (15.7%) | loss=2.6482 | lm=2.6482 | strategy_loss=1.0668 | relation_loss=2.3318 | anchor=0.0000 | train_emotion_acc=0.00% | train_strategy_f1=28.57% | train_relation_acc=0.00% | elapsed=1422s
[Stage3-KO(select_bank_en_merged_r16)] | step 260/1591 (16.3%) | loss=2.3241 | lm=2.3241 | strategy_loss=1.0233 | relation_loss=1.4457 | anchor=0.0000 | train_emotion_acc=0.00% | train_strategy_f1=12.50% | train_relation_acc=0.00% | elapsed=1479s
[Stage3-KO(select_bank_en_merged_r16)] | step 270/1591 (17.0%) | loss=2.6471 | lm=2.6471 | strategy_loss=0.9719 | relation_loss=2.4317 | anchor=0.0000 | train_emotion_acc=0.00% | train_strategy_f1=16.67% | train_relation_acc=0.00% | elapsed=1536s
[Stage3-KO(select_bank_en_merged_r16)] | step 280/1591 (17.6%) | loss=2.5642 | lm=2.5642 | strategy_loss=1.0072 | relation_loss=2.3977 | anchor=0.0000 | train_emotion_acc=0.00% | train_strategy_f1=0.00% | train_relation_acc=0.00% | elapsed=1593s
[Stage3-KO(select_bank_en_merged_r16)] | step 290/1591 (18.2%) | loss=2.6890 | lm=2.6890 | strategy_loss=0.9635 | relation_loss=3.3818 | anchor=0.0000 | train_emotion_acc=0.00% | train_strategy_f1=0.00% | train_relation_acc=0.00% | elapsed=1650s
[Stage3-KO(select_bank_en_merged_r16)] | step 300/1591 (18.9%) | loss=2.5785 | lm=2.5785 | strategy_loss=1.0682 | relation_loss=2.3593 | anchor=0.0000 | train_emotion_acc=0.00% | train_strategy_f1=28.57% | train_relation_acc=0.00% | elapsed=1708s
[Stage3-KO(select_bank_en_merged_r16)] | step 310/1591 (19.5%) | loss=2.5362 | lm=2.5362 | strategy_loss=1.0345 | relation_loss=2.5466 | anchor=0.0000 | train_emotion_acc=0.00% | train_strategy_f1=12.50% | train_relation_acc=0.00% | elapsed=1765s
[Stage3-KO(select_bank_en_merged_r16)] | step 320/1591 (20.1%) | loss=2.1496 | lm=2.1496 | strategy_loss=1.0558 | relation_loss=2.3996 | anchor=0.0000 | train_emotion_acc=0.00% | train_strategy_f1=28.57% | train_relation_acc=0.00% | elapsed=1823s
[Stage3-KO(select_bank_en_merged_r16)] | step 330/1591 (20.7%) | loss=2.9006 | lm=2.9006 | strategy_loss=0.9007 | relation_loss=2.6130 | anchor=0.0000 | train_emotion_acc=0.00% | train_strategy_f1=20.00% | train_relation_acc=0.00% | elapsed=1880s
[Stage3-KO(select_bank_en_merged_r16)] | step 340/1591 (21.4%) | loss=1.9931 | lm=1.9931 | strategy_loss=1.0728 | relation_loss=2.1944 | anchor=0.0000 | train_emotion_acc=50.00% | train_strategy_f1=42.86% | train_relation_acc=50.00% | elapsed=1937s
[Stage3-KO(select_bank_en_merged_r16)] | step 350/1591 (22.0%) | loss=2.0029 | lm=2.0029 | strategy_loss=0.9024 | relation_loss=1.2269 | anchor=0.0000 | train_emotion_acc=0.00% | train_strategy_f1=16.67% | train_relation_acc=100.00% | elapsed=1994s
[Stage3-KO(select_bank_en_merged_r16)] | step 360/1591 (22.6%) | loss=2.3856 | lm=2.3856 | strategy_loss=0.9737 | relation_loss=1.4023 | anchor=0.0000 | train_emotion_acc=0.00% | train_strategy_f1=28.57% | train_relation_acc=0.00% | elapsed=2051s
[Stage3-KO(select_bank_en_merged_r16)] | step 370/1591 (23.3%) | loss=1.9013 | lm=1.9013 | strategy_loss=0.8961 | relation_loss=3.2420 | anchor=0.0000 | train_emotion_acc=0.00% | train_strategy_f1=40.00% | train_relation_acc=0.00% | elapsed=2108s
[Stage3-KO(select_bank_en_merged_r16)] | step 380/1591 (23.9%) | loss=2.2110 | lm=2.2110 | strategy_loss=1.1019 | relation_loss=1.9368 | anchor=0.0000 | train_emotion_acc=0.00% | train_strategy_f1=12.50% | train_relation_acc=0.00% | elapsed=2165s
[Stage3-KO(select_bank_en_merged_r16)] | step 390/1591 (24.5%) | loss=2.5310 | lm=2.5310 | strategy_loss=0.9767 | relation_loss=2.3883 | anchor=0.0000 | train_emotion_acc=0.00% | train_strategy_f1=28.57% | train_relation_acc=0.00% | elapsed=2222s
[Stage3-KO(select_bank_en_merged_r16)] | step 400/1591 (25.1%) | loss=2.0918 | lm=2.0918 | strategy_loss=0.9582 | relation_loss=3.6261 | anchor=0.0000 | train_emotion_acc=0.00% | train_strategy_f1=16.67% | train_relation_acc=0.00% | elapsed=2279s
[Stage3-KO(select_bank_en_merged_r16)] EVAL @400 (valid) | EMOTION=42.00% | RELATION=9.00% | STRATEGY=36.19% | STRATEGY_HAMMING=33.00% | loss=2.3320 | lm_loss=2.3320 | emotion_loss=1.7159 | strategy_loss=1.0082 | relation_loss=2.2071
[Stage3-KO(select_bank_en_merged_r16)] | step 410/1591 (25.8%) | loss=2.7607 | lm=2.7607 | strategy_loss=0.9728 | relation_loss=2.5823 | anchor=0.0000 | train_emotion_acc=0.00% | train_strategy_f1=33.33% | train_relation_acc=0.00% | elapsed=2371s
[Stage3-KO(select_bank_en_merged_r16)] | step 420/1591 (26.4%) | loss=2.5407 | lm=2.5407 | strategy_loss=0.8566 | relation_loss=2.1638 | anchor=0.0000 | train_emotion_acc=0.00% | train_strategy_f1=20.00% | train_relation_acc=50.00% | elapsed=2428s
[Stage3-KO(select_bank_en_merged_r16)] | step 430/1591 (27.0%) | loss=2.7036 | lm=2.7036 | strategy_loss=0.8250 | relation_loss=3.3068 | anchor=0.0000 | train_emotion_acc=0.00% | train_strategy_f1=33.33% | train_relation_acc=0.00% | elapsed=2486s
[Stage3-KO(select_bank_en_merged_r16)] | step 440/1591 (27.7%) | loss=1.9167 | lm=1.9167 | strategy_loss=0.8448 | relation_loss=1.3720 | anchor=0.0000 | train_emotion_acc=0.00% | train_strategy_f1=50.00% | train_relation_acc=50.00% | elapsed=2543s
[Stage3-KO(select_bank_en_merged_r16)] | step 450/1591 (28.3%) | loss=3.0612 | lm=3.0612 | strategy_loss=0.8629 | relation_loss=1.1897 | anchor=0.0000 | train_emotion_acc=0.00% | train_strategy_f1=25.00% | train_relation_acc=50.00% | elapsed=2599s
[Stage3-KO(select_bank_en_merged_r16)] | step 460/1591 (28.9%) | loss=2.2345 | lm=2.2345 | strategy_loss=0.9607 | relation_loss=3.2117 | anchor=0.0000 | train_emotion_acc=0.00% | train_strategy_f1=0.00% | train_relation_acc=0.00% | elapsed=2656s
[Stage3-KO(select_bank_en_merged_r16)] | step 470/1591 (29.5%) | loss=1.8987 | lm=1.8987 | strategy_loss=0.9250 | relation_loss=1.9752 | anchor=0.0000 | train_emotion_acc=0.00% | train_strategy_f1=16.67% | train_relation_acc=50.00% | elapsed=2712s
[Stage3-KO(select_bank_en_merged_r16)] | step 480/1591 (30.2%) | loss=1.8018 | lm=1.8018 | strategy_loss=0.9979 | relation_loss=2.3729 | anchor=0.0000 | train_emotion_acc=0.00% | train_strategy_f1=14.29% | train_relation_acc=0.00% | elapsed=2769s
[Stage3-KO(select_bank_en_merged_r16)] | step 490/1591 (30.8%) | loss=2.2139 | lm=2.2139 | strategy_loss=0.8698 | relation_loss=1.5362 | anchor=0.0000 | train_emotion_acc=0.00% | train_strategy_f1=60.00% | train_relation_acc=0.00% | elapsed=2826s
[Stage3-KO(select_bank_en_merged_r16)] | step 500/1591 (31.4%) | loss=2.1601 | lm=2.1601 | strategy_loss=0.9757 | relation_loss=2.9414 | anchor=0.0000 | train_emotion_acc=0.00% | train_strategy_f1=0.00% | train_relation_acc=0.00% | elapsed=2882s
[Stage3-KO(select_bank_en_merged_r16)] | step 510/1591 (32.1%) | loss=2.0592 | lm=2.0592 | strategy_loss=0.8208 | relation_loss=2.1975 | anchor=0.0000 | train_emotion_acc=50.00% | train_strategy_f1=50.00% | train_relation_acc=0.00% | elapsed=2938s
[Stage3-KO(select_bank_en_merged_r16)] | step 520/1591 (32.7%) | loss=2.3232 | lm=2.3232 | strategy_loss=1.0255 | relation_loss=2.2769 | anchor=0.0000 | train_emotion_acc=0.00% | train_strategy_f1=33.33% | train_relation_acc=0.00% | elapsed=2996s
[Stage3-KO(select_bank_en_merged_r16)] | step 530/1591 (33.3%) | loss=2.0381 | lm=2.0381 | strategy_loss=0.9065 | relation_loss=1.5895 | anchor=0.0000 | train_emotion_acc=0.00% | train_strategy_f1=50.00% | train_relation_acc=0.00% | elapsed=3052s
[Stage3-KO(select_bank_en_merged_r16)] | step 540/1591 (33.9%) | loss=1.6627 | lm=1.6627 | strategy_loss=1.0447 | relation_loss=3.1875 | anchor=0.0000 | train_emotion_acc=0.00% | train_strategy_f1=0.00% | train_relation_acc=0.00% | elapsed=3110s
[Stage3-KO(select_bank_en_merged_r16)] | step 550/1591 (34.6%) | loss=1.5147 | lm=1.5147 | strategy_loss=0.9400 | relation_loss=2.0509 | anchor=0.0000 | train_emotion_acc=0.00% | train_strategy_f1=33.33% | train_relation_acc=0.00% | elapsed=3166s
[Stage3-KO(select_bank_en_merged_r16)] | step 560/1591 (35.2%) | loss=2.2793 | lm=2.2793 | strategy_loss=1.0433 | relation_loss=1.2072 | anchor=0.0000 | train_emotion_acc=0.00% | train_strategy_f1=28.57% | train_relation_acc=50.00% | elapsed=3223s
[Stage3-KO(select_bank_en_merged_r16)] | step 570/1591 (35.8%) | loss=2.3482 | lm=2.3482 | strategy_loss=1.0013 | relation_loss=2.1435 | anchor=0.0000 | train_emotion_acc=50.00% | train_strategy_f1=33.33% | train_relation_acc=0.00% | elapsed=3279s
[Stage3-KO(select_bank_en_merged_r16)] | step 580/1591 (36.5%) | loss=2.9372 | lm=2.9372 | strategy_loss=0.9294 | relation_loss=3.2693 | anchor=0.0000 | train_emotion_acc=50.00% | train_strategy_f1=28.57% | train_relation_acc=0.00% | elapsed=3336s
[Stage3-KO(select_bank_en_merged_r16)] | step 590/1591 (37.1%) | loss=3.2727 | lm=3.2727 | strategy_loss=0.8044 | relation_loss=2.4471 | anchor=0.0000 | train_emotion_acc=50.00% | train_strategy_f1=60.00% | train_relation_acc=0.00% | elapsed=3392s
[Stage3-KO(select_bank_en_merged_r16)] | step 600/1591 (37.7%) | loss=2.1178 | lm=2.1178 | strategy_loss=0.9980 | relation_loss=2.0434 | anchor=0.0000 | train_emotion_acc=0.00% | train_strategy_f1=33.33% | train_relation_acc=0.00% | elapsed=3448s
[Stage3-KO(select_bank_en_merged_r16)] | step 610/1591 (38.3%) | loss=2.2087 | lm=2.2087 | strategy_loss=0.9458 | relation_loss=2.2556 | anchor=0.0000 | train_emotion_acc=0.00% | train_strategy_f1=50.00% | train_relation_acc=50.00% | elapsed=3504s
[Stage3-KO(select_bank_en_merged_r16)] | step 620/1591 (39.0%) | loss=2.3025 | lm=2.3025 | strategy_loss=1.0014 | relation_loss=3.1471 | anchor=0.0000 | train_emotion_acc=0.00% | train_strategy_f1=0.00% | train_relation_acc=0.00% | elapsed=3561s
[Stage3-KO(select_bank_en_merged_r16)] | step 630/1591 (39.6%) | loss=2.5391 | lm=2.5391 | strategy_loss=0.8382 | relation_loss=1.2088 | anchor=0.0000 | train_emotion_acc=50.00% | train_strategy_f1=60.00% | train_relation_acc=50.00% | elapsed=3618s
[Stage3-KO(select_bank_en_merged_r16)] | step 640/1591 (40.2%) | loss=3.1229 | lm=3.1229 | strategy_loss=1.0522 | relation_loss=2.4871 | anchor=0.0000 | train_emotion_acc=0.00% | train_strategy_f1=42.86% | train_relation_acc=0.00% | elapsed=3674s
[Stage3-KO(select_bank_en_merged_r16)] | step 650/1591 (40.9%) | loss=2.3309 | lm=2.3309 | strategy_loss=0.9461 | relation_loss=2.1810 | anchor=0.0000 | train_emotion_acc=0.00% | train_strategy_f1=28.57% | train_relation_acc=0.00% | elapsed=3730s
[Stage3-KO(select_bank_en_merged_r16)] | step 660/1591 (41.5%) | loss=2.4181 | lm=2.4181 | strategy_loss=1.0791 | relation_loss=3.5677 | anchor=0.0000 | train_emotion_acc=0.00% | train_strategy_f1=28.57% | train_relation_acc=0.00% | elapsed=3786s
[Stage3-KO(select_bank_en_merged_r16)] | step 670/1591 (42.1%) | loss=2.2046 | lm=2.2046 | strategy_loss=0.9798 | relation_loss=1.3951 | anchor=0.0000 | train_emotion_acc=50.00% | train_strategy_f1=28.57% | train_relation_acc=0.00% | elapsed=3843s
[Stage3-KO(select_bank_en_merged_r16)] | step 680/1591 (42.7%) | loss=2.2337 | lm=2.2337 | strategy_loss=1.0223 | relation_loss=2.6608 | anchor=0.0000 | train_emotion_acc=0.00% | train_strategy_f1=14.29% | train_relation_acc=0.00% | elapsed=3899s
[Stage3-KO(select_bank_en_merged_r16)] | step 690/1591 (43.4%) | loss=2.6728 | lm=2.6728 | strategy_loss=0.9533 | relation_loss=2.1436 | anchor=0.0000 | train_emotion_acc=0.00% | train_strategy_f1=28.57% | train_relation_acc=0.00% | elapsed=3955s
[Stage3-KO(select_bank_en_merged_r16)] | step 700/1591 (44.0%) | loss=2.5283 | lm=2.5283 | strategy_loss=1.0206 | relation_loss=3.0701 | anchor=0.0000 | train_emotion_acc=0.00% | train_strategy_f1=12.50% | train_relation_acc=0.00% | elapsed=4013s
[Stage3-KO(select_bank_en_merged_r16)] | step 710/1591 (44.6%) | loss=1.9442 | lm=1.9442 | strategy_loss=0.8707 | relation_loss=2.0218 | anchor=0.0000 | train_emotion_acc=0.00% | train_strategy_f1=40.00% | train_relation_acc=50.00% | elapsed=4069s
[Stage3-KO(select_bank_en_merged_r16)] | step 720/1591 (45.3%) | loss=2.8688 | lm=2.8688 | strategy_loss=0.9605 | relation_loss=2.8446 | anchor=0.0000 | train_emotion_acc=0.00% | train_strategy_f1=16.67% | train_relation_acc=0.00% | elapsed=4126s
[Stage3-KO(select_bank_en_merged_r16)] | step 730/1591 (45.9%) | loss=2.4066 | lm=2.4066 | strategy_loss=0.9786 | relation_loss=2.4687 | anchor=0.0000 | train_emotion_acc=0.00% | train_strategy_f1=14.29% | train_relation_acc=0.00% | elapsed=4182s
[Stage3-KO(select_bank_en_merged_r16)] | step 740/1591 (46.5%) | loss=2.3715 | lm=2.3715 | strategy_loss=0.8386 | relation_loss=3.5577 | anchor=0.0000 | train_emotion_acc=0.00% | train_strategy_f1=40.00% | train_relation_acc=0.00% | elapsed=4239s
[Stage3-KO(select_bank_en_merged_r16)] | step 750/1591 (47.1%) | loss=2.4983 | lm=2.4983 | strategy_loss=1.0683 | relation_loss=2.6242 | anchor=0.0000 | train_emotion_acc=0.00% | train_strategy_f1=33.33% | train_relation_acc=0.00% | elapsed=4295s
[Stage3-KO(select_bank_en_merged_r16)] | step 760/1591 (47.8%) | loss=1.9152 | lm=1.9152 | strategy_loss=1.0562 | relation_loss=3.2255 | anchor=0.0000 | train_emotion_acc=50.00% | train_strategy_f1=33.33% | train_relation_acc=0.00% | elapsed=4352s
[Stage3-KO(select_bank_en_merged_r16)] | step 770/1591 (48.4%) | loss=2.3639 | lm=2.3639 | strategy_loss=0.8601 | relation_loss=1.8486 | anchor=0.0000 | train_emotion_acc=0.00% | train_strategy_f1=50.00% | train_relation_acc=50.00% | elapsed=4408s
[Stage3-KO(select_bank_en_merged_r16)] | step 780/1591 (49.0%) | loss=2.6507 | lm=2.6507 | strategy_loss=0.9029 | relation_loss=2.8006 | anchor=0.0000 | train_emotion_acc=0.00% | train_strategy_f1=33.33% | train_relation_acc=0.00% | elapsed=4465s
[Stage3-KO(select_bank_en_merged_r16)] | step 790/1591 (49.7%) | loss=2.5651 | lm=2.5651 | strategy_loss=1.0439 | relation_loss=1.2281 | anchor=0.0000 | train_emotion_acc=50.00% | train_strategy_f1=0.00% | train_relation_acc=100.00% | elapsed=4521s
[Stage3-KO(select_bank_en_merged_r16)] | step 800/1591 (50.3%) | loss=2.2742 | lm=2.2742 | strategy_loss=0.9323 | relation_loss=2.2337 | anchor=0.0000 | train_emotion_acc=0.00% | train_strategy_f1=50.00% | train_relation_acc=0.00% | elapsed=4578s
[Stage3-KO(select_bank_en_merged_r16)] EVAL @800 (valid) | EMOTION=42.00% | RELATION=16.50% | STRATEGY=37.34% | STRATEGY_HAMMING=32.88% | loss=2.2761 | lm_loss=2.2761 | emotion_loss=1.7158 | strategy_loss=0.9972 | relation_loss=2.1711
[Stage3-KO(select_bank_en_merged_r16)] | step 810/1591 (50.9%) | loss=2.0258 | lm=2.0258 | strategy_loss=0.8612 | relation_loss=2.3610 | anchor=0.0000 | train_emotion_acc=0.00% | train_strategy_f1=20.00% | train_relation_acc=0.00% | elapsed=4669s
[Stage3-KO(select_bank_en_merged_r16)] | step 820/1591 (51.5%) | loss=2.7411 | lm=2.7411 | strategy_loss=0.9508 | relation_loss=2.2702 | anchor=0.0000 | train_emotion_acc=0.00% | train_strategy_f1=16.67% | train_relation_acc=0.00% | elapsed=4725s
[Stage3-KO(select_bank_en_merged_r16)] | step 830/1591 (52.2%) | loss=2.2369 | lm=2.2369 | strategy_loss=0.9539 | relation_loss=2.5529 | anchor=0.0000 | train_emotion_acc=0.00% | train_strategy_f1=33.33% | train_relation_acc=0.00% | elapsed=4782s
[Stage3-KO(select_bank_en_merged_r16)] | step 840/1591 (52.8%) | loss=2.5273 | lm=2.5273 | strategy_loss=0.9897 | relation_loss=1.3361 | anchor=0.0000 | train_emotion_acc=50.00% | train_strategy_f1=16.67% | train_relation_acc=0.00% | elapsed=4838s
[Stage3-KO(select_bank_en_merged_r16)] | step 850/1591 (53.4%) | loss=2.5045 | lm=2.5045 | strategy_loss=0.9048 | relation_loss=1.4601 | anchor=0.0000 | train_emotion_acc=0.00% | train_strategy_f1=14.29% | train_relation_acc=0.00% | elapsed=4895s
[Stage3-KO(select_bank_en_merged_r16)] | step 860/1591 (54.1%) | loss=1.5450 | lm=1.5450 | strategy_loss=0.9593 | relation_loss=3.3132 | anchor=0.0000 | train_emotion_acc=50.00% | train_strategy_f1=14.29% | train_relation_acc=0.00% | elapsed=4952s
[Stage3-KO(select_bank_en_merged_r16)] | step 870/1591 (54.7%) | loss=2.3580 | lm=2.3580 | strategy_loss=1.0406 | relation_loss=1.6077 | anchor=0.0000 | train_emotion_acc=50.00% | train_strategy_f1=0.00% | train_relation_acc=0.00% | elapsed=5009s
[Stage3-KO(select_bank_en_merged_r16)] | step 880/1591 (55.3%) | loss=2.4256 | lm=2.4256 | strategy_loss=0.9740 | relation_loss=2.5892 | anchor=0.0000 | train_emotion_acc=0.00% | train_strategy_f1=14.29% | train_relation_acc=0.00% | elapsed=5066s
[Stage3-KO(select_bank_en_merged_r16)] | step 890/1591 (55.9%) | loss=2.4491 | lm=2.4491 | strategy_loss=0.9638 | relation_loss=3.7642 | anchor=0.0000 | train_emotion_acc=0.00% | train_strategy_f1=14.29% | train_relation_acc=0.00% | elapsed=5122s
[Stage3-KO(select_bank_en_merged_r16)] | step 900/1591 (56.6%) | loss=2.1299 | lm=2.1299 | strategy_loss=0.9694 | relation_loss=2.6609 | anchor=0.0000 | train_emotion_acc=50.00% | train_strategy_f1=33.33% | train_relation_acc=0.00% | elapsed=5180s
[Stage3-KO(select_bank_en_merged_r16)] | step 910/1591 (57.2%) | loss=2.1587 | lm=2.1587 | strategy_loss=0.9696 | relation_loss=2.3497 | anchor=0.0000 | train_emotion_acc=0.00% | train_strategy_f1=14.29% | train_relation_acc=0.00% | elapsed=5236s
[Stage3-KO(select_bank_en_merged_r16)] | step 920/1591 (57.8%) | loss=1.6610 | lm=1.6610 | strategy_loss=0.9247 | relation_loss=1.3884 | anchor=0.0000 | train_emotion_acc=50.00% | train_strategy_f1=33.33% | train_relation_acc=50.00% | elapsed=5293s
[Stage3-KO(select_bank_en_merged_r16)] | step 930/1591 (58.5%) | loss=2.3599 | lm=2.3599 | strategy_loss=0.9555 | relation_loss=1.9952 | anchor=0.0000 | train_emotion_acc=50.00% | train_strategy_f1=28.57% | train_relation_acc=50.00% | elapsed=5350s
[Stage3-KO(select_bank_en_merged_r16)] | step 940/1591 (59.1%) | loss=2.0472 | lm=2.0472 | strategy_loss=1.0531 | relation_loss=3.1285 | anchor=0.0000 | train_emotion_acc=0.00% | train_strategy_f1=14.29% | train_relation_acc=0.00% | elapsed=5406s
[Stage3-KO(select_bank_en_merged_r16)] | step 950/1591 (59.7%) | loss=2.1423 | lm=2.1423 | strategy_loss=0.9679 | relation_loss=3.3902 | anchor=0.0000 | train_emotion_acc=50.00% | train_strategy_f1=0.00% | train_relation_acc=0.00% | elapsed=5462s
[Stage3-KO(select_bank_en_merged_r16)] | step 960/1591 (60.3%) | loss=2.6286 | lm=2.6286 | strategy_loss=0.9850 | relation_loss=3.4168 | anchor=0.0000 | train_emotion_acc=0.00% | train_strategy_f1=28.57% | train_relation_acc=0.00% | elapsed=5519s
[Stage3-KO(select_bank_en_merged_r16)] | step 970/1591 (61.0%) | loss=2.6090 | lm=2.6090 | strategy_loss=0.9320 | relation_loss=2.2073 | anchor=0.0000 | train_emotion_acc=50.00% | train_strategy_f1=16.67% | train_relation_acc=0.00% | elapsed=5575s
[Stage3-KO(select_bank_en_merged_r16)] | step 980/1591 (61.6%) | loss=2.4236 | lm=2.4236 | strategy_loss=0.8541 | relation_loss=3.4302 | anchor=0.0000 | train_emotion_acc=0.00% | train_strategy_f1=33.33% | train_relation_acc=0.00% | elapsed=5632s
[Stage3-KO(select_bank_en_merged_r16)] | step 990/1591 (62.2%) | loss=2.3901 | lm=2.3901 | strategy_loss=1.0342 | relation_loss=3.2094 | anchor=0.0000 | train_emotion_acc=50.00% | train_strategy_f1=33.33% | train_relation_acc=0.00% | elapsed=5688s
[Stage3-KO(select_bank_en_merged_r16)] | step 1000/1591 (62.9%) | loss=2.8930 | lm=2.8930 | strategy_loss=0.9064 | relation_loss=3.2367 | anchor=0.0000 | train_emotion_acc=50.00% | train_strategy_f1=20.00% | train_relation_acc=0.00% | elapsed=5745s
[Stage3-KO(select_bank_en_merged_r16)] | step 1010/1591 (63.5%) | loss=2.4849 | lm=2.4849 | strategy_loss=1.0268 | relation_loss=2.2417 | anchor=0.0000 | train_emotion_acc=0.00% | train_strategy_f1=16.67% | train_relation_acc=0.00% | elapsed=5801s
[Stage3-KO(select_bank_en_merged_r16)] | step 1020/1591 (64.1%) | loss=2.2757 | lm=2.2757 | strategy_loss=0.9759 | relation_loss=2.9503 | anchor=0.0000 | train_emotion_acc=0.00% | train_strategy_f1=0.00% | train_relation_acc=0.00% | elapsed=5858s
[Stage3-KO(select_bank_en_merged_r16)] | step 1030/1591 (64.7%) | loss=1.9219 | lm=1.9219 | strategy_loss=1.0291 | relation_loss=2.0635 | anchor=0.0000 | train_emotion_acc=50.00% | train_strategy_f1=16.67% | train_relation_acc=50.00% | elapsed=5915s
[Stage3-KO(select_bank_en_merged_r16)] | step 1040/1591 (65.4%) | loss=2.2425 | lm=2.2425 | strategy_loss=1.0358 | relation_loss=2.3758 | anchor=0.0000 | train_emotion_acc=50.00% | train_strategy_f1=50.00% | train_relation_acc=0.00% | elapsed=5973s
[Stage3-KO(select_bank_en_merged_r16)] | step 1050/1591 (66.0%) | loss=3.3674 | lm=3.3674 | strategy_loss=1.0295 | relation_loss=2.6586 | anchor=0.0000 | train_emotion_acc=100.00% | train_strategy_f1=16.67% | train_relation_acc=0.00% | elapsed=6030s
[Stage3-KO(select_bank_en_merged_r16)] | step 1060/1591 (66.6%) | loss=2.4939 | lm=2.4939 | strategy_loss=0.9960 | relation_loss=2.1189 | anchor=0.0000 | train_emotion_acc=0.00% | train_strategy_f1=42.86% | train_relation_acc=0.00% | elapsed=6087s
[Stage3-KO(select_bank_en_merged_r16)] | step 1070/1591 (67.3%) | loss=1.8275 | lm=1.8275 | strategy_loss=1.1699 | relation_loss=2.3720 | anchor=0.0000 | train_emotion_acc=50.00% | train_strategy_f1=25.00% | train_relation_acc=50.00% | elapsed=6143s
[Stage3-KO(select_bank_en_merged_r16)] | step 1080/1591 (67.9%) | loss=1.8391 | lm=1.8391 | strategy_loss=1.0945 | relation_loss=2.4919 | anchor=0.0000 | train_emotion_acc=50.00% | train_strategy_f1=14.29% | train_relation_acc=0.00% | elapsed=6201s
[Stage3-KO(select_bank_en_merged_r16)] | step 1090/1591 (68.5%) | loss=2.2082 | lm=2.2082 | strategy_loss=1.0870 | relation_loss=2.1835 | anchor=0.0000 | train_emotion_acc=0.00% | train_strategy_f1=28.57% | train_relation_acc=0.00% | elapsed=6258s
[Stage3-KO(select_bank_en_merged_r16)] | step 1100/1591 (69.1%) | loss=2.2718 | lm=2.2718 | strategy_loss=0.8857 | relation_loss=2.8736 | anchor=0.0000 | train_emotion_acc=50.00% | train_strategy_f1=66.67% | train_relation_acc=0.00% | elapsed=6315s
[Stage3-KO(select_bank_en_merged_r16)] | step 1110/1591 (69.8%) | loss=1.8614 | lm=1.8614 | strategy_loss=1.1142 | relation_loss=3.0809 | anchor=0.0000 | train_emotion_acc=50.00% | train_strategy_f1=28.57% | train_relation_acc=0.00% | elapsed=6373s
[Stage3-KO(select_bank_en_merged_r16)] | step 1120/1591 (70.4%) | loss=2.4009 | lm=2.4009 | strategy_loss=0.8652 | relation_loss=3.1913 | anchor=0.0000 | train_emotion_acc=0.00% | train_strategy_f1=20.00% | train_relation_acc=0.00% | elapsed=6430s
[Stage3-KO(select_bank_en_merged_r16)] | step 1130/1591 (71.0%) | loss=1.9870 | lm=1.9870 | strategy_loss=1.0267 | relation_loss=2.5581 | anchor=0.0000 | train_emotion_acc=0.00% | train_strategy_f1=14.29% | train_relation_acc=0.00% | elapsed=6487s
[Stage3-KO(select_bank_en_merged_r16)] | step 1140/1591 (71.7%) | loss=1.7420 | lm=1.7420 | strategy_loss=0.9306 | relation_loss=2.5536 | anchor=0.0000 | train_emotion_acc=0.00% | train_strategy_f1=50.00% | train_relation_acc=0.00% | elapsed=6545s
[Stage3-KO(select_bank_en_merged_r16)] | step 1150/1591 (72.3%) | loss=2.5592 | lm=2.5592 | strategy_loss=0.9634 | relation_loss=3.3954 | anchor=0.0000 | train_emotion_acc=0.00% | train_strategy_f1=0.00% | train_relation_acc=0.00% | elapsed=6601s
[Stage3-KO(select_bank_en_merged_r16)] | step 1160/1591 (72.9%) | loss=2.5557 | lm=2.5557 | strategy_loss=0.9944 | relation_loss=3.3219 | anchor=0.0000 | train_emotion_acc=0.00% | train_strategy_f1=28.57% | train_relation_acc=0.00% | elapsed=6658s
[Stage3-KO(select_bank_en_merged_r16)] | step 1170/1591 (73.5%) | loss=2.2325 | lm=2.2325 | strategy_loss=0.8655 | relation_loss=3.0268 | anchor=0.0000 | train_emotion_acc=0.00% | train_strategy_f1=20.00% | train_relation_acc=0.00% | elapsed=6715s
[Stage3-KO(select_bank_en_merged_r16)] | step 1180/1591 (74.2%) | loss=2.3860 | lm=2.3860 | strategy_loss=1.0108 | relation_loss=3.5008 | anchor=0.0000 | train_emotion_acc=0.00% | train_strategy_f1=50.00% | train_relation_acc=0.00% | elapsed=6773s
[Stage3-KO(select_bank_en_merged_r16)] | step 1190/1591 (74.8%) | loss=2.0957 | lm=2.0957 | strategy_loss=0.8287 | relation_loss=2.2388 | anchor=0.0000 | train_emotion_acc=0.00% | train_strategy_f1=40.00% | train_relation_acc=50.00% | elapsed=6829s
[Stage3-KO(select_bank_en_merged_r16)] | step 1200/1591 (75.4%) | loss=2.5317 | lm=2.5317 | strategy_loss=1.0427 | relation_loss=3.2504 | anchor=0.0000 | train_emotion_acc=0.00% | train_strategy_f1=0.00% | train_relation_acc=0.00% | elapsed=6886s
[Stage3-KO(select_bank_en_merged_r16)] EVAL @1200 (valid) | EMOTION=42.00% | RELATION=12.00% | STRATEGY=34.58% | STRATEGY_HAMMING=32.38% | loss=2.2318 | lm_loss=2.2318 | emotion_loss=1.7158 | strategy_loss=1.0042 | relation_loss=2.1771
[Stage3-KO(select_bank_en_merged_r16)] | step 1210/1591 (76.1%) | loss=1.9190 | lm=1.9190 | strategy_loss=1.0308 | relation_loss=2.7394 | anchor=0.0000 | train_emotion_acc=50.00% | train_strategy_f1=28.57% | train_relation_acc=0.00% | elapsed=6977s
[Stage3-KO(select_bank_en_merged_r16)] | step 1220/1591 (76.7%) | loss=2.5067 | lm=2.5067 | strategy_loss=1.0064 | relation_loss=2.3257 | anchor=0.0000 | train_emotion_acc=0.00% | train_strategy_f1=14.29% | train_relation_acc=0.00% | elapsed=7034s
[Stage3-KO(select_bank_en_merged_r16)] | step 1230/1591 (77.3%) | loss=1.7124 | lm=1.7124 | strategy_loss=0.9769 | relation_loss=2.4444 | anchor=0.0000 | train_emotion_acc=0.00% | train_strategy_f1=16.67% | train_relation_acc=0.00% | elapsed=7091s
[Stage3-KO(select_bank_en_merged_r16)] | step 1240/1591 (77.9%) | loss=2.4190 | lm=2.4190 | strategy_loss=0.8483 | relation_loss=3.4644 | anchor=0.0000 | train_emotion_acc=50.00% | train_strategy_f1=33.33% | train_relation_acc=0.00% | elapsed=7148s
[Stage3-KO(select_bank_en_merged_r16)] | step 1250/1591 (78.6%) | loss=2.1899 | lm=2.1899 | strategy_loss=0.9245 | relation_loss=1.3689 | anchor=0.0000 | train_emotion_acc=0.00% | train_strategy_f1=14.29% | train_relation_acc=0.00% | elapsed=7204s
[Stage3-KO(select_bank_en_merged_r16)] | step 1260/1591 (79.2%) | loss=2.6681 | lm=2.6681 | strategy_loss=1.1265 | relation_loss=3.5388 | anchor=0.0000 | train_emotion_acc=0.00% | train_strategy_f1=14.29% | train_relation_acc=0.00% | elapsed=7262s
[Stage3-KO(select_bank_en_merged_r16)] | step 1270/1591 (79.8%) | loss=2.7266 | lm=2.7266 | strategy_loss=0.8052 | relation_loss=2.4837 | anchor=0.0000 | train_emotion_acc=0.00% | train_strategy_f1=40.00% | train_relation_acc=50.00% | elapsed=7319s
[Stage3-KO(select_bank_en_merged_r16)] | step 1280/1591 (80.5%) | loss=1.9683 | lm=1.9683 | strategy_loss=0.9880 | relation_loss=1.3052 | anchor=0.0000 | train_emotion_acc=0.00% | train_strategy_f1=16.67% | train_relation_acc=50.00% | elapsed=7377s
[Stage3-KO(select_bank_en_merged_r16)] | step 1290/1591 (81.1%) | loss=2.5389 | lm=2.5389 | strategy_loss=0.8948 | relation_loss=1.1072 | anchor=0.0000 | train_emotion_acc=0.00% | train_strategy_f1=16.67% | train_relation_acc=50.00% | elapsed=7434s
[Stage3-KO(select_bank_en_merged_r16)] | step 1300/1591 (81.7%) | loss=1.6288 | lm=1.6288 | strategy_loss=0.9356 | relation_loss=3.5172 | anchor=0.0000 | train_emotion_acc=0.00% | train_strategy_f1=14.29% | train_relation_acc=0.00% | elapsed=7491s
[Stage3-KO(select_bank_en_merged_r16)] | step 1310/1591 (82.3%) | loss=2.1307 | lm=2.1307 | strategy_loss=0.7549 | relation_loss=2.4682 | anchor=0.0000 | train_emotion_acc=50.00% | train_strategy_f1=40.00% | train_relation_acc=0.00% | elapsed=7548s
[Stage3-KO(select_bank_en_merged_r16)] | step 1320/1591 (83.0%) | loss=2.0628 | lm=2.0628 | strategy_loss=1.0490 | relation_loss=2.1620 | anchor=0.0000 | train_emotion_acc=0.00% | train_strategy_f1=42.86% | train_relation_acc=0.00% | elapsed=7606s
[Stage3-KO(select_bank_en_merged_r16)] | step 1330/1591 (83.6%) | loss=2.6622 | lm=2.6622 | strategy_loss=1.0059 | relation_loss=1.3087 | anchor=0.0000 | train_emotion_acc=0.00% | train_strategy_f1=16.67% | train_relation_acc=0.00% | elapsed=7663s
[Stage3-KO(select_bank_en_merged_r16)] | step 1340/1591 (84.2%) | loss=1.9125 | lm=1.9125 | strategy_loss=0.9424 | relation_loss=3.3774 | anchor=0.0000 | train_emotion_acc=0.00% | train_strategy_f1=66.67% | train_relation_acc=0.00% | elapsed=7720s
[Stage3-KO(select_bank_en_merged_r16)] | step 1350/1591 (84.9%) | loss=2.4199 | lm=2.4199 | strategy_loss=1.0574 | relation_loss=1.0373 | anchor=0.0000 | train_emotion_acc=50.00% | train_strategy_f1=28.57% | train_relation_acc=100.00% | elapsed=7777s
[Stage3-KO(select_bank_en_merged_r16)] | step 1360/1591 (85.5%) | loss=1.3649 | lm=1.3649 | strategy_loss=0.9074 | relation_loss=2.2801 | anchor=0.0000 | train_emotion_acc=0.00% | train_strategy_f1=28.57% | train_relation_acc=0.00% | elapsed=7834s
[Stage3-KO(select_bank_en_merged_r16)] | step 1370/1591 (86.1%) | loss=1.6784 | lm=1.6784 | strategy_loss=1.0858 | relation_loss=2.0055 | anchor=0.0000 | train_emotion_acc=0.00% | train_strategy_f1=25.00% | train_relation_acc=50.00% | elapsed=7892s
[Stage3-KO(select_bank_en_merged_r16)] | step 1380/1591 (86.7%) | loss=2.4143 | lm=2.4143 | strategy_loss=0.9463 | relation_loss=1.8940 | anchor=0.0000 | train_emotion_acc=0.00% | train_strategy_f1=0.00% | train_relation_acc=0.00% | elapsed=7948s
[Stage3-KO(select_bank_en_merged_r16)] | step 1390/1591 (87.4%) | loss=2.3941 | lm=2.3941 | strategy_loss=0.9636 | relation_loss=2.9080 | anchor=0.0000 | train_emotion_acc=50.00% | train_strategy_f1=16.67% | train_relation_acc=0.00% | elapsed=8005s
[Stage3-KO(select_bank_en_merged_r16)] | step 1400/1591 (88.0%) | loss=2.3427 | lm=2.3427 | strategy_loss=0.9921 | relation_loss=1.5759 | anchor=0.0000 | train_emotion_acc=100.00% | train_strategy_f1=28.57% | train_relation_acc=0.00% | elapsed=8063s
[Stage3-KO(select_bank_en_merged_r16)] | step 1410/1591 (88.6%) | loss=2.9400 | lm=2.9400 | strategy_loss=0.9469 | relation_loss=1.1306 | anchor=0.0000 | train_emotion_acc=50.00% | train_strategy_f1=16.67% | train_relation_acc=100.00% | elapsed=8119s
[Stage3-KO(select_bank_en_merged_r16)] | step 1420/1591 (89.3%) | loss=2.3591 | lm=2.3591 | strategy_loss=0.9892 | relation_loss=2.3891 | anchor=0.0000 | train_emotion_acc=50.00% | train_strategy_f1=42.86% | train_relation_acc=0.00% | elapsed=8177s
[Stage3-KO(select_bank_en_merged_r16)] | step 1430/1591 (89.9%) | loss=1.7551 | lm=1.7551 | strategy_loss=1.0057 | relation_loss=1.8214 | anchor=0.0000 | train_emotion_acc=0.00% | train_strategy_f1=25.00% | train_relation_acc=50.00% | elapsed=8234s
[Stage3-KO(select_bank_en_merged_r16)] | step 1440/1591 (90.5%) | loss=2.6324 | lm=2.6324 | strategy_loss=0.9842 | relation_loss=2.2948 | anchor=0.0000 | train_emotion_acc=50.00% | train_strategy_f1=0.00% | train_relation_acc=50.00% | elapsed=8291s
[Stage3-KO(select_bank_en_merged_r16)] | step 1450/1591 (91.1%) | loss=2.4263 | lm=2.4263 | strategy_loss=0.8948 | relation_loss=1.8401 | anchor=0.0000 | train_emotion_acc=50.00% | train_strategy_f1=0.00% | train_relation_acc=0.00% | elapsed=8348s
[Stage3-KO(select_bank_en_merged_r16)] | step 1460/1591 (91.8%) | loss=2.1731 | lm=2.1731 | strategy_loss=0.8917 | relation_loss=1.9679 | anchor=0.0000 | train_emotion_acc=0.00% | train_strategy_f1=20.00% | train_relation_acc=50.00% | elapsed=8405s
[Stage3-KO(select_bank_en_merged_r16)] | step 1470/1591 (92.4%) | loss=1.8678 | lm=1.8678 | strategy_loss=1.0100 | relation_loss=1.7655 | anchor=0.0000 | train_emotion_acc=0.00% | train_strategy_f1=28.57% | train_relation_acc=50.00% | elapsed=8462s
[Stage3-KO(select_bank_en_merged_r16)] | step 1480/1591 (93.0%) | loss=2.8525 | lm=2.8525 | strategy_loss=0.8412 | relation_loss=2.0752 | anchor=0.0000 | train_emotion_acc=0.00% | train_strategy_f1=33.33% | train_relation_acc=50.00% | elapsed=8519s
[Stage3-KO(select_bank_en_merged_r16)] | step 1490/1591 (93.7%) | loss=2.7097 | lm=2.7097 | strategy_loss=0.9228 | relation_loss=2.3189 | anchor=0.0000 | train_emotion_acc=0.00% | train_strategy_f1=16.67% | train_relation_acc=50.00% | elapsed=8576s
[Stage3-KO(select_bank_en_merged_r16)] | step 1500/1591 (94.3%) | loss=2.8057 | lm=2.8057 | strategy_loss=0.9602 | relation_loss=3.3876 | anchor=0.0000 | train_emotion_acc=0.00% | train_strategy_f1=28.57% | train_relation_acc=0.00% | elapsed=8634s
[Stage3-KO(select_bank_en_merged_r16)] | step 1510/1591 (94.9%) | loss=2.0317 | lm=2.0317 | strategy_loss=0.9351 | relation_loss=1.4862 | anchor=0.0000 | train_emotion_acc=0.00% | train_strategy_f1=14.29% | train_relation_acc=50.00% | elapsed=8700s
[Stage3-KO(select_bank_en_merged_r16)] | step 1520/1591 (95.5%) | loss=2.9524 | lm=2.9524 | strategy_loss=1.0822 | relation_loss=1.7827 | anchor=0.0000 | train_emotion_acc=0.00% | train_strategy_f1=25.00% | train_relation_acc=50.00% | elapsed=8772s
[Stage3-KO(select_bank_en_merged_r16)] | step 1530/1591 (96.2%) | loss=3.1891 | lm=3.1891 | strategy_loss=0.9001 | relation_loss=3.3090 | anchor=0.0000 | train_emotion_acc=0.00% | train_strategy_f1=20.00% | train_relation_acc=0.00% | elapsed=8844s
[Stage3-KO(select_bank_en_merged_r16)] | step 1540/1591 (96.8%) | loss=2.3266 | lm=2.3266 | strategy_loss=0.8384 | relation_loss=2.9463 | anchor=0.0000 | train_emotion_acc=0.00% | train_strategy_f1=33.33% | train_relation_acc=0.00% | elapsed=8913s
[Stage3-KO(select_bank_en_merged_r16)] | step 1550/1591 (97.4%) | loss=2.0271 | lm=2.0271 | strategy_loss=1.0226 | relation_loss=2.8797 | anchor=0.0000 | train_emotion_acc=0.00% | train_strategy_f1=28.57% | train_relation_acc=0.00% | elapsed=8982s
[Stage3-KO(select_bank_en_merged_r16)] | step 1560/1591 (98.1%) | loss=2.3075 | lm=2.3075 | strategy_loss=0.9863 | relation_loss=2.1298 | anchor=0.0000 | train_emotion_acc=0.00% | train_strategy_f1=28.57% | train_relation_acc=0.00% | elapsed=9054s
[Stage3-KO(select_bank_en_merged_r16)] | step 1570/1591 (98.7%) | loss=2.2054 | lm=2.2054 | strategy_loss=0.8916 | relation_loss=1.7887 | anchor=0.0000 | train_emotion_acc=0.00% | train_strategy_f1=50.00% | train_relation_acc=0.00% | elapsed=9126s
[Stage3-KO(select_bank_en_merged_r16)] | step 1580/1591 (99.3%) | loss=2.4024 | lm=2.4024 | strategy_loss=1.0077 | relation_loss=2.4678 | anchor=0.0000 | train_emotion_acc=0.00% | train_strategy_f1=14.29% | train_relation_acc=0.00% | elapsed=9198s
[Stage3-KO(select_bank_en_merged_r16)] | step 1590/1591 (99.9%) | loss=2.1424 | lm=2.1424 | strategy_loss=0.9363 | relation_loss=1.1261 | anchor=0.0000 | train_emotion_acc=50.00% | train_strategy_f1=50.00% | train_relation_acc=100.00% | elapsed=9270s
[Stage3-KO(select_bank_en_merged_r16)] FINAL | EMOTION=42.00% | RELATION=24.00% | STRATEGY=36.04% | STRATEGY_HAMMING=32.12%
[Stage3-KO(select_bank_en_merged_r16)] saved_to=/home/jbnu/jaehong/en-ko-empathy-lora/outputs/taffc/qwen/ablation/A9_lm_only/s42
[Stage3-KO(select_bank_en_merged_r16)] init_mode=select_bank_en_merged_r16
[Stage3-KO(select_bank_en_merged_r16)] vram_peak_gb=37.066
[Stage3-KO(select_bank_en_merged_r16)] steps=1591
[Stage3-KO(select_bank_en_merged_r16)] progress -> /home/jbnu/jaehong/en-ko-empathy-lora/outputs/taffc/qwen/ablation/A9_lm_only/s42/progress.json
=== Phase 3: multi-seed F16/B16/S16 ===
[TRAIN] outputs/taffc/qwen/F16/s123 seed=123
device=cuda
cuda_device=NVIDIA L40S
train=25456 valid=3182 A=6 S=4 R=7 strategy_scope=utterance
Warning: You are sending unauthenticated requests to the HF Hub. Please set a HF_TOKEN to enable higher rate limits and faster downloads.
EN replay: every 4 KO steps, n=17788
Fetching 4 files:   0%|          | 0/4 [00:00<?, ?it/s]Fetching 4 files: 100%|██████████| 4/4 [00:00<00:00, 11428.62it/s]
[transformers] The fast path is not available because one of the required library is not installed. Falling back to torch implementation. To install follow https://github.com/fla-org/flash-linear-attention#installation and https://github.com/Dao-AILab/causal-conv1d
Loading weights:   0%|          | 0/427 [00:00<?, ?it/s]Loading weights: 100%|██████████| 427/427 [00:00<00:00, 7748.68it/s]
bitsandbytes library load error: Configured CUDA binary not found at /home/jbnu/jupyter-env/lib/python3.12/site-packages/bitsandbytes/libbitsandbytes_cuda130.so
 If you are using Intel CPU/XPU, please install intel_extension_for_pytorch to enable required ops
Traceback (most recent call last):
  File "/home/jbnu/jupyter-env/lib/python3.12/site-packages/bitsandbytes/cextension.py", line 318, in <module>
    lib = get_native_library()
          ^^^^^^^^^^^^^^^^^^^^
  File "/home/jbnu/jupyter-env/lib/python3.12/site-packages/bitsandbytes/cextension.py", line 282, in get_native_library
    raise RuntimeError(f"Configured {BNB_BACKEND} binary not found at {cuda_binary_path}")
RuntimeError: Configured CUDA binary not found at /home/jbnu/jupyter-env/lib/python3.12/site-packages/bitsandbytes/libbitsandbytes_cuda130.so
lora_init_mode=select_bank_en_merged_r16
gates={'affect': 'share', 'strategy': 'relearn', 'relation': 'relearn', 'culture': 'suppress'}
strategy_pos_weight=[1.7157411575317383, 1.7157411575317383, 1.7157411575317383, 1.7157411575317383]
loss_weights emotion=0.245 strategy=3.150 relation=0.787 gate_conditioned=True curriculum=True
two_pass_affect=True
LoRA anchor enabled weight=0.04 n_params=64
lr_lora=7.5e-05 lr_head=0.00015 freeze_lora=False trainable=20,783,121
[Stage3-KO(select_bank_en_merged_r16)] model=Qwen/Qwen3.5-9B train=25456 valid=3182 init=select_bank_en_merged_r16 steps≈1591 S=multilabel gates={'affect': 'share', 'strategy': 'relearn', 'relation': 'relearn', 'culture': 'suppress'}
[Stage3-KO(select_bank_en_merged_r16)] | step 1/1591 (0.1%) | loss=8.6744 | lm=2.5005 | strategy_loss=1.0609 | relation_loss=1.3513 | anchor=0.0000 | train_emotion_acc=50.00% | train_strategy_f1=0.00% | train_relation_acc=50.00% | elapsed=8s
[Stage3-KO(select_bank_en_merged_r16)] | step 10/1591 (0.6%) | loss=8.1233 | lm=2.5188 | strategy_loss=0.8516 | relation_loss=1.8042 | anchor=0.0000 | train_emotion_acc=0.00% | train_strategy_f1=33.33% | train_relation_acc=50.00% | elapsed=72s
[Stage3-KO(select_bank_en_merged_r16)] | step 20/1591 (1.3%) | loss=8.7387 | lm=3.5304 | strategy_loss=0.7738 | relation_loss=1.7526 | anchor=0.0000 | train_emotion_acc=100.00% | train_strategy_f1=50.00% | train_relation_acc=50.00% | elapsed=145s
[Stage3-KO(select_bank_en_merged_r16)] | step 30/1591 (1.9%) | loss=9.0549 | lm=2.5574 | strategy_loss=0.9751 | relation_loss=2.1617 | anchor=0.0000 | train_emotion_acc=0.00% | train_strategy_f1=33.33% | train_relation_acc=0.00% | elapsed=217s
[Stage3-KO(select_bank_en_merged_r16)] | step 40/1591 (2.5%) | loss=8.0082 | lm=2.5953 | strategy_loss=0.7961 | relation_loss=1.9237 | anchor=0.0000 | train_emotion_acc=100.00% | train_strategy_f1=60.00% | train_relation_acc=0.00% | elapsed=290s
[Stage3-KO(select_bank_en_merged_r16)] | step 50/1591 (3.1%) | loss=6.1018 | lm=2.4584 | strategy_loss=0.6317 | relation_loss=0.7904 | anchor=0.0000 | train_emotion_acc=100.00% | train_strategy_f1=50.00% | train_relation_acc=50.00% | elapsed=362s
[Stage3-KO(select_bank_en_merged_r16)] | step 60/1591 (3.8%) | loss=6.0905 | lm=2.8181 | strategy_loss=0.5362 | relation_loss=0.7249 | anchor=0.0000 | train_emotion_acc=50.00% | train_strategy_f1=75.00% | train_relation_acc=100.00% | elapsed=434s
[Stage3-KO(select_bank_en_merged_r16)] | step 70/1591 (4.4%) | loss=8.4683 | lm=2.5357 | strategy_loss=0.9666 | relation_loss=1.6766 | anchor=0.0000 | train_emotion_acc=100.00% | train_strategy_f1=20.00% | train_relation_acc=50.00% | elapsed=506s
[Stage3-KO(select_bank_en_merged_r16)] | step 80/1591 (5.0%) | loss=5.7542 | lm=2.4085 | strategy_loss=0.6806 | relation_loss=0.2049 | anchor=0.0000 | train_emotion_acc=50.00% | train_strategy_f1=40.00% | train_relation_acc=100.00% | elapsed=579s
[Stage3-KO(select_bank_en_merged_r16)] | step 90/1591 (5.7%) | loss=6.4640 | lm=2.7346 | strategy_loss=0.7690 | relation_loss=0.2733 | anchor=0.0000 | train_emotion_acc=100.00% | train_strategy_f1=66.67% | train_relation_acc=100.00% | elapsed=652s
[Stage3-KO(select_bank_en_merged_r16)] | step 100/1591 (6.3%) | loss=6.6561 | lm=2.4973 | strategy_loss=0.7135 | relation_loss=1.0105 | anchor=0.0000 | train_emotion_acc=50.00% | train_strategy_f1=80.00% | train_relation_acc=0.00% | elapsed=723s
[Stage3-KO(select_bank_en_merged_r16)] | step 110/1591 (6.9%) | loss=8.6311 | lm=3.4336 | strategy_loss=1.1287 | relation_loss=0.1702 | anchor=0.0000 | train_emotion_acc=100.00% | train_strategy_f1=57.14% | train_relation_acc=100.00% | elapsed=795s
[Stage3-KO(select_bank_en_merged_r16)] | step 120/1591 (7.5%) | loss=7.0377 | lm=2.4570 | strategy_loss=0.8812 | relation_loss=0.6590 | anchor=0.0000 | train_emotion_acc=50.00% | train_strategy_f1=20.00% | train_relation_acc=50.00% | elapsed=867s
[Stage3-KO(select_bank_en_merged_r16)] | step 130/1591 (8.2%) | loss=6.7019 | lm=2.6053 | strategy_loss=0.8280 | relation_loss=0.3611 | anchor=0.0000 | train_emotion_acc=50.00% | train_strategy_f1=20.00% | train_relation_acc=100.00% | elapsed=939s
[Stage3-KO(select_bank_en_merged_r16)] | step 140/1591 (8.8%) | loss=6.7313 | lm=1.9382 | strategy_loss=0.7982 | relation_loss=1.3437 | anchor=0.0000 | train_emotion_acc=100.00% | train_strategy_f1=40.00% | train_relation_acc=0.00% | elapsed=1012s
[Stage3-KO(select_bank_en_merged_r16)] | step 150/1591 (9.4%) | loss=6.9203 | lm=2.5571 | strategy_loss=0.7894 | relation_loss=0.8382 | anchor=0.0000 | train_emotion_acc=100.00% | train_strategy_f1=60.00% | train_relation_acc=50.00% | elapsed=1082s
[Stage3-KO(select_bank_en_merged_r16)] | step 160/1591 (10.1%) | loss=6.5253 | lm=3.3496 | strategy_loss=0.6885 | relation_loss=0.0054 | anchor=0.0000 | train_emotion_acc=50.00% | train_strategy_f1=40.00% | train_relation_acc=100.00% | elapsed=1155s
[Stage3-KO(select_bank_en_merged_r16)] | step 170/1591 (10.7%) | loss=4.8288 | lm=2.7448 | strategy_loss=0.4505 | relation_loss=0.0580 | anchor=0.0000 | train_emotion_acc=100.00% | train_strategy_f1=75.00% | train_relation_acc=100.00% | elapsed=1228s
[Stage3-KO(select_bank_en_merged_r16)] | step 180/1591 (11.3%) | loss=8.5831 | lm=3.0238 | strategy_loss=0.9617 | relation_loss=1.3320 | anchor=0.0000 | train_emotion_acc=50.00% | train_strategy_f1=33.33% | train_relation_acc=50.00% | elapsed=1300s
[Stage3-KO(select_bank_en_merged_r16)] | step 190/1591 (11.9%) | loss=5.5855 | lm=1.9822 | strategy_loss=0.6865 | relation_loss=0.5330 | anchor=0.0000 | train_emotion_acc=100.00% | train_strategy_f1=60.00% | train_relation_acc=100.00% | elapsed=1372s
[Stage3-KO(select_bank_en_merged_r16)] | step 200/1591 (12.6%) | loss=7.5824 | lm=2.9380 | strategy_loss=0.6615 | relation_loss=1.7230 | anchor=0.0000 | train_emotion_acc=50.00% | train_strategy_f1=25.00% | train_relation_acc=50.00% | elapsed=1445s
[Stage3-KO(select_bank_en_merged_r16)] | step 210/1591 (13.2%) | loss=5.5557 | lm=2.3067 | strategy_loss=0.6350 | relation_loss=0.4293 | anchor=0.0000 | train_emotion_acc=100.00% | train_strategy_f1=66.67% | train_relation_acc=100.00% | elapsed=1517s
[Stage3-KO(select_bank_en_merged_r16)] | step 220/1591 (13.8%) | loss=6.5875 | lm=2.6238 | strategy_loss=0.8392 | relation_loss=0.1868 | anchor=0.0000 | train_emotion_acc=50.00% | train_strategy_f1=40.00% | train_relation_acc=100.00% | elapsed=1590s
[Stage3-KO(select_bank_en_merged_r16)] | step 230/1591 (14.5%) | loss=6.9984 | lm=2.2185 | strategy_loss=1.0821 | relation_loss=0.0302 | anchor=0.0000 | train_emotion_acc=50.00% | train_strategy_f1=0.00% | train_relation_acc=100.00% | elapsed=1661s
[Stage3-KO(select_bank_en_merged_r16)] | step 240/1591 (15.1%) | loss=8.4537 | lm=3.0354 | strategy_loss=0.8864 | relation_loss=1.6019 | anchor=0.0000 | train_emotion_acc=100.00% | train_strategy_f1=42.86% | train_relation_acc=50.00% | elapsed=1734s
[Stage3-KO(select_bank_en_merged_r16)] | step 250/1591 (15.7%) | loss=5.9013 | lm=2.6329 | strategy_loss=0.6851 | relation_loss=0.1393 | anchor=0.0000 | train_emotion_acc=50.00% | train_strategy_f1=33.33% | train_relation_acc=100.00% | elapsed=1806s
[Stage3-KO(select_bank_en_merged_r16)] | step 260/1591 (16.3%) | loss=4.0808 | lm=2.4327 | strategy_loss=0.3529 | relation_loss=0.0874 | anchor=0.0000 | train_emotion_acc=100.00% | train_strategy_f1=75.00% | train_relation_acc=100.00% | elapsed=1878s
[Stage3-KO(select_bank_en_merged_r16)] | step 270/1591 (17.0%) | loss=6.3008 | lm=2.4706 | strategy_loss=0.7140 | relation_loss=0.6300 | anchor=0.0000 | train_emotion_acc=100.00% | train_strategy_f1=33.33% | train_relation_acc=50.00% | elapsed=1950s
[Stage3-KO(select_bank_en_merged_r16)] | step 280/1591 (17.6%) | loss=7.8376 | lm=2.9451 | strategy_loss=1.0856 | relation_loss=0.0106 | anchor=0.0000 | train_emotion_acc=50.00% | train_strategy_f1=16.67% | train_relation_acc=100.00% | elapsed=2023s
[Stage3-KO(select_bank_en_merged_r16)] | step 290/1591 (18.2%) | loss=7.9511 | lm=2.5895 | strategy_loss=1.2154 | relation_loss=0.0268 | anchor=0.0000 | train_emotion_acc=100.00% | train_strategy_f1=42.86% | train_relation_acc=100.00% | elapsed=2096s
[Stage3-KO(select_bank_en_merged_r16)] | step 300/1591 (18.9%) | loss=6.4556 | lm=2.3877 | strategy_loss=0.6724 | relation_loss=1.1289 | anchor=0.0000 | train_emotion_acc=100.00% | train_strategy_f1=40.00% | train_relation_acc=50.00% | elapsed=2168s
[Stage3-KO(select_bank_en_merged_r16)] | step 310/1591 (19.5%) | loss=7.0219 | lm=2.2165 | strategy_loss=1.0177 | relation_loss=0.4044 | anchor=0.0000 | train_emotion_acc=100.00% | train_strategy_f1=33.33% | train_relation_acc=100.00% | elapsed=2242s
[Stage3-KO(select_bank_en_merged_r16)] | step 320/1591 (20.1%) | loss=6.1996 | lm=2.3854 | strategy_loss=0.7759 | relation_loss=0.4290 | anchor=0.0000 | train_emotion_acc=100.00% | train_strategy_f1=60.00% | train_relation_acc=100.00% | elapsed=2315s
[Stage3-KO(select_bank_en_merged_r16)] | step 330/1591 (20.7%) | loss=6.6352 | lm=2.3405 | strategy_loss=0.7909 | relation_loss=0.8713 | anchor=0.0000 | train_emotion_acc=50.00% | train_strategy_f1=50.00% | train_relation_acc=50.00% | elapsed=2387s
[Stage3-KO(select_bank_en_merged_r16)] | step 340/1591 (21.4%) | loss=5.3864 | lm=1.9351 | strategy_loss=0.7244 | relation_loss=0.2340 | anchor=0.0000 | train_emotion_acc=100.00% | train_strategy_f1=50.00% | train_relation_acc=100.00% | elapsed=2460s
[Stage3-KO(select_bank_en_merged_r16)] | step 350/1591 (22.0%) | loss=9.0058 | lm=2.2437 | strategy_loss=1.5564 | relation_loss=0.0940 | anchor=0.0000 | train_emotion_acc=100.00% | train_strategy_f1=50.00% | train_relation_acc=100.00% | elapsed=2533s
[Stage3-KO(select_bank_en_merged_r16)] | step 360/1591 (22.6%) | loss=6.2331 | lm=2.8577 | strategy_loss=0.6585 | relation_loss=0.4085 | anchor=0.0000 | train_emotion_acc=0.00% | train_strategy_f1=33.33% | train_relation_acc=100.00% | elapsed=2607s
[Stage3-KO(select_bank_en_merged_r16)] | step 370/1591 (23.3%) | loss=5.1338 | lm=2.4300 | strategy_loss=0.6008 | relation_loss=0.0087 | anchor=0.0000 | train_emotion_acc=50.00% | train_strategy_f1=60.00% | train_relation_acc=100.00% | elapsed=2677s
[Stage3-KO(select_bank_en_merged_r16)] | step 380/1591 (23.9%) | loss=6.4497 | lm=2.1304 | strategy_loss=0.6504 | relation_loss=1.5290 | anchor=0.0000 | train_emotion_acc=100.00% | train_strategy_f1=80.00% | train_relation_acc=0.00% | elapsed=2747s
[Stage3-KO(select_bank_en_merged_r16)] | step 390/1591 (24.5%) | loss=5.9138 | lm=2.1466 | strategy_loss=0.7546 | relation_loss=0.4626 | anchor=0.0000 | train_emotion_acc=100.00% | train_strategy_f1=33.33% | train_relation_acc=100.00% | elapsed=2819s
[Stage3-KO(select_bank_en_merged_r16)] | step 400/1591 (25.1%) | loss=6.1435 | lm=2.4633 | strategy_loss=0.7269 | relation_loss=0.3523 | anchor=0.0000 | train_emotion_acc=0.00% | train_strategy_f1=40.00% | train_relation_acc=100.00% | elapsed=2891s
[Stage3-KO(select_bank_en_merged_r16)] EVAL @400 (valid) | EMOTION=83.00% | RELATION=96.50% | STRATEGY=67.92% | STRATEGY_HAMMING=63.88% | loss=5.7291 | lm_loss=2.4218 | emotion_loss=0.6477 | strategy_loss=0.7189 | relation_loss=0.1386
[Stage3-KO(select_bank_en_merged_r16)] | step 410/1591 (25.8%) | loss=8.3175 | lm=3.3949 | strategy_loss=1.0748 | relation_loss=0.2318 | anchor=0.0000 | train_emotion_acc=100.00% | train_strategy_f1=20.00% | train_relation_acc=100.00% | elapsed=3008s
[Stage3-KO(select_bank_en_merged_r16)] | step 420/1591 (26.4%) | loss=5.7989 | lm=2.6848 | strategy_loss=0.7044 | relation_loss=0.0407 | anchor=0.0000 | train_emotion_acc=100.00% | train_strategy_f1=66.67% | train_relation_acc=100.00% | elapsed=3079s
[Stage3-KO(select_bank_en_merged_r16)] | step 430/1591 (27.0%) | loss=4.9384 | lm=1.6791 | strategy_loss=0.6580 | relation_loss=0.3891 | anchor=0.0000 | train_emotion_acc=100.00% | train_strategy_f1=33.33% | train_relation_acc=100.00% | elapsed=3152s
[Stage3-KO(select_bank_en_merged_r16)] | step 440/1591 (27.7%) | loss=5.9954 | lm=1.8483 | strategy_loss=0.8057 | relation_loss=0.6934 | anchor=0.0000 | train_emotion_acc=100.00% | train_strategy_f1=33.33% | train_relation_acc=50.00% | elapsed=3224s
[Stage3-KO(select_bank_en_merged_r16)] | step 450/1591 (28.3%) | loss=7.6545 | lm=2.5779 | strategy_loss=0.9313 | relation_loss=0.8607 | anchor=0.0000 | train_emotion_acc=50.00% | train_strategy_f1=50.00% | train_relation_acc=50.00% | elapsed=3296s
[Stage3-KO(select_bank_en_merged_r16)] | step 460/1591 (28.9%) | loss=5.6799 | lm=2.3080 | strategy_loss=0.7670 | relation_loss=0.0732 | anchor=0.0000 | train_emotion_acc=100.00% | train_strategy_f1=33.33% | train_relation_acc=100.00% | elapsed=3368s
[Stage3-KO(select_bank_en_merged_r16)] | step 470/1591 (29.5%) | loss=5.3930 | lm=2.7206 | strategy_loss=0.6230 | relation_loss=0.0210 | anchor=0.0000 | train_emotion_acc=100.00% | train_strategy_f1=50.00% | train_relation_acc=100.00% | elapsed=3440s
[Stage3-KO(select_bank_en_merged_r16)] | step 480/1591 (30.2%) | loss=5.2060 | lm=2.1864 | strategy_loss=0.6598 | relation_loss=0.0163 | anchor=0.0000 | train_emotion_acc=0.00% | train_strategy_f1=40.00% | train_relation_acc=100.00% | elapsed=3512s
[Stage3-KO(select_bank_en_merged_r16)] | step 490/1591 (30.8%) | loss=5.3626 | lm=2.1994 | strategy_loss=0.6982 | relation_loss=0.1370 | anchor=0.0000 | train_emotion_acc=100.00% | train_strategy_f1=60.00% | train_relation_acc=100.00% | elapsed=3583s
[Stage3-KO(select_bank_en_merged_r16)] | step 500/1591 (31.4%) | loss=6.0375 | lm=1.6201 | strategy_loss=0.4708 | relation_loss=2.4761 | anchor=0.0000 | train_emotion_acc=100.00% | train_strategy_f1=50.00% | train_relation_acc=0.00% | elapsed=3655s
[Stage3-KO(select_bank_en_merged_r16)] | step 510/1591 (32.1%) | loss=6.1306 | lm=2.4431 | strategy_loss=0.8041 | relation_loss=0.1769 | anchor=0.0000 | train_emotion_acc=100.00% | train_strategy_f1=20.00% | train_relation_acc=100.00% | elapsed=3726s
[Stage3-KO(select_bank_en_merged_r16)] | step 520/1591 (32.7%) | loss=5.0125 | lm=2.4185 | strategy_loss=0.5684 | relation_loss=0.0419 | anchor=0.0000 | train_emotion_acc=100.00% | train_strategy_f1=75.00% | train_relation_acc=100.00% | elapsed=3799s
[Stage3-KO(select_bank_en_merged_r16)] | step 530/1591 (33.3%) | loss=4.6588 | lm=2.1752 | strategy_loss=0.5773 | relation_loss=0.0010 | anchor=0.0000 | train_emotion_acc=100.00% | train_strategy_f1=50.00% | train_relation_acc=100.00% | elapsed=3870s
[Stage3-KO(select_bank_en_merged_r16)] | step 540/1591 (33.9%) | loss=5.9586 | lm=2.5482 | strategy_loss=0.7240 | relation_loss=0.1719 | anchor=0.0000 | train_emotion_acc=50.00% | train_strategy_f1=60.00% | train_relation_acc=100.00% | elapsed=3942s
[Stage3-KO(select_bank_en_merged_r16)] | step 550/1591 (34.6%) | loss=7.4391 | lm=2.9597 | strategy_loss=0.8040 | relation_loss=0.9808 | anchor=0.0000 | train_emotion_acc=50.00% | train_strategy_f1=50.00% | train_relation_acc=50.00% | elapsed=4015s
[Stage3-KO(select_bank_en_merged_r16)] | step 560/1591 (35.2%) | loss=6.2279 | lm=2.4276 | strategy_loss=0.6411 | relation_loss=1.0608 | anchor=0.0000 | train_emotion_acc=100.00% | train_strategy_f1=75.00% | train_relation_acc=50.00% | elapsed=4088s
[Stage3-KO(select_bank_en_merged_r16)] | step 570/1591 (35.8%) | loss=5.7438 | lm=2.0431 | strategy_loss=0.8327 | relation_loss=0.0018 | anchor=0.0000 | train_emotion_acc=50.00% | train_strategy_f1=40.00% | train_relation_acc=100.00% | elapsed=4160s
[Stage3-KO(select_bank_en_merged_r16)] | step 580/1591 (36.5%) | loss=5.8517 | lm=2.7689 | strategy_loss=0.6233 | relation_loss=0.3342 | anchor=0.0000 | train_emotion_acc=100.00% | train_strategy_f1=50.00% | train_relation_acc=100.00% | elapsed=4231s
[Stage3-KO(select_bank_en_merged_r16)] | step 590/1591 (37.1%) | loss=7.1144 | lm=2.4851 | strategy_loss=1.0272 | relation_loss=0.1592 | anchor=0.0000 | train_emotion_acc=50.00% | train_strategy_f1=0.00% | train_relation_acc=100.00% | elapsed=4302s
[Stage3-KO(select_bank_en_merged_r16)] | step 600/1591 (37.7%) | loss=5.3392 | lm=2.2944 | strategy_loss=0.6547 | relation_loss=0.0829 | anchor=0.0000 | train_emotion_acc=50.00% | train_strategy_f1=40.00% | train_relation_acc=100.00% | elapsed=4375s
[Stage3-KO(select_bank_en_merged_r16)] | step 610/1591 (38.3%) | loss=8.6636 | lm=2.5889 | strategy_loss=1.0987 | relation_loss=1.2730 | anchor=0.0000 | train_emotion_acc=50.00% | train_strategy_f1=60.00% | train_relation_acc=50.00% | elapsed=4446s
[Stage3-KO(select_bank_en_merged_r16)] | step 620/1591 (39.0%) | loss=6.6213 | lm=3.0690 | strategy_loss=0.7931 | relation_loss=0.0949 | anchor=0.0000 | train_emotion_acc=100.00% | train_strategy_f1=33.33% | train_relation_acc=100.00% | elapsed=4519s
[Stage3-KO(select_bank_en_merged_r16)] | step 630/1591 (39.6%) | loss=7.1197 | lm=2.8558 | strategy_loss=0.8504 | relation_loss=0.6636 | anchor=0.0000 | train_emotion_acc=100.00% | train_strategy_f1=40.00% | train_relation_acc=50.00% | elapsed=4591s
[Stage3-KO(select_bank_en_merged_r16)] | step 640/1591 (40.2%) | loss=5.7020 | lm=3.0409 | strategy_loss=0.8111 | relation_loss=0.0221 | anchor=0.0000 | train_emotion_acc=100.00% | train_strategy_f1=16.67% | train_relation_acc=100.00% | elapsed=4665s
[Stage3-KO(select_bank_en_merged_r16)] | step 650/1591 (40.9%) | loss=5.2624 | lm=2.5095 | strategy_loss=0.6062 | relation_loss=0.8629 | anchor=0.0000 | train_emotion_acc=50.00% | train_strategy_f1=60.00% | train_relation_acc=50.00% | elapsed=4738s
[Stage3-KO(select_bank_en_merged_r16)] | step 660/1591 (41.5%) | loss=5.6647 | lm=2.7252 | strategy_loss=0.7284 | relation_loss=0.4862 | anchor=0.0000 | train_emotion_acc=50.00% | train_strategy_f1=40.00% | train_relation_acc=100.00% | elapsed=4810s
[Stage3-KO(select_bank_en_merged_r16)] | step 670/1591 (42.1%) | loss=3.7586 | lm=1.9295 | strategy_loss=0.5285 | relation_loss=0.1056 | anchor=0.0000 | train_emotion_acc=100.00% | train_strategy_f1=75.00% | train_relation_acc=100.00% | elapsed=4882s
[Stage3-KO(select_bank_en_merged_r16)] | step 680/1591 (42.7%) | loss=7.0248 | lm=2.2415 | strategy_loss=0.6962 | relation_loss=3.0184 | anchor=0.0000 | train_emotion_acc=50.00% | train_strategy_f1=50.00% | train_relation_acc=0.00% | elapsed=4955s
[Stage3-KO(select_bank_en_merged_r16)] | step 690/1591 (43.4%) | loss=4.2956 | lm=2.0274 | strategy_loss=0.6413 | relation_loss=0.2225 | anchor=0.0000 | train_emotion_acc=100.00% | train_strategy_f1=40.00% | train_relation_acc=100.00% | elapsed=5028s
[Stage3-KO(select_bank_en_merged_r16)] | step 700/1591 (44.0%) | loss=7.4354 | lm=2.5169 | strategy_loss=1.3744 | relation_loss=0.6498 | anchor=0.0000 | train_emotion_acc=100.00% | train_strategy_f1=14.29% | train_relation_acc=50.00% | elapsed=5099s
[Stage3-KO(select_bank_en_merged_r16)] | step 710/1591 (44.6%) | loss=4.6207 | lm=2.4036 | strategy_loss=0.5989 | relation_loss=0.3350 | anchor=0.0000 | train_emotion_acc=100.00% | train_strategy_f1=40.00% | train_relation_acc=100.00% | elapsed=5171s
[Stage3-KO(select_bank_en_merged_r16)] | step 720/1591 (45.3%) | loss=4.6688 | lm=2.5758 | strategy_loss=0.6000 | relation_loss=0.0101 | anchor=0.0000 | train_emotion_acc=100.00% | train_strategy_f1=50.00% | train_relation_acc=100.00% | elapsed=5242s
[Stage3-KO(select_bank_en_merged_r16)] | step 730/1591 (45.9%) | loss=6.2182 | lm=2.6156 | strategy_loss=1.1281 | relation_loss=0.0007 | anchor=0.0000 | train_emotion_acc=100.00% | train_strategy_f1=33.33% | train_relation_acc=100.00% | elapsed=5314s
[Stage3-KO(select_bank_en_merged_r16)] | step 740/1591 (46.5%) | loss=5.1580 | lm=2.5631 | strategy_loss=0.7196 | relation_loss=0.3500 | anchor=0.0000 | train_emotion_acc=100.00% | train_strategy_f1=40.00% | train_relation_acc=100.00% | elapsed=5387s
[Stage3-KO(select_bank_en_merged_r16)] | step 750/1591 (47.1%) | loss=5.2120 | lm=2.1010 | strategy_loss=0.7191 | relation_loss=1.0044 | anchor=0.0000 | train_emotion_acc=100.00% | train_strategy_f1=20.00% | train_relation_acc=50.00% | elapsed=5458s
[Stage3-KO(select_bank_en_merged_r16)] | step 760/1591 (47.8%) | loss=6.4553 | lm=2.1938 | strategy_loss=0.5263 | relation_loss=3.1404 | anchor=0.0000 | train_emotion_acc=100.00% | train_strategy_f1=75.00% | train_relation_acc=50.00% | elapsed=5530s
[Stage3-KO(select_bank_en_merged_r16)] | step 770/1591 (48.4%) | loss=4.3064 | lm=2.3338 | strategy_loss=0.4811 | relation_loss=0.0981 | anchor=0.0000 | train_emotion_acc=50.00% | train_strategy_f1=66.67% | train_relation_acc=100.00% | elapsed=5602s
[Stage3-KO(select_bank_en_merged_r16)] | step 780/1591 (49.0%) | loss=5.7878 | lm=3.5981 | strategy_loss=0.6594 | relation_loss=0.0004 | anchor=0.0000 | train_emotion_acc=100.00% | train_strategy_f1=50.00% | train_relation_acc=100.00% | elapsed=5674s
[Stage3-KO(select_bank_en_merged_r16)] | step 790/1591 (49.7%) | loss=4.6544 | lm=2.9716 | strategy_loss=0.4329 | relation_loss=0.1835 | anchor=0.0000 | train_emotion_acc=50.00% | train_strategy_f1=75.00% | train_relation_acc=100.00% | elapsed=5748s
[Stage3-KO(select_bank_en_merged_r16)] | step 800/1591 (50.3%) | loss=7.0540 | lm=2.9010 | strategy_loss=1.2697 | relation_loss=0.1388 | anchor=0.0000 | train_emotion_acc=100.00% | train_strategy_f1=60.00% | train_relation_acc=100.00% | elapsed=5820s
[Stage3-KO(select_bank_en_merged_r16)] EVAL @800 (valid) | EMOTION=86.00% | RELATION=97.00% | STRATEGY=68.30% | STRATEGY_HAMMING=66.00% | loss=4.8509 | lm_loss=2.3347 | emotion_loss=0.4848 | strategy_loss=0.7223 | relation_loss=0.1549
[Stage3-KO(select_bank_en_merged_r16)] | step 810/1591 (50.9%) | loss=5.8159 | lm=2.4570 | strategy_loss=1.0177 | relation_loss=0.0004 | anchor=0.0000 | train_emotion_acc=100.00% | train_strategy_f1=42.86% | train_relation_acc=100.00% | elapsed=5936s
[Stage3-KO(select_bank_en_merged_r16)] | step 820/1591 (51.5%) | loss=5.5395 | lm=3.2466 | strategy_loss=0.6844 | relation_loss=0.1328 | anchor=0.0000 | train_emotion_acc=100.00% | train_strategy_f1=50.00% | train_relation_acc=100.00% | elapsed=6008s
[Stage3-KO(select_bank_en_merged_r16)] | step 830/1591 (52.2%) | loss=4.7869 | lm=2.4655 | strategy_loss=0.6540 | relation_loss=0.3126 | anchor=0.0000 | train_emotion_acc=100.00% | train_strategy_f1=60.00% | train_relation_acc=100.00% | elapsed=6080s
[Stage3-KO(select_bank_en_merged_r16)] | step 840/1591 (52.8%) | loss=5.1873 | lm=2.5405 | strategy_loss=0.8246 | relation_loss=0.0235 | anchor=0.0000 | train_emotion_acc=100.00% | train_strategy_f1=60.00% | train_relation_acc=100.00% | elapsed=6152s
[Stage3-KO(select_bank_en_merged_r16)] | step 850/1591 (53.4%) | loss=4.2980 | lm=2.2477 | strategy_loss=0.5930 | relation_loss=0.2103 | anchor=0.0000 | train_emotion_acc=100.00% | train_strategy_f1=40.00% | train_relation_acc=100.00% | elapsed=6225s
[Stage3-KO(select_bank_en_merged_r16)] | step 860/1591 (54.1%) | loss=4.6239 | lm=2.2497 | strategy_loss=0.6013 | relation_loss=0.4564 | anchor=0.0000 | train_emotion_acc=100.00% | train_strategy_f1=40.00% | train_relation_acc=100.00% | elapsed=6297s
[Stage3-KO(select_bank_en_merged_r16)] | step 870/1591 (54.7%) | loss=5.1514 | lm=2.3578 | strategy_loss=0.7190 | relation_loss=0.3862 | anchor=0.0000 | train_emotion_acc=50.00% | train_strategy_f1=40.00% | train_relation_acc=100.00% | elapsed=6368s
[Stage3-KO(select_bank_en_merged_r16)] | step 880/1591 (55.3%) | loss=4.9269 | lm=2.8349 | strategy_loss=0.6433 | relation_loss=0.0068 | anchor=0.0000 | train_emotion_acc=100.00% | train_strategy_f1=50.00% | train_relation_acc=100.00% | elapsed=6441s
[Stage3-KO(select_bank_en_merged_r16)] | step 890/1591 (55.9%) | loss=4.5534 | lm=1.8770 | strategy_loss=0.7999 | relation_loss=0.0216 | anchor=0.0000 | train_emotion_acc=50.00% | train_strategy_f1=60.00% | train_relation_acc=100.00% | elapsed=6513s
[Stage3-KO(select_bank_en_merged_r16)] | step 900/1591 (56.6%) | loss=5.0335 | lm=2.2627 | strategy_loss=0.6008 | relation_loss=1.0970 | anchor=0.0000 | train_emotion_acc=100.00% | train_strategy_f1=50.00% | train_relation_acc=50.00% | elapsed=6585s
[Stage3-KO(select_bank_en_merged_r16)] | step 910/1591 (57.2%) | loss=5.4249 | lm=2.2995 | strategy_loss=0.8504 | relation_loss=0.5640 | anchor=0.0000 | train_emotion_acc=100.00% | train_strategy_f1=40.00% | train_relation_acc=50.00% | elapsed=6658s
[Stage3-KO(select_bank_en_merged_r16)] | step 920/1591 (57.8%) | loss=6.5670 | lm=2.9087 | strategy_loss=1.0729 | relation_loss=0.1656 | anchor=0.0000 | train_emotion_acc=100.00% | train_strategy_f1=60.00% | train_relation_acc=100.00% | elapsed=6730s
[Stage3-KO(select_bank_en_merged_r16)] | step 930/1591 (58.5%) | loss=5.7281 | lm=2.5779 | strategy_loss=0.6162 | relation_loss=1.3602 | anchor=0.0000 | train_emotion_acc=100.00% | train_strategy_f1=40.00% | train_relation_acc=50.00% | elapsed=6801s
[Stage3-KO(select_bank_en_merged_r16)] | step 940/1591 (59.1%) | loss=5.2458 | lm=1.6575 | strategy_loss=0.9785 | relation_loss=0.2136 | anchor=0.0000 | train_emotion_acc=50.00% | train_strategy_f1=28.57% | train_relation_acc=100.00% | elapsed=6874s
[Stage3-KO(select_bank_en_merged_r16)] | step 950/1591 (59.7%) | loss=5.4862 | lm=2.3753 | strategy_loss=0.7668 | relation_loss=0.8706 | anchor=0.0000 | train_emotion_acc=100.00% | train_strategy_f1=50.00% | train_relation_acc=100.00% | elapsed=6945s
[Stage3-KO(select_bank_en_merged_r16)] | step 960/1591 (60.3%) | loss=6.4531 | lm=2.1945 | strategy_loss=0.7281 | relation_loss=2.3308 | anchor=0.0000 | train_emotion_acc=100.00% | train_strategy_f1=40.00% | train_relation_acc=50.00% | elapsed=7017s
[Stage3-KO(select_bank_en_merged_r16)] | step 970/1591 (61.0%) | loss=5.7959 | lm=2.3034 | strategy_loss=1.0895 | relation_loss=0.0678 | anchor=0.0000 | train_emotion_acc=100.00% | train_strategy_f1=33.33% | train_relation_acc=100.00% | elapsed=7088s
[Stage3-KO(select_bank_en_merged_r16)] | step 980/1591 (61.6%) | loss=4.3250 | lm=2.4369 | strategy_loss=0.5385 | relation_loss=0.1743 | anchor=0.0000 | train_emotion_acc=100.00% | train_strategy_f1=75.00% | train_relation_acc=100.00% | elapsed=7160s
[Stage3-KO(select_bank_en_merged_r16)] | step 990/1591 (62.2%) | loss=5.2283 | lm=2.3636 | strategy_loss=0.6765 | relation_loss=0.8553 | anchor=0.0000 | train_emotion_acc=100.00% | train_strategy_f1=50.00% | train_relation_acc=50.00% | elapsed=7232s
[Stage3-KO(select_bank_en_merged_r16)] | step 1000/1591 (62.9%) | loss=5.4344 | lm=2.2603 | strategy_loss=0.8769 | relation_loss=0.4925 | anchor=0.0000 | train_emotion_acc=100.00% | train_strategy_f1=40.00% | train_relation_acc=50.00% | elapsed=7303s
[Stage3-KO(select_bank_en_merged_r16)] | step 1010/1591 (63.5%) | loss=5.0915 | lm=2.8637 | strategy_loss=0.6713 | relation_loss=0.0412 | anchor=0.0000 | train_emotion_acc=100.00% | train_strategy_f1=50.00% | train_relation_acc=100.00% | elapsed=7375s
[Stage3-KO(select_bank_en_merged_r16)] | step 1020/1591 (64.1%) | loss=5.3844 | lm=2.5645 | strategy_loss=0.7811 | relation_loss=0.4273 | anchor=0.0000 | train_emotion_acc=100.00% | train_strategy_f1=50.00% | train_relation_acc=100.00% | elapsed=7447s
[Stage3-KO(select_bank_en_merged_r16)] | step 1030/1591 (64.7%) | loss=4.5184 | lm=1.9665 | strategy_loss=0.7564 | relation_loss=0.0096 | anchor=0.0000 | train_emotion_acc=50.00% | train_strategy_f1=20.00% | train_relation_acc=100.00% | elapsed=7518s
[Stage3-KO(select_bank_en_merged_r16)] | step 1040/1591 (65.4%) | loss=5.7760 | lm=2.9402 | strategy_loss=0.8786 | relation_loss=0.0471 | anchor=0.0000 | train_emotion_acc=100.00% | train_strategy_f1=33.33% | train_relation_acc=100.00% | elapsed=7591s
[Stage3-KO(select_bank_en_merged_r16)] | step 1050/1591 (66.0%) | loss=5.6023 | lm=2.7369 | strategy_loss=0.8664 | relation_loss=0.1096 | anchor=0.0000 | train_emotion_acc=100.00% | train_strategy_f1=60.00% | train_relation_acc=100.00% | elapsed=7663s
[Stage3-KO(select_bank_en_merged_r16)] | step 1060/1591 (66.6%) | loss=4.9096 | lm=2.6130 | strategy_loss=0.5797 | relation_loss=0.4848 | anchor=0.0000 | train_emotion_acc=100.00% | train_strategy_f1=75.00% | train_relation_acc=100.00% | elapsed=7735s
[Stage3-KO(select_bank_en_merged_r16)] | step 1070/1591 (67.3%) | loss=4.8799 | lm=2.5573 | strategy_loss=0.7012 | relation_loss=0.0314 | anchor=0.0000 | train_emotion_acc=100.00% | train_strategy_f1=60.00% | train_relation_acc=100.00% | elapsed=7807s
[Stage3-KO(select_bank_en_merged_r16)] | step 1080/1591 (67.9%) | loss=4.3181 | lm=2.1335 | strategy_loss=0.6289 | relation_loss=0.1004 | anchor=0.0000 | train_emotion_acc=100.00% | train_strategy_f1=100.00% | train_relation_acc=100.00% | elapsed=7880s
[Stage3-KO(select_bank_en_merged_r16)] | step 1090/1591 (68.5%) | loss=5.3551 | lm=2.9072 | strategy_loss=0.7387 | relation_loss=0.0222 | anchor=0.0000 | train_emotion_acc=100.00% | train_strategy_f1=50.00% | train_relation_acc=100.00% | elapsed=7951s
[Stage3-KO(select_bank_en_merged_r16)] | step 1100/1591 (69.1%) | loss=5.6059 | lm=2.5063 | strategy_loss=0.6925 | relation_loss=1.0750 | anchor=0.0000 | train_emotion_acc=100.00% | train_strategy_f1=50.00% | train_relation_acc=50.00% | elapsed=8024s
[Stage3-KO(select_bank_en_merged_r16)] | step 1110/1591 (69.8%) | loss=8.2618 | lm=2.5813 | strategy_loss=1.6899 | relation_loss=0.3730 | anchor=0.0000 | train_emotion_acc=100.00% | train_strategy_f1=28.57% | train_relation_acc=100.00% | elapsed=8095s
[Stage3-KO(select_bank_en_merged_r16)] | step 1120/1591 (70.4%) | loss=5.9965 | lm=2.0318 | strategy_loss=1.0617 | relation_loss=0.5917 | anchor=0.0000 | train_emotion_acc=100.00% | train_strategy_f1=28.57% | train_relation_acc=50.00% | elapsed=8167s
[Stage3-KO(select_bank_en_merged_r16)] | step 1130/1591 (71.0%) | loss=5.3452 | lm=3.0527 | strategy_loss=0.6659 | relation_loss=0.2233 | anchor=0.0000 | train_emotion_acc=100.00% | train_strategy_f1=40.00% | train_relation_acc=100.00% | elapsed=8239s
[Stage3-KO(select_bank_en_merged_r16)] | step 1140/1591 (71.7%) | loss=4.9612 | lm=2.6993 | strategy_loss=0.6591 | relation_loss=0.0022 | anchor=0.0000 | train_emotion_acc=50.00% | train_strategy_f1=50.00% | train_relation_acc=100.00% | elapsed=8310s
[Stage3-KO(select_bank_en_merged_r16)] | step 1150/1591 (72.3%) | loss=4.6977 | lm=2.5859 | strategy_loss=0.5409 | relation_loss=0.1260 | anchor=0.0000 | train_emotion_acc=50.00% | train_strategy_f1=75.00% | train_relation_acc=100.00% | elapsed=8381s
[Stage3-KO(select_bank_en_merged_r16)] | step 1160/1591 (72.9%) | loss=5.0647 | lm=1.8676 | strategy_loss=0.6857 | relation_loss=1.2795 | anchor=0.0000 | train_emotion_acc=100.00% | train_strategy_f1=40.00% | train_relation_acc=50.00% | elapsed=8454s
[Stage3-KO(select_bank_en_merged_r16)] | step 1170/1591 (73.5%) | loss=4.8665 | lm=2.4102 | strategy_loss=0.5942 | relation_loss=0.5821 | anchor=0.0000 | train_emotion_acc=100.00% | train_strategy_f1=80.00% | train_relation_acc=100.00% | elapsed=8524s
[Stage3-KO(select_bank_en_merged_r16)] | step 1180/1591 (74.2%) | loss=4.7236 | lm=2.4899 | strategy_loss=0.6250 | relation_loss=0.2407 | anchor=0.0000 | train_emotion_acc=100.00% | train_strategy_f1=60.00% | train_relation_acc=100.00% | elapsed=8596s
[Stage3-KO(select_bank_en_merged_r16)] | step 1190/1591 (74.8%) | loss=5.5431 | lm=2.2447 | strategy_loss=1.0349 | relation_loss=0.0005 | anchor=0.0000 | train_emotion_acc=100.00% | train_strategy_f1=33.33% | train_relation_acc=100.00% | elapsed=8667s
[Stage3-KO(select_bank_en_merged_r16)] | step 1200/1591 (75.4%) | loss=6.9728 | lm=2.0365 | strategy_loss=1.0942 | relation_loss=1.6966 | anchor=0.0000 | train_emotion_acc=50.00% | train_strategy_f1=42.86% | train_relation_acc=50.00% | elapsed=8740s
[Stage3-KO(select_bank_en_merged_r16)] EVAL @1200 (valid) | EMOTION=87.00% | RELATION=96.00% | STRATEGY=68.83% | STRATEGY_HAMMING=66.38% | loss=4.7703 | lm_loss=2.2990 | emotion_loss=0.4575 | strategy_loss=0.7047 | relation_loss=0.1772
[Stage3-KO(select_bank_en_merged_r16)] | step 1210/1591 (76.1%) | loss=4.5582 | lm=1.5009 | strategy_loss=0.6338 | relation_loss=1.2052 | anchor=0.0000 | train_emotion_acc=50.00% | train_strategy_f1=50.00% | train_relation_acc=50.00% | elapsed=8856s
[Stage3-KO(select_bank_en_merged_r16)] | step 1220/1591 (76.7%) | loss=5.1689 | lm=2.0977 | strategy_loss=0.6400 | relation_loss=1.1352 | anchor=0.0000 | train_emotion_acc=100.00% | train_strategy_f1=80.00% | train_relation_acc=50.00% | elapsed=8926s
[Stage3-KO(select_bank_en_merged_r16)] | step 1230/1591 (77.3%) | loss=4.3565 | lm=2.4333 | strategy_loss=0.6023 | relation_loss=0.0275 | anchor=0.0000 | train_emotion_acc=100.00% | train_strategy_f1=66.67% | train_relation_acc=100.00% | elapsed=8998s
[Stage3-KO(select_bank_en_merged_r16)] | step 1240/1591 (77.9%) | loss=5.0318 | lm=2.2747 | strategy_loss=0.6767 | relation_loss=0.6647 | anchor=0.0000 | train_emotion_acc=100.00% | train_strategy_f1=50.00% | train_relation_acc=50.00% | elapsed=9071s
[Stage3-KO(select_bank_en_merged_r16)] | step 1250/1591 (78.6%) | loss=5.6064 | lm=2.5306 | strategy_loss=0.7956 | relation_loss=0.3103 | anchor=0.0000 | train_emotion_acc=50.00% | train_strategy_f1=33.33% | train_relation_acc=100.00% | elapsed=9141s
[Stage3-KO(select_bank_en_merged_r16)] | step 1260/1591 (79.2%) | loss=5.2319 | lm=2.5979 | strategy_loss=0.7602 | relation_loss=0.0948 | anchor=0.0000 | train_emotion_acc=50.00% | train_strategy_f1=33.33% | train_relation_acc=100.00% | elapsed=9214s
[Stage3-KO(select_bank_en_merged_r16)] | step 1270/1591 (79.8%) | loss=3.7501 | lm=2.3765 | strategy_loss=0.4236 | relation_loss=0.0087 | anchor=0.0000 | train_emotion_acc=100.00% | train_strategy_f1=100.00% | train_relation_acc=100.00% | elapsed=9283s
[Stage3-KO(select_bank_en_merged_r16)] | step 1280/1591 (80.5%) | loss=4.1151 | lm=1.5068 | strategy_loss=0.7720 | relation_loss=0.0008 | anchor=0.0000 | train_emotion_acc=100.00% | train_strategy_f1=50.00% | train_relation_acc=100.00% | elapsed=9355s
[Stage3-KO(select_bank_en_merged_r16)] | step 1290/1591 (81.1%) | loss=4.4648 | lm=2.4926 | strategy_loss=0.6215 | relation_loss=0.0139 | anchor=0.0000 | train_emotion_acc=100.00% | train_strategy_f1=100.00% | train_relation_acc=100.00% | elapsed=9426s
[Stage3-KO(select_bank_en_merged_r16)] | step 1300/1591 (81.7%) | loss=6.4192 | lm=2.5006 | strategy_loss=1.1648 | relation_loss=0.0578 | anchor=0.0000 | train_emotion_acc=50.00% | train_strategy_f1=57.14% | train_relation_acc=100.00% | elapsed=9498s
[Stage3-KO(select_bank_en_merged_r16)] | step 1310/1591 (82.3%) | loss=4.3915 | lm=1.7773 | strategy_loss=0.7862 | relation_loss=0.0396 | anchor=0.0000 | train_emotion_acc=100.00% | train_strategy_f1=33.33% | train_relation_acc=100.00% | elapsed=9569s
[Stage3-KO(select_bank_en_merged_r16)] | step 1320/1591 (83.0%) | loss=4.8306 | lm=2.2643 | strategy_loss=0.8048 | relation_loss=0.0108 | anchor=0.0000 | train_emotion_acc=100.00% | train_strategy_f1=25.00% | train_relation_acc=100.00% | elapsed=9641s
[Stage3-KO(select_bank_en_merged_r16)] | step 1330/1591 (83.6%) | loss=5.1028 | lm=2.4515 | strategy_loss=0.7399 | relation_loss=0.0266 | anchor=0.0000 | train_emotion_acc=50.00% | train_strategy_f1=40.00% | train_relation_acc=100.00% | elapsed=9712s
[Stage3-KO(select_bank_en_merged_r16)] | step 1340/1591 (84.2%) | loss=5.5028 | lm=2.4167 | strategy_loss=0.8728 | relation_loss=0.1851 | anchor=0.0000 | train_emotion_acc=50.00% | train_strategy_f1=33.33% | train_relation_acc=100.00% | elapsed=9783s
[Stage3-KO(select_bank_en_merged_r16)] | step 1350/1591 (84.9%) | loss=5.3357 | lm=2.4748 | strategy_loss=0.7761 | relation_loss=0.5207 | anchor=0.0000 | train_emotion_acc=100.00% | train_strategy_f1=33.33% | train_relation_acc=50.00% | elapsed=9855s
[Stage3-KO(select_bank_en_merged_r16)] | step 1360/1591 (85.5%) | loss=5.2772 | lm=2.6532 | strategy_loss=0.7172 | relation_loss=0.0514 | anchor=0.0000 | train_emotion_acc=50.00% | train_strategy_f1=33.33% | train_relation_acc=100.00% | elapsed=9927s
[Stage3-KO(select_bank_en_merged_r16)] | step 1370/1591 (86.1%) | loss=4.6867 | lm=2.2385 | strategy_loss=0.7758 | relation_loss=0.0016 | anchor=0.0000 | train_emotion_acc=100.00% | train_strategy_f1=25.00% | train_relation_acc=100.00% | elapsed=9998s
[Stage3-KO(select_bank_en_merged_r16)] | step 1380/1591 (86.7%) | loss=4.0276 | lm=2.2055 | strategy_loss=0.4898 | relation_loss=0.0155 | anchor=0.0000 | train_emotion_acc=50.00% | train_strategy_f1=60.00% | train_relation_acc=100.00% | elapsed=10069s
[Stage3-KO(select_bank_en_merged_r16)] | step 1390/1591 (87.4%) | loss=4.4629 | lm=2.1360 | strategy_loss=0.6366 | relation_loss=0.3063 | anchor=0.0000 | train_emotion_acc=100.00% | train_strategy_f1=50.00% | train_relation_acc=100.00% | elapsed=10141s
[Stage3-KO(select_bank_en_merged_r16)] | step 1400/1591 (88.0%) | loss=6.4020 | lm=2.2547 | strategy_loss=0.5387 | relation_loss=2.9428 | anchor=0.0000 | train_emotion_acc=100.00% | train_strategy_f1=50.00% | train_relation_acc=50.00% | elapsed=10213s
[Stage3-KO(select_bank_en_merged_r16)] | step 1410/1591 (88.6%) | loss=5.4844 | lm=2.8525 | strategy_loss=0.7879 | relation_loss=0.1604 | anchor=0.0000 | train_emotion_acc=100.00% | train_strategy_f1=60.00% | train_relation_acc=100.00% | elapsed=10285s
[Stage3-KO(select_bank_en_merged_r16)] | step 1420/1591 (89.3%) | loss=3.5546 | lm=2.1114 | strategy_loss=0.4001 | relation_loss=0.1787 | anchor=0.0000 | train_emotion_acc=100.00% | train_strategy_f1=75.00% | train_relation_acc=100.00% | elapsed=10356s
[Stage3-KO(select_bank_en_merged_r16)] | step 1430/1591 (89.9%) | loss=4.9390 | lm=2.0902 | strategy_loss=0.7055 | relation_loss=0.1404 | anchor=0.0000 | train_emotion_acc=50.00% | train_strategy_f1=25.00% | train_relation_acc=100.00% | elapsed=10428s
[Stage3-KO(select_bank_en_merged_r16)] | step 1440/1591 (90.5%) | loss=4.7518 | lm=2.5515 | strategy_loss=0.4869 | relation_loss=0.7877 | anchor=0.0000 | train_emotion_acc=100.00% | train_strategy_f1=100.00% | train_relation_acc=50.00% | elapsed=10500s
[Stage3-KO(select_bank_en_merged_r16)] | step 1450/1591 (91.1%) | loss=8.1280 | lm=2.8562 | strategy_loss=1.4485 | relation_loss=0.6214 | anchor=0.0000 | train_emotion_acc=50.00% | train_strategy_f1=25.00% | train_relation_acc=50.00% | elapsed=10572s
[Stage3-KO(select_bank_en_merged_r16)] | step 1460/1591 (91.8%) | loss=4.0094 | lm=1.5708 | strategy_loss=0.7347 | relation_loss=0.1086 | anchor=0.0000 | train_emotion_acc=100.00% | train_strategy_f1=66.67% | train_relation_acc=100.00% | elapsed=10645s
[Stage3-KO(select_bank_en_merged_r16)] | step 1470/1591 (92.4%) | loss=3.8963 | lm=1.8437 | strategy_loss=0.5964 | relation_loss=0.1794 | anchor=0.0000 | train_emotion_acc=100.00% | train_strategy_f1=60.00% | train_relation_acc=100.00% | elapsed=10717s
[Stage3-KO(select_bank_en_merged_r16)] | step 1480/1591 (93.0%) | loss=4.8636 | lm=2.4038 | strategy_loss=0.6246 | relation_loss=0.5183 | anchor=0.0000 | train_emotion_acc=100.00% | train_strategy_f1=50.00% | train_relation_acc=50.00% | elapsed=10789s
[Stage3-KO(select_bank_en_merged_r16)] | step 1490/1591 (93.7%) | loss=4.7795 | lm=2.0954 | strategy_loss=0.7850 | relation_loss=0.1242 | anchor=0.0000 | train_emotion_acc=50.00% | train_strategy_f1=33.33% | train_relation_acc=100.00% | elapsed=10860s
[Stage3-KO(select_bank_en_merged_r16)] | step 1500/1591 (94.3%) | loss=4.8544 | lm=2.1568 | strategy_loss=0.7734 | relation_loss=0.3113 | anchor=0.0000 | train_emotion_acc=100.00% | train_strategy_f1=33.33% | train_relation_acc=100.00% | elapsed=10933s
[Stage3-KO(select_bank_en_merged_r16)] | step 1510/1591 (94.9%) | loss=4.9401 | lm=2.7874 | strategy_loss=0.5762 | relation_loss=0.0018 | anchor=0.0000 | train_emotion_acc=50.00% | train_strategy_f1=40.00% | train_relation_acc=100.00% | elapsed=11005s
[Stage3-KO(select_bank_en_merged_r16)] | step 1520/1591 (95.5%) | loss=6.1869 | lm=2.0499 | strategy_loss=1.2632 | relation_loss=0.0068 | anchor=0.0000 | train_emotion_acc=100.00% | train_strategy_f1=42.86% | train_relation_acc=100.00% | elapsed=11078s
[Stage3-KO(select_bank_en_merged_r16)] | step 1530/1591 (96.2%) | loss=5.2916 | lm=2.3900 | strategy_loss=0.7838 | relation_loss=0.2192 | anchor=0.0000 | train_emotion_acc=50.00% | train_strategy_f1=50.00% | train_relation_acc=100.00% | elapsed=11150s
[Stage3-KO(select_bank_en_merged_r16)] | step 1540/1591 (96.8%) | loss=4.9211 | lm=2.2543 | strategy_loss=0.7344 | relation_loss=0.4178 | anchor=0.0000 | train_emotion_acc=100.00% | train_strategy_f1=20.00% | train_relation_acc=50.00% | elapsed=11222s
[Stage3-KO(select_bank_en_merged_r16)] | step 1550/1591 (97.4%) | loss=5.6566 | lm=2.9051 | strategy_loss=0.7879 | relation_loss=0.3400 | anchor=0.0000 | train_emotion_acc=100.00% | train_strategy_f1=50.00% | train_relation_acc=100.00% | elapsed=11294s
[Stage3-KO(select_bank_en_merged_r16)] | step 1560/1591 (98.1%) | loss=4.6626 | lm=2.3819 | strategy_loss=0.6543 | relation_loss=0.0085 | anchor=0.0000 | train_emotion_acc=100.00% | train_strategy_f1=40.00% | train_relation_acc=100.00% | elapsed=11365s
[Stage3-KO(select_bank_en_merged_r16)] | step 1570/1591 (98.7%) | loss=5.3258 | lm=2.9737 | strategy_loss=0.5596 | relation_loss=0.4979 | anchor=0.0000 | train_emotion_acc=50.00% | train_strategy_f1=100.00% | train_relation_acc=100.00% | elapsed=11437s
[Stage3-KO(select_bank_en_merged_r16)] | step 1580/1591 (99.3%) | loss=6.0369 | lm=2.7825 | strategy_loss=0.7823 | relation_loss=0.9169 | anchor=0.0000 | train_emotion_acc=100.00% | train_strategy_f1=60.00% | train_relation_acc=50.00% | elapsed=11508s
[Stage3-KO(select_bank_en_merged_r16)] | step 1590/1591 (99.9%) | loss=3.5951 | lm=1.9520 | strategy_loss=0.5011 | relation_loss=0.0274 | anchor=0.0000 | train_emotion_acc=100.00% | train_strategy_f1=50.00% | train_relation_acc=100.00% | elapsed=11580s
[Stage3-KO(select_bank_en_merged_r16)] FINAL | EMOTION=88.00% | RELATION=97.00% | STRATEGY=65.09% | STRATEGY_HAMMING=64.88%
[Stage3-KO(select_bank_en_merged_r16)] saved_to=/home/jbnu/jaehong/en-ko-empathy-lora/outputs/taffc/qwen/F16/s123
[Stage3-KO(select_bank_en_merged_r16)] init_mode=select_bank_en_merged_r16
[Stage3-KO(select_bank_en_merged_r16)] vram_peak_gb=37.061
[Stage3-KO(select_bank_en_merged_r16)] steps=1591
[Stage3-KO(select_bank_en_merged_r16)] progress -> /home/jbnu/jaehong/en-ko-empathy-lora/outputs/taffc/qwen/F16/s123/progress.json
[TRAIN] outputs/taffc/qwen/B16/s123 seed=123
device=cuda
cuda_device=NVIDIA L40S
train=25456 valid=3182 A=6 S=4 R=7 strategy_scope=utterance
Warning: You are sending unauthenticated requests to the HF Hub. Please set a HF_TOKEN to enable higher rate limits and faster downloads.
Fetching 4 files:   0%|          | 0/4 [00:00<?, ?it/s]Fetching 4 files: 100%|██████████| 4/4 [00:00<00:00, 23140.99it/s]
[transformers] The fast path is not available because one of the required library is not installed. Falling back to torch implementation. To install follow https://github.com/fla-org/flash-linear-attention#installation and https://github.com/Dao-AILab/causal-conv1d
Loading weights:   0%|          | 0/427 [00:00<?, ?it/s]Loading weights: 100%|██████████| 427/427 [00:00<00:00, 7672.23it/s]
bitsandbytes library load error: Configured CUDA binary not found at /home/jbnu/jupyter-env/lib/python3.12/site-packages/bitsandbytes/libbitsandbytes_cuda130.so
 If you are using Intel CPU/XPU, please install intel_extension_for_pytorch to enable required ops
Traceback (most recent call last):
  File "/home/jbnu/jupyter-env/lib/python3.12/site-packages/bitsandbytes/cextension.py", line 318, in <module>
    lib = get_native_library()
          ^^^^^^^^^^^^^^^^^^^^
  File "/home/jbnu/jupyter-env/lib/python3.12/site-packages/bitsandbytes/cextension.py", line 282, in get_native_library
    raise RuntimeError(f"Configured {BNB_BACKEND} binary not found at {cuda_binary_path}")
RuntimeError: Configured CUDA binary not found at /home/jbnu/jupyter-env/lib/python3.12/site-packages/bitsandbytes/libbitsandbytes_cuda130.so
lora_init_mode=share_from_en
gates={'affect': 'share', 'strategy': 'relearn', 'relation': 'relearn', 'culture': 'suppress'}
strategy_pos_weight=[1.7157411575317383, 1.7157411575317383, 1.7157411575317383, 1.7157411575317383]
loss_weights emotion=0.350 strategy=1.800 relation=0.450 gate_conditioned=False curriculum=False
two_pass_affect=True
lr_lora=7.5e-05 lr_head=0.00015 freeze_lora=False trainable=20,783,121
[Stage3-KO(share_from_en)] model=Qwen/Qwen3.5-9B train=25456 valid=3182 init=share_from_en steps≈1591 S=multilabel gates={'affect': 'share', 'strategy': 'relearn', 'relation': 'relearn', 'culture': 'suppress'}
[Stage3-KO(share_from_en)] | step 1/1591 (0.1%) | loss=5.9740 | lm=2.7494 | strategy_loss=0.8370 | relation_loss=1.8888 | train_emotion_acc=0.00% | train_strategy_f1=33.33% | train_relation_acc=50.00% | elapsed=7s
[Stage3-KO(share_from_en)] | step 10/1591 (0.6%) | loss=5.2818 | lm=2.1972 | strategy_loss=0.7679 | relation_loss=2.1162 | train_emotion_acc=0.00% | train_strategy_f1=50.00% | train_relation_acc=0.00% | elapsed=71s
[Stage3-KO(share_from_en)] | step 20/1591 (1.3%) | loss=5.6112 | lm=2.4039 | strategy_loss=0.9463 | relation_loss=1.9122 | train_emotion_acc=50.00% | train_strategy_f1=25.00% | train_relation_acc=50.00% | elapsed=139s
[Stage3-KO(share_from_en)] | step 30/1591 (1.9%) | loss=5.9462 | lm=2.9619 | strategy_loss=0.7950 | relation_loss=1.9417 | train_emotion_acc=0.00% | train_strategy_f1=33.33% | train_relation_acc=0.00% | elapsed=208s
[Stage3-KO(share_from_en)] | step 40/1591 (2.5%) | loss=5.2276 | lm=2.8365 | strategy_loss=0.5814 | relation_loss=1.6649 | train_emotion_acc=0.00% | train_strategy_f1=50.00% | train_relation_acc=50.00% | elapsed=277s
[Stage3-KO(share_from_en)] | step 50/1591 (3.1%) | loss=5.3265 | lm=2.6901 | strategy_loss=0.6319 | relation_loss=2.3441 | train_emotion_acc=50.00% | train_strategy_f1=33.33% | train_relation_acc=0.00% | elapsed=346s
[Stage3-KO(share_from_en)] | step 60/1591 (3.8%) | loss=5.5683 | lm=2.9413 | strategy_loss=0.7539 | relation_loss=1.5320 | train_emotion_acc=0.00% | train_strategy_f1=20.00% | train_relation_acc=50.00% | elapsed=415s
[Stage3-KO(share_from_en)] | step 70/1591 (4.4%) | loss=5.6569 | lm=2.9731 | strategy_loss=0.8759 | relation_loss=1.7734 | train_emotion_acc=100.00% | train_strategy_f1=16.67% | train_relation_acc=0.00% | elapsed=487s
[Stage3-KO(share_from_en)] | step 80/1591 (5.0%) | loss=4.5647 | lm=2.2175 | strategy_loss=0.6359 | relation_loss=1.3628 | train_emotion_acc=0.00% | train_strategy_f1=50.00% | train_relation_acc=50.00% | elapsed=557s
[Stage3-KO(share_from_en)] | step 90/1591 (5.7%) | loss=8.0225 | lm=3.6924 | strategy_loss=1.5165 | relation_loss=2.2331 | train_emotion_acc=50.00% | train_strategy_f1=16.67% | train_relation_acc=0.00% | elapsed=627s
[Stage3-KO(share_from_en)] | step 100/1591 (6.3%) | loss=4.5717 | lm=2.8601 | strategy_loss=0.5491 | relation_loss=0.4671 | train_emotion_acc=50.00% | train_strategy_f1=80.00% | train_relation_acc=100.00% | elapsed=698s
[Stage3-KO(share_from_en)] | step 110/1591 (6.9%) | loss=5.0315 | lm=2.7932 | strategy_loss=0.6726 | relation_loss=1.1524 | train_emotion_acc=50.00% | train_strategy_f1=50.00% | train_relation_acc=50.00% | elapsed=769s
[Stage3-KO(share_from_en)] | step 120/1591 (7.5%) | loss=5.8271 | lm=2.8950 | strategy_loss=1.1766 | relation_loss=0.5503 | train_emotion_acc=50.00% | train_strategy_f1=14.29% | train_relation_acc=50.00% | elapsed=839s
[Stage3-KO(share_from_en)] | step 130/1591 (8.2%) | loss=4.4021 | lm=2.2980 | strategy_loss=0.6745 | relation_loss=0.7861 | train_emotion_acc=50.00% | train_strategy_f1=40.00% | train_relation_acc=50.00% | elapsed=910s
[Stage3-KO(share_from_en)] | step 140/1591 (8.8%) | loss=5.0863 | lm=2.0844 | strategy_loss=0.8136 | relation_loss=2.2344 | train_emotion_acc=0.00% | train_strategy_f1=16.67% | train_relation_acc=50.00% | elapsed=980s
[Stage3-KO(share_from_en)] | step 150/1591 (9.4%) | loss=3.7186 | lm=2.4845 | strategy_loss=0.4664 | relation_loss=0.0670 | train_emotion_acc=100.00% | train_strategy_f1=75.00% | train_relation_acc=100.00% | elapsed=1051s
[Stage3-KO(share_from_en)] | step 160/1591 (10.1%) | loss=3.4277 | lm=1.9183 | strategy_loss=0.7147 | relation_loss=0.0837 | train_emotion_acc=100.00% | train_strategy_f1=60.00% | train_relation_acc=100.00% | elapsed=1120s
[Stage3-KO(share_from_en)] | step 170/1591 (10.7%) | loss=4.4625 | lm=2.6894 | strategy_loss=0.6638 | relation_loss=0.2915 | train_emotion_acc=50.00% | train_strategy_f1=60.00% | train_relation_acc=100.00% | elapsed=1189s
[Stage3-KO(share_from_en)] | step 180/1591 (11.3%) | loss=3.4333 | lm=2.2281 | strategy_loss=0.5150 | relation_loss=0.0489 | train_emotion_acc=100.00% | train_strategy_f1=80.00% | train_relation_acc=100.00% | elapsed=1260s
[Stage3-KO(share_from_en)] | step 190/1591 (11.9%) | loss=4.3488 | lm=2.7627 | strategy_loss=0.6047 | relation_loss=0.6390 | train_emotion_acc=100.00% | train_strategy_f1=75.00% | train_relation_acc=50.00% | elapsed=1331s
[Stage3-KO(share_from_en)] | step 200/1591 (12.6%) | loss=4.6647 | lm=2.6084 | strategy_loss=0.7181 | relation_loss=0.9269 | train_emotion_acc=100.00% | train_strategy_f1=50.00% | train_relation_acc=50.00% | elapsed=1400s
[Stage3-KO(share_from_en)] | step 210/1591 (13.2%) | loss=3.9110 | lm=2.3320 | strategy_loss=0.6750 | relation_loss=0.4444 | train_emotion_acc=100.00% | train_strategy_f1=60.00% | train_relation_acc=50.00% | elapsed=1469s
[Stage3-KO(share_from_en)] | step 220/1591 (13.8%) | loss=3.9068 | lm=2.1754 | strategy_loss=0.8928 | relation_loss=0.0225 | train_emotion_acc=100.00% | train_strategy_f1=20.00% | train_relation_acc=100.00% | elapsed=1538s
[Stage3-KO(share_from_en)] | step 230/1591 (14.5%) | loss=4.4075 | lm=2.0404 | strategy_loss=0.5774 | relation_loss=1.9920 | train_emotion_acc=50.00% | train_strategy_f1=66.67% | train_relation_acc=0.00% | elapsed=1609s
[Stage3-KO(share_from_en)] | step 240/1591 (15.1%) | loss=4.8564 | lm=2.7223 | strategy_loss=0.7308 | relation_loss=0.3013 | train_emotion_acc=50.00% | train_strategy_f1=50.00% | train_relation_acc=100.00% | elapsed=1680s
[Stage3-KO(share_from_en)] | step 250/1591 (15.7%) | loss=5.0163 | lm=2.7199 | strategy_loss=0.7158 | relation_loss=1.2534 | train_emotion_acc=50.00% | train_strategy_f1=40.00% | train_relation_acc=50.00% | elapsed=1750s
[Stage3-KO(share_from_en)] | step 260/1591 (16.3%) | loss=5.6947 | lm=2.6713 | strategy_loss=1.2621 | relation_loss=0.1032 | train_emotion_acc=0.00% | train_strategy_f1=14.29% | train_relation_acc=100.00% | elapsed=1818s
[Stage3-KO(share_from_en)] | step 270/1591 (17.0%) | loss=4.8290 | lm=2.0453 | strategy_loss=0.7243 | relation_loss=2.2872 | train_emotion_acc=50.00% | train_strategy_f1=60.00% | train_relation_acc=50.00% | elapsed=1888s
[Stage3-KO(share_from_en)] | step 280/1591 (17.6%) | loss=4.1170 | lm=2.4246 | strategy_loss=0.7647 | relation_loss=0.0042 | train_emotion_acc=100.00% | train_strategy_f1=66.67% | train_relation_acc=100.00% | elapsed=1957s
[Stage3-KO(share_from_en)] | step 290/1591 (18.2%) | loss=4.4135 | lm=2.7606 | strategy_loss=0.7465 | relation_loss=0.2811 | train_emotion_acc=100.00% | train_strategy_f1=50.00% | train_relation_acc=100.00% | elapsed=2027s
[Stage3-KO(share_from_en)] | step 300/1591 (18.9%) | loss=3.6272 | lm=2.3721 | strategy_loss=0.4738 | relation_loss=0.4503 | train_emotion_acc=100.00% | train_strategy_f1=100.00% | train_relation_acc=100.00% | elapsed=2097s
[Stage3-KO(share_from_en)] | step 310/1591 (19.5%) | loss=4.3048 | lm=2.4481 | strategy_loss=0.7934 | relation_loss=0.6802 | train_emotion_acc=100.00% | train_strategy_f1=40.00% | train_relation_acc=50.00% | elapsed=2167s
[Stage3-KO(share_from_en)] | step 320/1591 (20.1%) | loss=4.4436 | lm=2.6307 | strategy_loss=0.6732 | relation_loss=0.5693 | train_emotion_acc=50.00% | train_strategy_f1=60.00% | train_relation_acc=100.00% | elapsed=2237s
[Stage3-KO(share_from_en)] | step 330/1591 (20.7%) | loss=4.4765 | lm=2.8055 | strategy_loss=0.6849 | relation_loss=0.2840 | train_emotion_acc=50.00% | train_strategy_f1=60.00% | train_relation_acc=100.00% | elapsed=2306s
[Stage3-KO(share_from_en)] | step 340/1591 (21.4%) | loss=4.2739 | lm=2.3293 | strategy_loss=0.6890 | relation_loss=0.9209 | train_emotion_acc=100.00% | train_strategy_f1=66.67% | train_relation_acc=50.00% | elapsed=2376s
[Stage3-KO(share_from_en)] | step 350/1591 (22.0%) | loss=4.2237 | lm=1.8981 | strategy_loss=0.6905 | relation_loss=1.5910 | train_emotion_acc=50.00% | train_strategy_f1=40.00% | train_relation_acc=0.00% | elapsed=2445s
[Stage3-KO(share_from_en)] | step 360/1591 (22.6%) | loss=5.0269 | lm=2.6808 | strategy_loss=1.1769 | relation_loss=0.0598 | train_emotion_acc=100.00% | train_strategy_f1=28.57% | train_relation_acc=100.00% | elapsed=2514s
[Stage3-KO(share_from_en)] | step 370/1591 (23.3%) | loss=3.9727 | lm=2.5310 | strategy_loss=0.7398 | relation_loss=0.0028 | train_emotion_acc=100.00% | train_strategy_f1=33.33% | train_relation_acc=100.00% | elapsed=2583s
[Stage3-KO(share_from_en)] | step 380/1591 (23.9%) | loss=4.5830 | lm=2.0447 | strategy_loss=0.9142 | relation_loss=1.2365 | train_emotion_acc=50.00% | train_strategy_f1=16.67% | train_relation_acc=0.00% | elapsed=2653s
[Stage3-KO(share_from_en)] | step 390/1591 (24.5%) | loss=3.9498 | lm=2.0918 | strategy_loss=0.7948 | relation_loss=0.5092 | train_emotion_acc=100.00% | train_strategy_f1=33.33% | train_relation_acc=50.00% | elapsed=2721s
[Stage3-KO(share_from_en)] | step 400/1591 (25.1%) | loss=3.8557 | lm=2.0611 | strategy_loss=0.8376 | relation_loss=0.1089 | train_emotion_acc=100.00% | train_strategy_f1=33.33% | train_relation_acc=100.00% | elapsed=2790s
[Stage3-KO(share_from_en)] EVAL @400 (valid) | EMOTION=72.00% | RELATION=97.50% | STRATEGY=66.89% | STRATEGY_HAMMING=63.12% | loss=4.0996 | lm_loss=2.3860 | emotion_loss=0.8909 | strategy_loss=0.7347 | relation_loss=0.1765
[Stage3-KO(share_from_en)] | step 410/1591 (25.8%) | loss=3.8667 | lm=2.2784 | strategy_loss=0.6711 | relation_loss=0.4937 | train_emotion_acc=100.00% | train_strategy_f1=50.00% | train_relation_acc=50.00% | elapsed=2904s
[Stage3-KO(share_from_en)] | step 420/1591 (26.4%) | loss=4.5193 | lm=2.3175 | strategy_loss=0.5960 | relation_loss=2.1957 | train_emotion_acc=100.00% | train_strategy_f1=20.00% | train_relation_acc=50.00% | elapsed=2974s
[Stage3-KO(share_from_en)] | step 430/1591 (27.0%) | loss=4.3942 | lm=2.2617 | strategy_loss=0.8045 | relation_loss=0.0173 | train_emotion_acc=50.00% | train_strategy_f1=50.00% | train_relation_acc=100.00% | elapsed=3043s
[Stage3-KO(share_from_en)] | step 440/1591 (27.7%) | loss=4.3479 | lm=2.6201 | strategy_loss=0.8103 | relation_loss=0.2607 | train_emotion_acc=100.00% | train_strategy_f1=60.00% | train_relation_acc=100.00% | elapsed=3112s
[Stage3-KO(share_from_en)] | step 450/1591 (28.3%) | loss=3.8033 | lm=2.5603 | strategy_loss=0.5161 | relation_loss=0.1397 | train_emotion_acc=50.00% | train_strategy_f1=100.00% | train_relation_acc=100.00% | elapsed=3182s
[Stage3-KO(share_from_en)] | step 460/1591 (28.9%) | loss=4.9147 | lm=1.9516 | strategy_loss=0.9065 | relation_loss=1.7421 | train_emotion_acc=0.00% | train_strategy_f1=20.00% | train_relation_acc=50.00% | elapsed=3250s
[Stage3-KO(share_from_en)] | step 470/1591 (29.5%) | loss=4.3688 | lm=2.5640 | strategy_loss=0.7113 | relation_loss=0.5701 | train_emotion_acc=50.00% | train_strategy_f1=16.67% | train_relation_acc=50.00% | elapsed=3320s
[Stage3-KO(share_from_en)] | step 480/1591 (30.2%) | loss=4.8962 | lm=2.6088 | strategy_loss=0.8638 | relation_loss=0.4013 | train_emotion_acc=50.00% | train_strategy_f1=16.67% | train_relation_acc=100.00% | elapsed=3389s
[Stage3-KO(share_from_en)] | step 490/1591 (30.8%) | loss=5.1399 | lm=3.0811 | strategy_loss=1.0187 | relation_loss=0.0973 | train_emotion_acc=100.00% | train_strategy_f1=50.00% | train_relation_acc=100.00% | elapsed=3457s
[Stage3-KO(share_from_en)] | step 500/1591 (31.4%) | loss=3.8466 | lm=1.7822 | strategy_loss=0.6362 | relation_loss=0.4412 | train_emotion_acc=0.00% | train_strategy_f1=60.00% | train_relation_acc=100.00% | elapsed=3527s
[Stage3-KO(share_from_en)] | step 510/1591 (32.1%) | loss=3.8401 | lm=2.2721 | strategy_loss=0.5724 | relation_loss=0.6544 | train_emotion_acc=50.00% | train_strategy_f1=60.00% | train_relation_acc=50.00% | elapsed=3595s
[Stage3-KO(share_from_en)] | step 520/1591 (32.7%) | loss=4.4335 | lm=2.4424 | strategy_loss=0.6321 | relation_loss=1.4207 | train_emotion_acc=100.00% | train_strategy_f1=40.00% | train_relation_acc=0.00% | elapsed=3665s
[Stage3-KO(share_from_en)] | step 530/1591 (33.3%) | loss=4.0206 | lm=2.3763 | strategy_loss=0.6205 | relation_loss=0.4765 | train_emotion_acc=50.00% | train_strategy_f1=60.00% | train_relation_acc=100.00% | elapsed=3736s
[Stage3-KO(share_from_en)] | step 540/1591 (33.9%) | loss=4.1083 | lm=2.2095 | strategy_loss=0.5699 | relation_loss=1.3271 | train_emotion_acc=50.00% | train_strategy_f1=75.00% | train_relation_acc=50.00% | elapsed=3807s
[Stage3-KO(share_from_en)] | step 550/1591 (34.6%) | loss=4.0041 | lm=2.1627 | strategy_loss=0.7061 | relation_loss=0.4254 | train_emotion_acc=50.00% | train_strategy_f1=40.00% | train_relation_acc=100.00% | elapsed=3877s
[Stage3-KO(share_from_en)] | step 560/1591 (35.2%) | loss=3.8010 | lm=2.3556 | strategy_loss=0.7108 | relation_loss=0.0302 | train_emotion_acc=100.00% | train_strategy_f1=60.00% | train_relation_acc=100.00% | elapsed=3946s
[Stage3-KO(share_from_en)] | step 570/1591 (35.8%) | loss=3.8517 | lm=2.1483 | strategy_loss=0.6153 | relation_loss=0.5565 | train_emotion_acc=50.00% | train_strategy_f1=60.00% | train_relation_acc=100.00% | elapsed=4017s
[Stage3-KO(share_from_en)] | step 580/1591 (36.5%) | loss=4.4506 | lm=2.5214 | strategy_loss=0.8336 | relation_loss=0.2544 | train_emotion_acc=50.00% | train_strategy_f1=33.33% | train_relation_acc=100.00% | elapsed=4086s
[Stage3-KO(share_from_en)] | step 590/1591 (37.1%) | loss=4.1400 | lm=2.2820 | strategy_loss=0.9101 | relation_loss=0.0011 | train_emotion_acc=100.00% | train_strategy_f1=16.67% | train_relation_acc=100.00% | elapsed=4155s
[Stage3-KO(share_from_en)] | step 600/1591 (37.7%) | loss=4.8133 | lm=2.4369 | strategy_loss=0.7196 | relation_loss=1.3059 | train_emotion_acc=50.00% | train_strategy_f1=25.00% | train_relation_acc=50.00% | elapsed=4224s
[Stage3-KO(share_from_en)] | step 610/1591 (38.3%) | loss=3.6971 | lm=2.4691 | strategy_loss=0.4989 | relation_loss=0.5504 | train_emotion_acc=100.00% | train_strategy_f1=40.00% | train_relation_acc=50.00% | elapsed=4292s
[Stage3-KO(share_from_en)] | step 620/1591 (39.0%) | loss=3.7208 | lm=2.3962 | strategy_loss=0.5558 | relation_loss=0.3477 | train_emotion_acc=100.00% | train_strategy_f1=80.00% | train_relation_acc=100.00% | elapsed=4362s
[Stage3-KO(share_from_en)] | step 630/1591 (39.6%) | loss=3.5502 | lm=2.1947 | strategy_loss=0.7370 | relation_loss=0.0025 | train_emotion_acc=100.00% | train_strategy_f1=50.00% | train_relation_acc=100.00% | elapsed=4431s
[Stage3-KO(share_from_en)] | step 640/1591 (40.2%) | loss=3.5463 | lm=2.1852 | strategy_loss=0.6312 | relation_loss=0.2697 | train_emotion_acc=100.00% | train_strategy_f1=40.00% | train_relation_acc=100.00% | elapsed=4500s
[Stage3-KO(share_from_en)] | step 650/1591 (40.9%) | loss=3.9352 | lm=2.3051 | strategy_loss=0.6300 | relation_loss=0.2181 | train_emotion_acc=50.00% | train_strategy_f1=40.00% | train_relation_acc=100.00% | elapsed=4568s
[Stage3-KO(share_from_en)] | step 660/1591 (41.5%) | loss=3.9567 | lm=2.1957 | strategy_loss=0.6731 | relation_loss=0.2156 | train_emotion_acc=50.00% | train_strategy_f1=60.00% | train_relation_acc=100.00% | elapsed=4637s
[Stage3-KO(share_from_en)] | step 670/1591 (42.1%) | loss=4.3881 | lm=2.7639 | strategy_loss=0.6892 | relation_loss=0.0174 | train_emotion_acc=50.00% | train_strategy_f1=80.00% | train_relation_acc=100.00% | elapsed=4706s
[Stage3-KO(share_from_en)] | step 680/1591 (42.7%) | loss=6.0824 | lm=2.7508 | strategy_loss=1.4562 | relation_loss=0.9682 | train_emotion_acc=50.00% | train_strategy_f1=16.67% | train_relation_acc=50.00% | elapsed=4776s
[Stage3-KO(share_from_en)] | step 690/1591 (43.4%) | loss=4.0310 | lm=2.3569 | strategy_loss=0.9124 | relation_loss=0.0646 | train_emotion_acc=100.00% | train_strategy_f1=40.00% | train_relation_acc=100.00% | elapsed=4845s
[Stage3-KO(share_from_en)] | step 700/1591 (44.0%) | loss=4.6229 | lm=2.6137 | strategy_loss=0.7454 | relation_loss=0.7889 | train_emotion_acc=100.00% | train_strategy_f1=33.33% | train_relation_acc=50.00% | elapsed=4914s
[Stage3-KO(share_from_en)] | step 710/1591 (44.6%) | loss=4.0600 | lm=2.8308 | strategy_loss=0.6004 | relation_loss=0.0078 | train_emotion_acc=100.00% | train_strategy_f1=40.00% | train_relation_acc=100.00% | elapsed=4983s
[Stage3-KO(share_from_en)] | step 720/1591 (45.3%) | loss=3.9264 | lm=2.5501 | strategy_loss=0.5945 | relation_loss=0.0366 | train_emotion_acc=100.00% | train_strategy_f1=40.00% | train_relation_acc=100.00% | elapsed=5052s
[Stage3-KO(share_from_en)] | step 730/1591 (45.9%) | loss=4.1237 | lm=2.8658 | strategy_loss=0.6713 | relation_loss=0.0369 | train_emotion_acc=100.00% | train_strategy_f1=40.00% | train_relation_acc=100.00% | elapsed=5121s
[Stage3-KO(share_from_en)] | step 740/1591 (46.5%) | loss=4.1098 | lm=2.1951 | strategy_loss=0.5888 | relation_loss=0.6877 | train_emotion_acc=50.00% | train_strategy_f1=40.00% | train_relation_acc=100.00% | elapsed=5190s
[Stage3-KO(share_from_en)] | step 750/1591 (47.1%) | loss=4.2516 | lm=2.8001 | strategy_loss=0.5626 | relation_loss=0.2109 | train_emotion_acc=100.00% | train_strategy_f1=50.00% | train_relation_acc=100.00% | elapsed=5259s
[Stage3-KO(share_from_en)] | step 760/1591 (47.8%) | loss=5.2470 | lm=2.4879 | strategy_loss=1.1891 | relation_loss=1.2916 | train_emotion_acc=100.00% | train_strategy_f1=16.67% | train_relation_acc=50.00% | elapsed=5328s
[Stage3-KO(share_from_en)] | step 770/1591 (48.4%) | loss=5.1367 | lm=3.0142 | strategy_loss=0.9040 | relation_loss=0.5194 | train_emotion_acc=50.00% | train_strategy_f1=40.00% | train_relation_acc=50.00% | elapsed=5397s
[Stage3-KO(share_from_en)] | step 780/1591 (49.0%) | loss=3.6254 | lm=2.4038 | strategy_loss=0.5638 | relation_loss=0.3686 | train_emotion_acc=100.00% | train_strategy_f1=25.00% | train_relation_acc=100.00% | elapsed=5466s
[Stage3-KO(share_from_en)] | step 790/1591 (49.7%) | loss=3.6496 | lm=2.3292 | strategy_loss=0.5734 | relation_loss=0.4538 | train_emotion_acc=100.00% | train_strategy_f1=40.00% | train_relation_acc=100.00% | elapsed=5536s
[Stage3-KO(share_from_en)] | step 800/1591 (50.3%) | loss=4.0526 | lm=2.1938 | strategy_loss=0.6510 | relation_loss=1.0586 | train_emotion_acc=100.00% | train_strategy_f1=50.00% | train_relation_acc=50.00% | elapsed=5604s
[Stage3-KO(share_from_en)] EVAL @800 (valid) | EMOTION=72.00% | RELATION=97.00% | STRATEGY=68.40% | STRATEGY_HAMMING=65.00% | loss=3.9161 | lm_loss=2.3016 | emotion_loss=0.8121 | strategy_loss=0.7082 | relation_loss=0.1235
[Stage3-KO(share_from_en)] | step 810/1591 (50.9%) | loss=3.6013 | lm=1.9167 | strategy_loss=0.6559 | relation_loss=0.0136 | train_emotion_acc=0.00% | train_strategy_f1=66.67% | train_relation_acc=100.00% | elapsed=5717s
[Stage3-KO(share_from_en)] | step 820/1591 (51.5%) | loss=3.5136 | lm=1.7762 | strategy_loss=0.7728 | relation_loss=0.1611 | train_emotion_acc=50.00% | train_strategy_f1=40.00% | train_relation_acc=100.00% | elapsed=5787s
[Stage3-KO(share_from_en)] | step 830/1591 (52.2%) | loss=3.9971 | lm=2.1371 | strategy_loss=0.9494 | relation_loss=0.0029 | train_emotion_acc=100.00% | train_strategy_f1=66.67% | train_relation_acc=100.00% | elapsed=5856s
[Stage3-KO(share_from_en)] | step 840/1591 (52.8%) | loss=5.6056 | lm=3.1653 | strategy_loss=0.8227 | relation_loss=0.5154 | train_emotion_acc=50.00% | train_strategy_f1=16.67% | train_relation_acc=100.00% | elapsed=5925s
[Stage3-KO(share_from_en)] | step 850/1591 (53.4%) | loss=3.6576 | lm=1.4924 | strategy_loss=0.7754 | relation_loss=0.0123 | train_emotion_acc=0.00% | train_strategy_f1=33.33% | train_relation_acc=100.00% | elapsed=5994s
[Stage3-KO(share_from_en)] | step 860/1591 (54.1%) | loss=3.4149 | lm=1.5255 | strategy_loss=0.7303 | relation_loss=0.0006 | train_emotion_acc=0.00% | train_strategy_f1=20.00% | train_relation_acc=100.00% | elapsed=6064s
[Stage3-KO(share_from_en)] | step 870/1591 (54.7%) | loss=4.2045 | lm=2.6035 | strategy_loss=0.6106 | relation_loss=0.1951 | train_emotion_acc=50.00% | train_strategy_f1=60.00% | train_relation_acc=100.00% | elapsed=6132s
[Stage3-KO(share_from_en)] | step 880/1591 (55.3%) | loss=3.8880 | lm=2.3502 | strategy_loss=0.4281 | relation_loss=1.6095 | train_emotion_acc=100.00% | train_strategy_f1=66.67% | train_relation_acc=0.00% | elapsed=6201s
[Stage3-KO(share_from_en)] | step 890/1591 (55.9%) | loss=3.8887 | lm=1.9316 | strategy_loss=0.7367 | relation_loss=0.8840 | train_emotion_acc=50.00% | train_strategy_f1=60.00% | train_relation_acc=50.00% | elapsed=6271s
[Stage3-KO(share_from_en)] | step 900/1591 (56.6%) | loss=3.5971 | lm=2.1340 | strategy_loss=0.5502 | relation_loss=0.5706 | train_emotion_acc=100.00% | train_strategy_f1=66.67% | train_relation_acc=100.00% | elapsed=6340s
[Stage3-KO(share_from_en)] | step 910/1591 (57.2%) | loss=4.1115 | lm=2.5052 | strategy_loss=0.7107 | relation_loss=0.0255 | train_emotion_acc=50.00% | train_strategy_f1=50.00% | train_relation_acc=100.00% | elapsed=6410s
[Stage3-KO(share_from_en)] | step 920/1591 (57.8%) | loss=4.0502 | lm=2.4443 | strategy_loss=0.7571 | relation_loss=0.0026 | train_emotion_acc=100.00% | train_strategy_f1=33.33% | train_relation_acc=100.00% | elapsed=6479s
[Stage3-KO(share_from_en)] | step 930/1591 (58.5%) | loss=3.5686 | lm=2.3280 | strategy_loss=0.6099 | relation_loss=0.0155 | train_emotion_acc=100.00% | train_strategy_f1=80.00% | train_relation_acc=100.00% | elapsed=6547s
[Stage3-KO(share_from_en)] | step 940/1591 (59.1%) | loss=3.8279 | lm=2.1455 | strategy_loss=0.7234 | relation_loss=0.2893 | train_emotion_acc=100.00% | train_strategy_f1=40.00% | train_relation_acc=100.00% | elapsed=6616s
[Stage3-KO(share_from_en)] | step 950/1591 (59.7%) | loss=5.6624 | lm=2.6220 | strategy_loss=1.1299 | relation_loss=0.8924 | train_emotion_acc=50.00% | train_strategy_f1=42.86% | train_relation_acc=50.00% | elapsed=6685s
[Stage3-KO(share_from_en)] | step 960/1591 (60.3%) | loss=3.5703 | lm=2.1769 | strategy_loss=0.6034 | relation_loss=0.1675 | train_emotion_acc=100.00% | train_strategy_f1=40.00% | train_relation_acc=100.00% | elapsed=6753s
[Stage3-KO(share_from_en)] | step 970/1591 (61.0%) | loss=4.8200 | lm=3.1745 | strategy_loss=0.8735 | relation_loss=0.0098 | train_emotion_acc=100.00% | train_strategy_f1=40.00% | train_relation_acc=100.00% | elapsed=6822s
[Stage3-KO(share_from_en)] | step 980/1591 (61.6%) | loss=3.9600 | lm=2.2070 | strategy_loss=0.8070 | relation_loss=0.3381 | train_emotion_acc=100.00% | train_strategy_f1=40.00% | train_relation_acc=100.00% | elapsed=6893s
[Stage3-KO(share_from_en)] | step 990/1591 (62.2%) | loss=3.3484 | lm=2.1391 | strategy_loss=0.5933 | relation_loss=0.0757 | train_emotion_acc=100.00% | train_strategy_f1=40.00% | train_relation_acc=100.00% | elapsed=6961s
[Stage3-KO(share_from_en)] | step 1000/1591 (62.9%) | loss=4.7545 | lm=2.8122 | strategy_loss=0.6331 | relation_loss=1.0298 | train_emotion_acc=50.00% | train_strategy_f1=50.00% | train_relation_acc=50.00% | elapsed=7031s
[Stage3-KO(share_from_en)] | step 1010/1591 (63.5%) | loss=5.1404 | lm=2.4668 | strategy_loss=0.9391 | relation_loss=1.2925 | train_emotion_acc=0.00% | train_strategy_f1=42.86% | train_relation_acc=50.00% | elapsed=7100s
[Stage3-KO(share_from_en)] | step 1020/1591 (64.1%) | loss=5.2253 | lm=2.8399 | strategy_loss=1.1148 | relation_loss=0.0396 | train_emotion_acc=50.00% | train_strategy_f1=42.86% | train_relation_acc=100.00% | elapsed=7170s
[Stage3-KO(share_from_en)] | step 1030/1591 (64.7%) | loss=4.1020 | lm=2.6643 | strategy_loss=0.6292 | relation_loss=0.3020 | train_emotion_acc=100.00% | train_strategy_f1=60.00% | train_relation_acc=100.00% | elapsed=7239s
[Stage3-KO(share_from_en)] | step 1040/1591 (65.4%) | loss=4.7216 | lm=2.2767 | strategy_loss=0.6612 | relation_loss=1.6823 | train_emotion_acc=50.00% | train_strategy_f1=75.00% | train_relation_acc=50.00% | elapsed=7309s
[Stage3-KO(share_from_en)] | step 1050/1591 (66.0%) | loss=3.9452 | lm=2.6006 | strategy_loss=0.7052 | relation_loss=0.0341 | train_emotion_acc=100.00% | train_strategy_f1=33.33% | train_relation_acc=100.00% | elapsed=7378s
[Stage3-KO(share_from_en)] | step 1060/1591 (66.6%) | loss=3.8457 | lm=2.0706 | strategy_loss=0.6366 | relation_loss=0.4350 | train_emotion_acc=50.00% | train_strategy_f1=50.00% | train_relation_acc=100.00% | elapsed=7446s
[Stage3-KO(share_from_en)] | step 1070/1591 (67.3%) | loss=4.9946 | lm=2.8896 | strategy_loss=0.8751 | relation_loss=0.2477 | train_emotion_acc=50.00% | train_strategy_f1=40.00% | train_relation_acc=100.00% | elapsed=7516s
[Stage3-KO(share_from_en)] | step 1080/1591 (67.9%) | loss=4.6634 | lm=2.7887 | strategy_loss=0.6403 | relation_loss=0.1863 | train_emotion_acc=50.00% | train_strategy_f1=80.00% | train_relation_acc=100.00% | elapsed=7586s
[Stage3-KO(share_from_en)] | step 1090/1591 (68.5%) | loss=3.7006 | lm=2.0973 | strategy_loss=0.7081 | relation_loss=0.0106 | train_emotion_acc=50.00% | train_strategy_f1=66.67% | train_relation_acc=100.00% | elapsed=7657s
[Stage3-KO(share_from_en)] | step 1100/1591 (69.1%) | loss=3.8488 | lm=2.5749 | strategy_loss=0.6350 | relation_loss=0.0852 | train_emotion_acc=100.00% | train_strategy_f1=60.00% | train_relation_acc=100.00% | elapsed=7726s
[Stage3-KO(share_from_en)] | step 1110/1591 (69.8%) | loss=3.8629 | lm=2.1764 | strategy_loss=0.6244 | relation_loss=0.3919 | train_emotion_acc=50.00% | train_strategy_f1=40.00% | train_relation_acc=100.00% | elapsed=7795s
[Stage3-KO(share_from_en)] | step 1120/1591 (70.4%) | loss=3.9599 | lm=2.2263 | strategy_loss=0.7204 | relation_loss=0.5903 | train_emotion_acc=100.00% | train_strategy_f1=50.00% | train_relation_acc=100.00% | elapsed=7865s
[Stage3-KO(share_from_en)] | step 1130/1591 (71.0%) | loss=3.1034 | lm=1.6789 | strategy_loss=0.5980 | relation_loss=0.0242 | train_emotion_acc=50.00% | train_strategy_f1=60.00% | train_relation_acc=100.00% | elapsed=7933s
[Stage3-KO(share_from_en)] | step 1140/1591 (71.7%) | loss=5.2899 | lm=2.4048 | strategy_loss=1.2373 | relation_loss=0.9778 | train_emotion_acc=50.00% | train_strategy_f1=16.67% | train_relation_acc=50.00% | elapsed=8003s
[Stage3-KO(share_from_en)] | step 1150/1591 (72.3%) | loss=3.4960 | lm=2.0715 | strategy_loss=0.5925 | relation_loss=0.0002 | train_emotion_acc=50.00% | train_strategy_f1=50.00% | train_relation_acc=100.00% | elapsed=8073s
[Stage3-KO(share_from_en)] | step 1160/1591 (72.9%) | loss=4.2463 | lm=2.2785 | strategy_loss=0.7887 | relation_loss=0.0507 | train_emotion_acc=50.00% | train_strategy_f1=40.00% | train_relation_acc=100.00% | elapsed=8142s
[Stage3-KO(share_from_en)] | step 1170/1591 (73.5%) | loss=5.1650 | lm=2.9581 | strategy_loss=0.9936 | relation_loss=0.0385 | train_emotion_acc=50.00% | train_strategy_f1=16.67% | train_relation_acc=100.00% | elapsed=8211s
[Stage3-KO(share_from_en)] | step 1180/1591 (74.2%) | loss=3.8692 | lm=2.3606 | strategy_loss=0.6391 | relation_loss=0.0798 | train_emotion_acc=50.00% | train_strategy_f1=33.33% | train_relation_acc=100.00% | elapsed=8280s
[Stage3-KO(share_from_en)] | step 1190/1591 (74.8%) | loss=4.8041 | lm=2.3767 | strategy_loss=0.7798 | relation_loss=1.2596 | train_emotion_acc=50.00% | train_strategy_f1=50.00% | train_relation_acc=50.00% | elapsed=8350s
[Stage3-KO(share_from_en)] | step 1200/1591 (75.4%) | loss=4.6315 | lm=2.9304 | strategy_loss=0.8141 | relation_loss=0.2821 | train_emotion_acc=100.00% | train_strategy_f1=40.00% | train_relation_acc=100.00% | elapsed=8419s
[Stage3-KO(share_from_en)] EVAL @1200 (valid) | EMOTION=78.00% | RELATION=96.50% | STRATEGY=68.82% | STRATEGY_HAMMING=67.38% | loss=3.8364 | lm_loss=2.2555 | emotion_loss=0.6822 | strategy_loss=0.7037 | relation_loss=0.1677
[Stage3-KO(share_from_en)] | step 1210/1591 (76.1%) | loss=4.4324 | lm=2.2085 | strategy_loss=0.7765 | relation_loss=0.7504 | train_emotion_acc=50.00% | train_strategy_f1=40.00% | train_relation_acc=50.00% | elapsed=8532s
[Stage3-KO(share_from_en)] | step 1220/1591 (76.7%) | loss=3.8781 | lm=2.5386 | strategy_loss=0.5402 | relation_loss=0.7233 | train_emotion_acc=100.00% | train_strategy_f1=50.00% | train_relation_acc=50.00% | elapsed=8601s
[Stage3-KO(share_from_en)] | step 1230/1591 (77.3%) | loss=3.8582 | lm=2.4885 | strategy_loss=0.5362 | relation_loss=0.0623 | train_emotion_acc=50.00% | train_strategy_f1=50.00% | train_relation_acc=100.00% | elapsed=8670s
[Stage3-KO(share_from_en)] | step 1240/1591 (77.9%) | loss=4.8023 | lm=2.5432 | strategy_loss=0.7061 | relation_loss=1.4793 | train_emotion_acc=50.00% | train_strategy_f1=33.33% | train_relation_acc=50.00% | elapsed=8739s
[Stage3-KO(share_from_en)] | step 1250/1591 (78.6%) | loss=4.6719 | lm=2.6244 | strategy_loss=1.0096 | relation_loss=0.3995 | train_emotion_acc=100.00% | train_strategy_f1=42.86% | train_relation_acc=100.00% | elapsed=8807s
[Stage3-KO(share_from_en)] | step 1260/1591 (79.2%) | loss=3.4451 | lm=2.0433 | strategy_loss=0.4441 | relation_loss=0.4176 | train_emotion_acc=50.00% | train_strategy_f1=75.00% | train_relation_acc=100.00% | elapsed=8877s
[Stage3-KO(share_from_en)] | step 1270/1591 (79.8%) | loss=3.6822 | lm=2.0229 | strategy_loss=0.8424 | relation_loss=0.0868 | train_emotion_acc=100.00% | train_strategy_f1=50.00% | train_relation_acc=100.00% | elapsed=8946s
[Stage3-KO(share_from_en)] | step 1280/1591 (80.5%) | loss=4.1548 | lm=2.3534 | strategy_loss=0.6463 | relation_loss=0.0155 | train_emotion_acc=50.00% | train_strategy_f1=33.33% | train_relation_acc=100.00% | elapsed=9017s
[Stage3-KO(share_from_en)] | step 1290/1591 (81.1%) | loss=3.8140 | lm=2.3500 | strategy_loss=0.6161 | relation_loss=0.0249 | train_emotion_acc=50.00% | train_strategy_f1=50.00% | train_relation_acc=100.00% | elapsed=9085s
[Stage3-KO(share_from_en)] | step 1300/1591 (81.7%) | loss=5.1294 | lm=2.3390 | strategy_loss=0.8579 | relation_loss=1.5433 | train_emotion_acc=0.00% | train_strategy_f1=20.00% | train_relation_acc=0.00% | elapsed=9154s
[Stage3-KO(share_from_en)] | step 1310/1591 (82.3%) | loss=3.9435 | lm=2.5733 | strategy_loss=0.7064 | relation_loss=0.0750 | train_emotion_acc=100.00% | train_strategy_f1=25.00% | train_relation_acc=100.00% | elapsed=9225s
[Stage3-KO(share_from_en)] | step 1320/1591 (83.0%) | loss=4.3570 | lm=2.1446 | strategy_loss=0.8216 | relation_loss=0.5836 | train_emotion_acc=50.00% | train_strategy_f1=0.00% | train_relation_acc=100.00% | elapsed=9295s
[Stage3-KO(share_from_en)] | step 1330/1591 (83.6%) | loss=4.3369 | lm=2.4051 | strategy_loss=0.6621 | relation_loss=0.0105 | train_emotion_acc=0.00% | train_strategy_f1=60.00% | train_relation_acc=100.00% | elapsed=9364s
[Stage3-KO(share_from_en)] | step 1340/1591 (84.2%) | loss=3.4412 | lm=2.0841 | strategy_loss=0.5881 | relation_loss=0.0488 | train_emotion_acc=50.00% | train_strategy_f1=60.00% | train_relation_acc=100.00% | elapsed=9434s
[Stage3-KO(share_from_en)] | step 1350/1591 (84.9%) | loss=4.3176 | lm=2.5639 | strategy_loss=0.7393 | relation_loss=0.0023 | train_emotion_acc=50.00% | train_strategy_f1=20.00% | train_relation_acc=100.00% | elapsed=9503s
[Stage3-KO(share_from_en)] | step 1360/1591 (85.5%) | loss=4.1981 | lm=2.3986 | strategy_loss=0.8552 | relation_loss=0.3281 | train_emotion_acc=100.00% | train_strategy_f1=50.00% | train_relation_acc=100.00% | elapsed=9571s
[Stage3-KO(share_from_en)] | step 1370/1591 (86.1%) | loss=3.4451 | lm=1.8768 | strategy_loss=0.7140 | relation_loss=0.0031 | train_emotion_acc=50.00% | train_strategy_f1=50.00% | train_relation_acc=100.00% | elapsed=9641s
[Stage3-KO(share_from_en)] | step 1380/1591 (86.7%) | loss=3.3539 | lm=2.4213 | strategy_loss=0.4893 | relation_loss=0.0835 | train_emotion_acc=100.00% | train_strategy_f1=66.67% | train_relation_acc=100.00% | elapsed=9710s
[Stage3-KO(share_from_en)] | step 1390/1591 (87.4%) | loss=4.4057 | lm=2.2981 | strategy_loss=1.0809 | relation_loss=0.0427 | train_emotion_acc=100.00% | train_strategy_f1=20.00% | train_relation_acc=100.00% | elapsed=9780s
[Stage3-KO(share_from_en)] | step 1400/1591 (88.0%) | loss=4.7083 | lm=2.8460 | strategy_loss=0.5344 | relation_loss=0.7479 | train_emotion_acc=50.00% | train_strategy_f1=75.00% | train_relation_acc=50.00% | elapsed=9850s
[Stage3-KO(share_from_en)] | step 1410/1591 (88.6%) | loss=4.5762 | lm=2.1943 | strategy_loss=0.6517 | relation_loss=2.6591 | train_emotion_acc=100.00% | train_strategy_f1=50.00% | train_relation_acc=50.00% | elapsed=9919s
[Stage3-KO(share_from_en)] | step 1420/1591 (89.3%) | loss=3.0621 | lm=1.8309 | strategy_loss=0.4422 | relation_loss=0.8025 | train_emotion_acc=100.00% | train_strategy_f1=100.00% | train_relation_acc=50.00% | elapsed=9989s
[Stage3-KO(share_from_en)] | step 1430/1591 (89.9%) | loss=3.2616 | lm=1.8787 | strategy_loss=0.6899 | relation_loss=0.0959 | train_emotion_acc=100.00% | train_strategy_f1=40.00% | train_relation_acc=100.00% | elapsed=10056s
[Stage3-KO(share_from_en)] | step 1440/1591 (90.5%) | loss=4.0146 | lm=2.7121 | strategy_loss=0.5436 | relation_loss=0.2552 | train_emotion_acc=100.00% | train_strategy_f1=60.00% | train_relation_acc=100.00% | elapsed=10126s
[Stage3-KO(share_from_en)] | step 1450/1591 (91.1%) | loss=3.6662 | lm=2.0455 | strategy_loss=0.6610 | relation_loss=0.3864 | train_emotion_acc=50.00% | train_strategy_f1=60.00% | train_relation_acc=50.00% | elapsed=10195s
[Stage3-KO(share_from_en)] | step 1460/1591 (91.8%) | loss=4.2415 | lm=1.8094 | strategy_loss=1.1366 | relation_loss=0.2855 | train_emotion_acc=50.00% | train_strategy_f1=16.67% | train_relation_acc=100.00% | elapsed=10264s
[Stage3-KO(share_from_en)] | step 1470/1591 (92.4%) | loss=4.2660 | lm=2.4982 | strategy_loss=0.7324 | relation_loss=0.4312 | train_emotion_acc=100.00% | train_strategy_f1=75.00% | train_relation_acc=100.00% | elapsed=10334s
[Stage3-KO(share_from_en)] | step 1480/1591 (93.0%) | loss=3.9219 | lm=1.9647 | strategy_loss=1.0185 | relation_loss=0.1924 | train_emotion_acc=100.00% | train_strategy_f1=20.00% | train_relation_acc=100.00% | elapsed=10403s
[Stage3-KO(share_from_en)] | step 1490/1591 (93.7%) | loss=3.7294 | lm=2.2168 | strategy_loss=0.5502 | relation_loss=0.7293 | train_emotion_acc=100.00% | train_strategy_f1=66.67% | train_relation_acc=50.00% | elapsed=10474s
[Stage3-KO(share_from_en)] | step 1500/1591 (94.3%) | loss=5.1299 | lm=2.8389 | strategy_loss=0.8542 | relation_loss=1.2344 | train_emotion_acc=50.00% | train_strategy_f1=16.67% | train_relation_acc=50.00% | elapsed=10543s
[Stage3-KO(share_from_en)] | step 1510/1591 (94.9%) | loss=4.4509 | lm=2.7413 | strategy_loss=0.8759 | relation_loss=0.1873 | train_emotion_acc=100.00% | train_strategy_f1=40.00% | train_relation_acc=100.00% | elapsed=10611s
[Stage3-KO(share_from_en)] | step 1520/1591 (95.5%) | loss=4.2496 | lm=2.8071 | strategy_loss=0.7099 | relation_loss=0.0371 | train_emotion_acc=100.00% | train_strategy_f1=40.00% | train_relation_acc=100.00% | elapsed=10679s
[Stage3-KO(share_from_en)] | step 1530/1591 (96.2%) | loss=5.9932 | lm=2.6121 | strategy_loss=1.1515 | relation_loss=2.4657 | train_emotion_acc=100.00% | train_strategy_f1=16.67% | train_relation_acc=50.00% | elapsed=10749s
[Stage3-KO(share_from_en)] | step 1540/1591 (96.8%) | loss=3.0569 | lm=2.1993 | strategy_loss=0.4364 | relation_loss=0.1511 | train_emotion_acc=100.00% | train_strategy_f1=66.67% | train_relation_acc=100.00% | elapsed=10819s
[Stage3-KO(share_from_en)] | step 1550/1591 (97.4%) | loss=3.9712 | lm=2.6183 | strategy_loss=0.6843 | relation_loss=0.0444 | train_emotion_acc=100.00% | train_strategy_f1=50.00% | train_relation_acc=100.00% | elapsed=10888s
[Stage3-KO(share_from_en)] | step 1560/1591 (98.1%) | loss=3.0210 | lm=1.6047 | strategy_loss=0.7189 | relation_loss=0.0535 | train_emotion_acc=100.00% | train_strategy_f1=40.00% | train_relation_acc=100.00% | elapsed=10958s
[Stage3-KO(share_from_en)] | step 1570/1591 (98.7%) | loss=3.9960 | lm=2.2646 | strategy_loss=0.6393 | relation_loss=0.2023 | train_emotion_acc=50.00% | train_strategy_f1=80.00% | train_relation_acc=100.00% | elapsed=11027s
[Stage3-KO(share_from_en)] | step 1580/1591 (99.3%) | loss=3.7746 | lm=2.5103 | strategy_loss=0.6631 | relation_loss=0.0122 | train_emotion_acc=100.00% | train_strategy_f1=40.00% | train_relation_acc=100.00% | elapsed=11097s
[Stage3-KO(share_from_en)] | step 1590/1591 (99.9%) | loss=3.2736 | lm=1.7759 | strategy_loss=0.6612 | relation_loss=0.2641 | train_emotion_acc=100.00% | train_strategy_f1=40.00% | train_relation_acc=100.00% | elapsed=11166s
[Stage3-KO(share_from_en)] FINAL | EMOTION=77.50% | RELATION=96.00% | STRATEGY=67.40% | STRATEGY_HAMMING=66.50%
[Stage3-KO(share_from_en)] saved_to=/home/jbnu/jaehong/en-ko-empathy-lora/outputs/taffc/qwen/B16/s123
[Stage3-KO(share_from_en)] init_mode=share_from_en
[Stage3-KO(share_from_en)] vram_peak_gb=37.05
[Stage3-KO(share_from_en)] steps=1591
[Stage3-KO(share_from_en)] progress -> /home/jbnu/jaehong/en-ko-empathy-lora/outputs/taffc/qwen/B16/s123/progress.json
[TRAIN] outputs/taffc/qwen/S16/s123 seed=123
device=cuda
cuda_device=NVIDIA L40S
train=25456 valid=3182 A=6 S=4 R=7 strategy_scope=utterance
Warning: You are sending unauthenticated requests to the HF Hub. Please set a HF_TOKEN to enable higher rate limits and faster downloads.
Fetching 4 files:   0%|          | 0/4 [00:00<?, ?it/s]Fetching 4 files: 100%|██████████| 4/4 [00:00<00:00, 13486.51it/s]
[transformers] The fast path is not available because one of the required library is not installed. Falling back to torch implementation. To install follow https://github.com/fla-org/flash-linear-attention#installation and https://github.com/Dao-AILab/causal-conv1d
Loading weights:   0%|          | 0/427 [00:00<?, ?it/s]Loading weights: 100%|██████████| 427/427 [00:00<00:00, 8299.74it/s]
bitsandbytes library load error: Configured CUDA binary not found at /home/jbnu/jupyter-env/lib/python3.12/site-packages/bitsandbytes/libbitsandbytes_cuda130.so
 If you are using Intel CPU/XPU, please install intel_extension_for_pytorch to enable required ops
Traceback (most recent call last):
  File "/home/jbnu/jupyter-env/lib/python3.12/site-packages/bitsandbytes/cextension.py", line 318, in <module>
    lib = get_native_library()
          ^^^^^^^^^^^^^^^^^^^^
  File "/home/jbnu/jupyter-env/lib/python3.12/site-packages/bitsandbytes/cextension.py", line 282, in get_native_library
    raise RuntimeError(f"Configured {BNB_BACKEND} binary not found at {cuda_binary_path}")
RuntimeError: Configured CUDA binary not found at /home/jbnu/jupyter-env/lib/python3.12/site-packages/bitsandbytes/libbitsandbytes_cuda130.so
lora_init_mode=relearn_fresh
gates={'affect': 'share', 'strategy': 'relearn', 'relation': 'relearn', 'culture': 'suppress'}
strategy_pos_weight=[1.7157411575317383, 1.7157411575317383, 1.7157411575317383, 1.7157411575317383]
loss_weights emotion=0.350 strategy=1.800 relation=0.450 gate_conditioned=False curriculum=False
two_pass_affect=True
lr_lora=0.00015 lr_head=0.00015 freeze_lora=False trainable=20,783,121
[Stage3-KO(relearn_fresh)] model=Qwen/Qwen3.5-9B train=25456 valid=3182 init=relearn_fresh steps≈1591 S=multilabel gates={'affect': 'share', 'strategy': 'relearn', 'relation': 'relearn', 'culture': 'suppress'}
[Stage3-KO(relearn_fresh)] | step 1/1591 (0.1%) | loss=6.3478 | lm=3.1020 | strategy_loss=0.8387 | relation_loss=1.9289 | train_emotion_acc=0.00% | train_strategy_f1=33.33% | train_relation_acc=50.00% | elapsed=8s
[Stage3-KO(relearn_fresh)] | step 10/1591 (0.6%) | loss=5.2954 | lm=2.3053 | strategy_loss=0.7465 | relation_loss=1.9922 | train_emotion_acc=0.00% | train_strategy_f1=50.00% | train_relation_acc=0.00% | elapsed=71s
[Stage3-KO(relearn_fresh)] | step 20/1591 (1.3%) | loss=5.4902 | lm=2.4162 | strategy_loss=0.8822 | relation_loss=1.8722 | train_emotion_acc=50.00% | train_strategy_f1=25.00% | train_relation_acc=50.00% | elapsed=140s
[Stage3-KO(relearn_fresh)] | step 30/1591 (1.9%) | loss=5.9428 | lm=2.9673 | strategy_loss=0.7719 | relation_loss=2.0146 | train_emotion_acc=0.00% | train_strategy_f1=40.00% | train_relation_acc=0.00% | elapsed=208s
[Stage3-KO(relearn_fresh)] | step 40/1591 (2.5%) | loss=5.3944 | lm=2.8224 | strategy_loss=0.6567 | relation_loss=1.7661 | train_emotion_acc=0.00% | train_strategy_f1=50.00% | train_relation_acc=50.00% | elapsed=277s
[Stage3-KO(relearn_fresh)] | step 50/1591 (3.1%) | loss=5.1682 | lm=2.6448 | strategy_loss=0.6720 | relation_loss=1.9325 | train_emotion_acc=50.00% | train_strategy_f1=33.33% | train_relation_acc=50.00% | elapsed=345s
[Stage3-KO(relearn_fresh)] | step 60/1591 (3.8%) | loss=5.4535 | lm=2.8116 | strategy_loss=0.7595 | relation_loss=1.5429 | train_emotion_acc=0.00% | train_strategy_f1=20.00% | train_relation_acc=0.00% | elapsed=413s
[Stage3-KO(relearn_fresh)] | step 70/1591 (4.4%) | loss=5.1994 | lm=3.0720 | strategy_loss=0.7856 | relation_loss=0.8981 | train_emotion_acc=100.00% | train_strategy_f1=16.67% | train_relation_acc=100.00% | elapsed=482s
[Stage3-KO(relearn_fresh)] | step 80/1591 (5.0%) | loss=4.2213 | lm=2.1312 | strategy_loss=0.5881 | relation_loss=0.9827 | train_emotion_acc=0.00% | train_strategy_f1=50.00% | train_relation_acc=50.00% | elapsed=551s
[Stage3-KO(relearn_fresh)] | step 90/1591 (5.7%) | loss=8.3681 | lm=3.6124 | strategy_loss=1.5110 | relation_loss=3.2007 | train_emotion_acc=50.00% | train_strategy_f1=16.67% | train_relation_acc=0.00% | elapsed=620s
[Stage3-KO(relearn_fresh)] | step 100/1591 (6.3%) | loss=4.6042 | lm=2.8330 | strategy_loss=0.6359 | relation_loss=0.2521 | train_emotion_acc=50.00% | train_strategy_f1=60.00% | train_relation_acc=100.00% | elapsed=690s
[Stage3-KO(relearn_fresh)] | step 110/1591 (6.9%) | loss=4.8453 | lm=2.7613 | strategy_loss=0.6630 | relation_loss=0.8482 | train_emotion_acc=50.00% | train_strategy_f1=50.00% | train_relation_acc=50.00% | elapsed=759s
[Stage3-KO(relearn_fresh)] | step 120/1591 (7.5%) | loss=5.9198 | lm=2.8504 | strategy_loss=1.2023 | relation_loss=0.7523 | train_emotion_acc=50.00% | train_strategy_f1=20.00% | train_relation_acc=50.00% | elapsed=829s
[Stage3-KO(relearn_fresh)] | step 130/1591 (8.2%) | loss=4.2512 | lm=2.3014 | strategy_loss=0.5988 | relation_loss=0.7457 | train_emotion_acc=50.00% | train_strategy_f1=50.00% | train_relation_acc=50.00% | elapsed=900s
[Stage3-KO(relearn_fresh)] | step 140/1591 (8.8%) | loss=4.9879 | lm=2.0923 | strategy_loss=0.7901 | relation_loss=2.0922 | train_emotion_acc=0.00% | train_strategy_f1=16.67% | train_relation_acc=50.00% | elapsed=968s
[Stage3-KO(relearn_fresh)] | step 150/1591 (9.4%) | loss=3.6591 | lm=2.4336 | strategy_loss=0.4747 | relation_loss=0.0144 | train_emotion_acc=100.00% | train_strategy_f1=75.00% | train_relation_acc=100.00% | elapsed=1037s
[Stage3-KO(relearn_fresh)] | step 160/1591 (10.1%) | loss=3.5523 | lm=1.9641 | strategy_loss=0.7745 | relation_loss=0.0197 | train_emotion_acc=100.00% | train_strategy_f1=60.00% | train_relation_acc=100.00% | elapsed=1107s
[Stage3-KO(relearn_fresh)] | step 170/1591 (10.7%) | loss=4.3487 | lm=2.6314 | strategy_loss=0.6461 | relation_loss=0.2383 | train_emotion_acc=50.00% | train_strategy_f1=40.00% | train_relation_acc=100.00% | elapsed=1175s
[Stage3-KO(relearn_fresh)] | step 180/1591 (11.3%) | loss=3.4675 | lm=2.2440 | strategy_loss=0.5350 | relation_loss=0.0095 | train_emotion_acc=100.00% | train_strategy_f1=80.00% | train_relation_acc=100.00% | elapsed=1244s
[Stage3-KO(relearn_fresh)] | step 190/1591 (11.9%) | loss=4.1094 | lm=2.5801 | strategy_loss=0.5994 | relation_loss=0.5342 | train_emotion_acc=100.00% | train_strategy_f1=75.00% | train_relation_acc=50.00% | elapsed=1314s
[Stage3-KO(relearn_fresh)] | step 200/1591 (12.6%) | loss=4.5797 | lm=2.5263 | strategy_loss=0.7412 | relation_loss=0.8281 | train_emotion_acc=100.00% | train_strategy_f1=50.00% | train_relation_acc=50.00% | elapsed=1383s
[Stage3-KO(relearn_fresh)] | step 210/1591 (13.2%) | loss=3.8636 | lm=2.2519 | strategy_loss=0.7037 | relation_loss=0.4022 | train_emotion_acc=100.00% | train_strategy_f1=60.00% | train_relation_acc=50.00% | elapsed=1453s
[Stage3-KO(relearn_fresh)] | step 220/1591 (13.8%) | loss=3.9300 | lm=2.1498 | strategy_loss=0.9054 | relation_loss=0.0804 | train_emotion_acc=100.00% | train_strategy_f1=20.00% | train_relation_acc=100.00% | elapsed=1522s
[Stage3-KO(relearn_fresh)] | step 230/1591 (14.5%) | loss=4.4934 | lm=2.0144 | strategy_loss=0.5953 | relation_loss=2.1689 | train_emotion_acc=50.00% | train_strategy_f1=50.00% | train_relation_acc=0.00% | elapsed=1592s
[Stage3-KO(relearn_fresh)] | step 240/1591 (15.1%) | loss=4.9010 | lm=2.8114 | strategy_loss=0.7169 | relation_loss=0.2578 | train_emotion_acc=50.00% | train_strategy_f1=60.00% | train_relation_acc=100.00% | elapsed=1662s
[Stage3-KO(relearn_fresh)] | step 250/1591 (15.7%) | loss=4.8070 | lm=2.6636 | strategy_loss=0.6785 | relation_loss=1.0625 | train_emotion_acc=50.00% | train_strategy_f1=40.00% | train_relation_acc=50.00% | elapsed=1730s
[Stage3-KO(relearn_fresh)] | step 260/1591 (16.3%) | loss=5.5556 | lm=2.5878 | strategy_loss=1.2417 | relation_loss=0.0613 | train_emotion_acc=0.00% | train_strategy_f1=14.29% | train_relation_acc=100.00% | elapsed=1798s
[Stage3-KO(relearn_fresh)] | step 270/1591 (17.0%) | loss=4.8864 | lm=2.0554 | strategy_loss=0.7267 | relation_loss=2.3830 | train_emotion_acc=50.00% | train_strategy_f1=60.00% | train_relation_acc=50.00% | elapsed=1868s
[Stage3-KO(relearn_fresh)] | step 280/1591 (17.6%) | loss=4.1618 | lm=2.4131 | strategy_loss=0.7948 | relation_loss=0.0090 | train_emotion_acc=100.00% | train_strategy_f1=66.67% | train_relation_acc=100.00% | elapsed=1936s
[Stage3-KO(relearn_fresh)] | step 290/1591 (18.2%) | loss=4.2831 | lm=2.7292 | strategy_loss=0.6826 | relation_loss=0.3165 | train_emotion_acc=100.00% | train_strategy_f1=50.00% | train_relation_acc=100.00% | elapsed=2006s
[Stage3-KO(relearn_fresh)] | step 300/1591 (18.9%) | loss=3.6002 | lm=2.3802 | strategy_loss=0.4827 | relation_loss=0.3369 | train_emotion_acc=100.00% | train_strategy_f1=75.00% | train_relation_acc=100.00% | elapsed=2075s
[Stage3-KO(relearn_fresh)] | step 310/1591 (19.5%) | loss=4.2496 | lm=2.3571 | strategy_loss=0.8423 | relation_loss=0.5642 | train_emotion_acc=100.00% | train_strategy_f1=20.00% | train_relation_acc=50.00% | elapsed=2143s
[Stage3-KO(relearn_fresh)] | step 320/1591 (20.1%) | loss=4.3414 | lm=2.5090 | strategy_loss=0.6979 | relation_loss=0.5136 | train_emotion_acc=50.00% | train_strategy_f1=40.00% | train_relation_acc=100.00% | elapsed=2212s
[Stage3-KO(relearn_fresh)] | step 330/1591 (20.7%) | loss=4.4572 | lm=2.7662 | strategy_loss=0.7017 | relation_loss=0.2614 | train_emotion_acc=50.00% | train_strategy_f1=80.00% | train_relation_acc=100.00% | elapsed=2281s
[Stage3-KO(relearn_fresh)] | step 340/1591 (21.4%) | loss=4.3404 | lm=2.3008 | strategy_loss=0.7687 | relation_loss=0.8132 | train_emotion_acc=100.00% | train_strategy_f1=50.00% | train_relation_acc=50.00% | elapsed=2350s
[Stage3-KO(relearn_fresh)] | step 350/1591 (22.0%) | loss=4.2284 | lm=1.9365 | strategy_loss=0.6935 | relation_loss=1.5039 | train_emotion_acc=50.00% | train_strategy_f1=40.00% | train_relation_acc=0.00% | elapsed=2419s
[Stage3-KO(relearn_fresh)] | step 360/1591 (22.6%) | loss=5.1471 | lm=2.6944 | strategy_loss=1.2428 | relation_loss=0.0330 | train_emotion_acc=100.00% | train_strategy_f1=28.57% | train_relation_acc=100.00% | elapsed=2488s
[Stage3-KO(relearn_fresh)] | step 370/1591 (23.3%) | loss=4.0853 | lm=2.5630 | strategy_loss=0.7851 | relation_loss=0.0010 | train_emotion_acc=100.00% | train_strategy_f1=33.33% | train_relation_acc=100.00% | elapsed=2558s
[Stage3-KO(relearn_fresh)] | step 380/1591 (23.9%) | loss=4.6572 | lm=2.0991 | strategy_loss=0.9396 | relation_loss=1.1788 | train_emotion_acc=50.00% | train_strategy_f1=16.67% | train_relation_acc=50.00% | elapsed=2628s
[Stage3-KO(relearn_fresh)] | step 390/1591 (24.5%) | loss=3.7727 | lm=2.0517 | strategy_loss=0.7578 | relation_loss=0.3526 | train_emotion_acc=100.00% | train_strategy_f1=40.00% | train_relation_acc=100.00% | elapsed=2696s
[Stage3-KO(relearn_fresh)] | step 400/1591 (25.1%) | loss=3.7681 | lm=1.9670 | strategy_loss=0.8512 | relation_loss=0.0688 | train_emotion_acc=100.00% | train_strategy_f1=50.00% | train_relation_acc=100.00% | elapsed=2765s
[Stage3-KO(relearn_fresh)] EVAL @400 (valid) | EMOTION=72.00% | RELATION=96.50% | STRATEGY=67.20% | STRATEGY_HAMMING=64.00% | loss=4.0272 | lm_loss=2.3251 | emotion_loss=0.8909 | strategy_loss=0.7304 | relation_loss=0.1679
[Stage3-KO(relearn_fresh)] | step 410/1591 (25.8%) | loss=3.7006 | lm=2.2127 | strategy_loss=0.6669 | relation_loss=0.2874 | train_emotion_acc=100.00% | train_strategy_f1=50.00% | train_relation_acc=100.00% | elapsed=2879s
[Stage3-KO(relearn_fresh)] | step 420/1591 (26.4%) | loss=4.5180 | lm=2.3073 | strategy_loss=0.6093 | relation_loss=2.1624 | train_emotion_acc=100.00% | train_strategy_f1=25.00% | train_relation_acc=50.00% | elapsed=2950s
[Stage3-KO(relearn_fresh)] | step 430/1591 (27.0%) | loss=4.3296 | lm=2.2157 | strategy_loss=0.7957 | relation_loss=0.0115 | train_emotion_acc=50.00% | train_strategy_f1=60.00% | train_relation_acc=100.00% | elapsed=3019s
[Stage3-KO(relearn_fresh)] | step 440/1591 (27.7%) | loss=4.1747 | lm=2.5407 | strategy_loss=0.7918 | relation_loss=0.1262 | train_emotion_acc=100.00% | train_strategy_f1=60.00% | train_relation_acc=100.00% | elapsed=3089s
[Stage3-KO(relearn_fresh)] | step 450/1591 (28.3%) | loss=3.6614 | lm=2.4588 | strategy_loss=0.5019 | relation_loss=0.1071 | train_emotion_acc=50.00% | train_strategy_f1=100.00% | train_relation_acc=100.00% | elapsed=3158s
[Stage3-KO(relearn_fresh)] | step 460/1591 (28.9%) | loss=4.7765 | lm=1.9099 | strategy_loss=0.8569 | relation_loss=1.7264 | train_emotion_acc=0.00% | train_strategy_f1=20.00% | train_relation_acc=50.00% | elapsed=3225s
[Stage3-KO(relearn_fresh)] | step 470/1591 (29.5%) | loss=4.3466 | lm=2.5587 | strategy_loss=0.6847 | relation_loss=0.6386 | train_emotion_acc=50.00% | train_strategy_f1=20.00% | train_relation_acc=50.00% | elapsed=3295s
[Stage3-KO(relearn_fresh)] | step 480/1591 (30.2%) | loss=4.6996 | lm=2.5883 | strategy_loss=0.8201 | relation_loss=0.1847 | train_emotion_acc=50.00% | train_strategy_f1=33.33% | train_relation_acc=100.00% | elapsed=3364s
[Stage3-KO(relearn_fresh)] | step 490/1591 (30.8%) | loss=4.9428 | lm=2.7708 | strategy_loss=1.0046 | relation_loss=0.4053 | train_emotion_acc=100.00% | train_strategy_f1=50.00% | train_relation_acc=50.00% | elapsed=3432s
[Stage3-KO(relearn_fresh)] | step 500/1591 (31.4%) | loss=3.7679 | lm=1.7477 | strategy_loss=0.6130 | relation_loss=0.4357 | train_emotion_acc=0.00% | train_strategy_f1=60.00% | train_relation_acc=100.00% | elapsed=3501s
[Stage3-KO(relearn_fresh)] | step 510/1591 (32.1%) | loss=3.7747 | lm=2.1786 | strategy_loss=0.5735 | relation_loss=0.7123 | train_emotion_acc=50.00% | train_strategy_f1=60.00% | train_relation_acc=50.00% | elapsed=3570s
[Stage3-KO(relearn_fresh)] | step 520/1591 (32.7%) | loss=4.0444 | lm=2.3776 | strategy_loss=0.6025 | relation_loss=0.8183 | train_emotion_acc=100.00% | train_strategy_f1=40.00% | train_relation_acc=50.00% | elapsed=3639s
[Stage3-KO(relearn_fresh)] | step 530/1591 (33.3%) | loss=3.7582 | lm=2.2544 | strategy_loss=0.5717 | relation_loss=0.3596 | train_emotion_acc=50.00% | train_strategy_f1=80.00% | train_relation_acc=100.00% | elapsed=3706s
[Stage3-KO(relearn_fresh)] | step 540/1591 (33.9%) | loss=4.0201 | lm=2.1313 | strategy_loss=0.5681 | relation_loss=1.3122 | train_emotion_acc=50.00% | train_strategy_f1=75.00% | train_relation_acc=50.00% | elapsed=3773s
[Stage3-KO(relearn_fresh)] | step 550/1591 (34.6%) | loss=3.9377 | lm=2.1702 | strategy_loss=0.6747 | relation_loss=0.3868 | train_emotion_acc=50.00% | train_strategy_f1=40.00% | train_relation_acc=100.00% | elapsed=3843s
[Stage3-KO(relearn_fresh)] | step 560/1591 (35.2%) | loss=3.7259 | lm=2.3341 | strategy_loss=0.6860 | relation_loss=0.0099 | train_emotion_acc=100.00% | train_strategy_f1=60.00% | train_relation_acc=100.00% | elapsed=3911s
[Stage3-KO(relearn_fresh)] | step 570/1591 (35.8%) | loss=3.8623 | lm=2.1025 | strategy_loss=0.6381 | relation_loss=0.5906 | train_emotion_acc=50.00% | train_strategy_f1=60.00% | train_relation_acc=100.00% | elapsed=3980s
[Stage3-KO(relearn_fresh)] | step 580/1591 (36.5%) | loss=4.4462 | lm=2.5318 | strategy_loss=0.8414 | relation_loss=0.1907 | train_emotion_acc=50.00% | train_strategy_f1=33.33% | train_relation_acc=100.00% | elapsed=4048s
[Stage3-KO(relearn_fresh)] | step 590/1591 (37.1%) | loss=4.1429 | lm=2.2844 | strategy_loss=0.9106 | relation_loss=0.0007 | train_emotion_acc=100.00% | train_strategy_f1=0.00% | train_relation_acc=100.00% | elapsed=4113s
[Stage3-KO(relearn_fresh)] | step 600/1591 (37.7%) | loss=4.7320 | lm=2.3844 | strategy_loss=0.7437 | relation_loss=1.1452 | train_emotion_acc=50.00% | train_strategy_f1=25.00% | train_relation_acc=50.00% | elapsed=4183s
[Stage3-KO(relearn_fresh)] | step 610/1591 (38.3%) | loss=3.7434 | lm=2.4921 | strategy_loss=0.4947 | relation_loss=0.6187 | train_emotion_acc=100.00% | train_strategy_f1=40.00% | train_relation_acc=50.00% | elapsed=4254s
[Stage3-KO(relearn_fresh)] | step 620/1591 (39.0%) | loss=3.7138 | lm=2.3380 | strategy_loss=0.5550 | relation_loss=0.4646 | train_emotion_acc=100.00% | train_strategy_f1=80.00% | train_relation_acc=100.00% | elapsed=4323s
[Stage3-KO(relearn_fresh)] | step 630/1591 (39.6%) | loss=3.3994 | lm=2.1057 | strategy_loss=0.7018 | relation_loss=0.0058 | train_emotion_acc=100.00% | train_strategy_f1=50.00% | train_relation_acc=100.00% | elapsed=4393s
[Stage3-KO(relearn_fresh)] | step 640/1591 (40.2%) | loss=3.4826 | lm=2.1329 | strategy_loss=0.6065 | relation_loss=0.3432 | train_emotion_acc=100.00% | train_strategy_f1=40.00% | train_relation_acc=100.00% | elapsed=4462s
[Stage3-KO(relearn_fresh)] | step 650/1591 (40.9%) | loss=3.9081 | lm=2.2406 | strategy_loss=0.6552 | relation_loss=0.2005 | train_emotion_acc=50.00% | train_strategy_f1=33.33% | train_relation_acc=100.00% | elapsed=4531s
[Stage3-KO(relearn_fresh)] | step 660/1591 (41.5%) | loss=3.9558 | lm=2.1913 | strategy_loss=0.6721 | relation_loss=0.2276 | train_emotion_acc=50.00% | train_strategy_f1=60.00% | train_relation_acc=100.00% | elapsed=4599s
[Stage3-KO(relearn_fresh)] | step 670/1591 (42.1%) | loss=4.3755 | lm=2.7733 | strategy_loss=0.6778 | relation_loss=0.0141 | train_emotion_acc=50.00% | train_strategy_f1=80.00% | train_relation_acc=100.00% | elapsed=4668s
[Stage3-KO(relearn_fresh)] | step 680/1591 (42.7%) | loss=6.0411 | lm=2.6068 | strategy_loss=1.4341 | relation_loss=1.2847 | train_emotion_acc=50.00% | train_strategy_f1=16.67% | train_relation_acc=50.00% | elapsed=4738s
[Stage3-KO(relearn_fresh)] | step 690/1591 (43.4%) | loss=3.9781 | lm=2.3380 | strategy_loss=0.8921 | relation_loss=0.0702 | train_emotion_acc=100.00% | train_strategy_f1=40.00% | train_relation_acc=100.00% | elapsed=4807s
[Stage3-KO(relearn_fresh)] | step 700/1591 (44.0%) | loss=4.5326 | lm=2.5594 | strategy_loss=0.7609 | relation_loss=0.6474 | train_emotion_acc=100.00% | train_strategy_f1=33.33% | train_relation_acc=50.00% | elapsed=4877s
[Stage3-KO(relearn_fresh)] | step 710/1591 (44.6%) | loss=4.0490 | lm=2.8502 | strategy_loss=0.5834 | relation_loss=0.0078 | train_emotion_acc=100.00% | train_strategy_f1=40.00% | train_relation_acc=100.00% | elapsed=4946s
[Stage3-KO(relearn_fresh)] | step 720/1591 (45.3%) | loss=4.0885 | lm=2.6736 | strategy_loss=0.6183 | relation_loss=0.0269 | train_emotion_acc=100.00% | train_strategy_f1=40.00% | train_relation_acc=100.00% | elapsed=5015s
[Stage3-KO(relearn_fresh)] | step 730/1591 (45.9%) | loss=4.1524 | lm=2.8770 | strategy_loss=0.6730 | relation_loss=0.0692 | train_emotion_acc=100.00% | train_strategy_f1=40.00% | train_relation_acc=100.00% | elapsed=5084s
[Stage3-KO(relearn_fresh)] | step 740/1591 (46.5%) | loss=4.1186 | lm=2.2671 | strategy_loss=0.5905 | relation_loss=0.5404 | train_emotion_acc=50.00% | train_strategy_f1=40.00% | train_relation_acc=100.00% | elapsed=5153s
[Stage3-KO(relearn_fresh)] | step 750/1591 (47.1%) | loss=4.2212 | lm=2.7707 | strategy_loss=0.5634 | relation_loss=0.2053 | train_emotion_acc=100.00% | train_strategy_f1=40.00% | train_relation_acc=100.00% | elapsed=5222s
[Stage3-KO(relearn_fresh)] | step 760/1591 (47.8%) | loss=5.2555 | lm=2.4625 | strategy_loss=1.1743 | relation_loss=1.4262 | train_emotion_acc=100.00% | train_strategy_f1=33.33% | train_relation_acc=50.00% | elapsed=5291s
[Stage3-KO(relearn_fresh)] | step 770/1591 (48.4%) | loss=5.1166 | lm=3.0408 | strategy_loss=0.8972 | relation_loss=0.4430 | train_emotion_acc=50.00% | train_strategy_f1=40.00% | train_relation_acc=100.00% | elapsed=5360s
[Stage3-KO(relearn_fresh)] | step 780/1591 (49.0%) | loss=3.6804 | lm=2.3828 | strategy_loss=0.5593 | relation_loss=0.5554 | train_emotion_acc=100.00% | train_strategy_f1=25.00% | train_relation_acc=50.00% | elapsed=5429s
[Stage3-KO(relearn_fresh)] | step 790/1591 (49.7%) | loss=3.6490 | lm=2.2683 | strategy_loss=0.5835 | relation_loss=0.5475 | train_emotion_acc=100.00% | train_strategy_f1=40.00% | train_relation_acc=50.00% | elapsed=5499s
[Stage3-KO(relearn_fresh)] | step 800/1591 (50.3%) | loss=3.9215 | lm=2.1631 | strategy_loss=0.6704 | relation_loss=0.7579 | train_emotion_acc=100.00% | train_strategy_f1=33.33% | train_relation_acc=50.00% | elapsed=5566s
[Stage3-KO(relearn_fresh)] EVAL @800 (valid) | EMOTION=72.00% | RELATION=97.00% | STRATEGY=67.87% | STRATEGY_HAMMING=64.50% | loss=3.8828 | lm_loss=2.2567 | emotion_loss=0.8121 | strategy_loss=0.7128 | relation_loss=0.1308
[Stage3-KO(relearn_fresh)] | step 810/1591 (50.9%) | loss=3.5192 | lm=1.8850 | strategy_loss=0.6269 | relation_loss=0.0176 | train_emotion_acc=0.00% | train_strategy_f1=66.67% | train_relation_acc=100.00% | elapsed=5679s
[Stage3-KO(relearn_fresh)] | step 820/1591 (51.5%) | loss=3.5131 | lm=1.7821 | strategy_loss=0.7683 | relation_loss=0.1647 | train_emotion_acc=50.00% | train_strategy_f1=40.00% | train_relation_acc=100.00% | elapsed=5748s
[Stage3-KO(relearn_fresh)] | step 830/1591 (52.2%) | loss=3.9610 | lm=2.0733 | strategy_loss=0.9653 | relation_loss=0.0010 | train_emotion_acc=100.00% | train_strategy_f1=50.00% | train_relation_acc=100.00% | elapsed=5817s
[Stage3-KO(relearn_fresh)] | step 840/1591 (52.8%) | loss=5.6733 | lm=3.1541 | strategy_loss=0.8565 | relation_loss=0.5555 | train_emotion_acc=50.00% | train_strategy_f1=40.00% | train_relation_acc=100.00% | elapsed=5888s
[Stage3-KO(relearn_fresh)] | step 850/1591 (53.4%) | loss=3.5776 | lm=1.4219 | strategy_loss=0.7696 | relation_loss=0.0147 | train_emotion_acc=0.00% | train_strategy_f1=33.33% | train_relation_acc=100.00% | elapsed=5958s
[Stage3-KO(relearn_fresh)] | step 860/1591 (54.1%) | loss=3.2211 | lm=1.4171 | strategy_loss=0.6828 | relation_loss=0.0009 | train_emotion_acc=0.00% | train_strategy_f1=40.00% | train_relation_acc=100.00% | elapsed=6028s
[Stage3-KO(relearn_fresh)] | step 870/1591 (54.7%) | loss=4.1615 | lm=2.5770 | strategy_loss=0.5951 | relation_loss=0.2204 | train_emotion_acc=50.00% | train_strategy_f1=60.00% | train_relation_acc=100.00% | elapsed=6096s
[Stage3-KO(relearn_fresh)] | step 880/1591 (55.3%) | loss=3.8285 | lm=2.3108 | strategy_loss=0.4631 | relation_loss=1.4246 | train_emotion_acc=100.00% | train_strategy_f1=66.67% | train_relation_acc=0.00% | elapsed=6165s
[Stage3-KO(relearn_fresh)] | step 890/1591 (55.9%) | loss=3.8027 | lm=1.8705 | strategy_loss=0.7378 | relation_loss=0.8244 | train_emotion_acc=50.00% | train_strategy_f1=60.00% | train_relation_acc=100.00% | elapsed=6234s
[Stage3-KO(relearn_fresh)] | step 900/1591 (56.6%) | loss=4.0304 | lm=2.0978 | strategy_loss=0.5762 | relation_loss=1.5099 | train_emotion_acc=100.00% | train_strategy_f1=66.67% | train_relation_acc=50.00% | elapsed=6303s
[Stage3-KO(relearn_fresh)] | step 910/1591 (57.2%) | loss=4.1095 | lm=2.4597 | strategy_loss=0.7355 | relation_loss=0.0230 | train_emotion_acc=50.00% | train_strategy_f1=50.00% | train_relation_acc=100.00% | elapsed=6373s
[Stage3-KO(relearn_fresh)] | step 920/1591 (57.8%) | loss=3.9822 | lm=2.4097 | strategy_loss=0.7388 | relation_loss=0.0019 | train_emotion_acc=100.00% | train_strategy_f1=33.33% | train_relation_acc=100.00% | elapsed=6442s
[Stage3-KO(relearn_fresh)] | step 930/1591 (58.5%) | loss=3.5104 | lm=2.2614 | strategy_loss=0.6144 | relation_loss=0.0161 | train_emotion_acc=100.00% | train_strategy_f1=80.00% | train_relation_acc=100.00% | elapsed=6511s
[Stage3-KO(relearn_fresh)] | step 940/1591 (59.1%) | loss=3.7898 | lm=2.1402 | strategy_loss=0.7023 | relation_loss=0.3012 | train_emotion_acc=100.00% | train_strategy_f1=40.00% | train_relation_acc=100.00% | elapsed=6580s
[Stage3-KO(relearn_fresh)] | step 950/1591 (59.7%) | loss=5.5672 | lm=2.5308 | strategy_loss=1.1139 | relation_loss=0.9474 | train_emotion_acc=50.00% | train_strategy_f1=42.86% | train_relation_acc=50.00% | elapsed=6650s
[Stage3-KO(relearn_fresh)] | step 960/1591 (60.3%) | loss=3.5498 | lm=2.1213 | strategy_loss=0.6303 | relation_loss=0.1381 | train_emotion_acc=100.00% | train_strategy_f1=40.00% | train_relation_acc=100.00% | elapsed=6723s
[Stage3-KO(relearn_fresh)] | step 970/1591 (61.0%) | loss=4.7113 | lm=3.1498 | strategy_loss=0.8271 | relation_loss=0.0087 | train_emotion_acc=100.00% | train_strategy_f1=40.00% | train_relation_acc=100.00% | elapsed=6794s
[Stage3-KO(relearn_fresh)] | step 980/1591 (61.6%) | loss=4.0173 | lm=2.1915 | strategy_loss=0.8660 | relation_loss=0.2637 | train_emotion_acc=100.00% | train_strategy_f1=40.00% | train_relation_acc=100.00% | elapsed=6864s
[Stage3-KO(relearn_fresh)] | step 990/1591 (62.2%) | loss=3.2626 | lm=2.0609 | strategy_loss=0.5986 | relation_loss=0.0380 | train_emotion_acc=100.00% | train_strategy_f1=40.00% | train_relation_acc=100.00% | elapsed=6934s
[Stage3-KO(relearn_fresh)] | step 1000/1591 (62.9%) | loss=4.8342 | lm=2.7689 | strategy_loss=0.6381 | relation_loss=1.2830 | train_emotion_acc=50.00% | train_strategy_f1=50.00% | train_relation_acc=50.00% | elapsed=7005s
[Stage3-KO(relearn_fresh)] | step 1010/1591 (63.5%) | loss=5.0916 | lm=2.3922 | strategy_loss=0.9812 | relation_loss=1.1811 | train_emotion_acc=0.00% | train_strategy_f1=28.57% | train_relation_acc=50.00% | elapsed=7075s
[Stage3-KO(relearn_fresh)] | step 1020/1591 (64.1%) | loss=5.2539 | lm=2.8506 | strategy_loss=1.1258 | relation_loss=0.0352 | train_emotion_acc=50.00% | train_strategy_f1=42.86% | train_relation_acc=100.00% | elapsed=7144s
[Stage3-KO(relearn_fresh)] | step 1030/1591 (64.7%) | loss=4.0605 | lm=2.6386 | strategy_loss=0.6201 | relation_loss=0.3032 | train_emotion_acc=100.00% | train_strategy_f1=60.00% | train_relation_acc=100.00% | elapsed=7214s
[Stage3-KO(relearn_fresh)] | step 1040/1591 (65.4%) | loss=4.4672 | lm=2.1678 | strategy_loss=0.6431 | relation_loss=1.4318 | train_emotion_acc=50.00% | train_strategy_f1=75.00% | train_relation_acc=50.00% | elapsed=7285s
[Stage3-KO(relearn_fresh)] | step 1050/1591 (66.0%) | loss=4.0021 | lm=2.6040 | strategy_loss=0.7280 | relation_loss=0.0619 | train_emotion_acc=100.00% | train_strategy_f1=33.33% | train_relation_acc=100.00% | elapsed=7355s
[Stage3-KO(relearn_fresh)] | step 1060/1591 (66.6%) | loss=3.7287 | lm=2.0202 | strategy_loss=0.6649 | relation_loss=0.1738 | train_emotion_acc=50.00% | train_strategy_f1=40.00% | train_relation_acc=100.00% | elapsed=7422s
[Stage3-KO(relearn_fresh)] | step 1070/1591 (67.3%) | loss=4.9970 | lm=2.9354 | strategy_loss=0.8225 | relation_loss=0.3612 | train_emotion_acc=50.00% | train_strategy_f1=40.00% | train_relation_acc=100.00% | elapsed=7492s
[Stage3-KO(relearn_fresh)] | step 1080/1591 (67.9%) | loss=4.6485 | lm=2.7516 | strategy_loss=0.6539 | relation_loss=0.1814 | train_emotion_acc=50.00% | train_strategy_f1=80.00% | train_relation_acc=100.00% | elapsed=7562s
[Stage3-KO(relearn_fresh)] | step 1090/1591 (68.5%) | loss=3.6775 | lm=2.0531 | strategy_loss=0.7210 | relation_loss=0.0060 | train_emotion_acc=50.00% | train_strategy_f1=66.67% | train_relation_acc=100.00% | elapsed=7633s
[Stage3-KO(relearn_fresh)] | step 1100/1591 (69.1%) | loss=3.8577 | lm=2.5650 | strategy_loss=0.6541 | relation_loss=0.0509 | train_emotion_acc=100.00% | train_strategy_f1=60.00% | train_relation_acc=100.00% | elapsed=7702s
[Stage3-KO(relearn_fresh)] | step 1110/1591 (69.8%) | loss=3.7727 | lm=2.0685 | strategy_loss=0.6623 | relation_loss=0.2796 | train_emotion_acc=50.00% | train_strategy_f1=40.00% | train_relation_acc=100.00% | elapsed=7772s
[Stage3-KO(relearn_fresh)] | step 1120/1591 (70.4%) | loss=3.7707 | lm=2.1602 | strategy_loss=0.6464 | relation_loss=0.6124 | train_emotion_acc=100.00% | train_strategy_f1=60.00% | train_relation_acc=50.00% | elapsed=7842s
[Stage3-KO(relearn_fresh)] | step 1130/1591 (71.0%) | loss=3.0634 | lm=1.6471 | strategy_loss=0.5942 | relation_loss=0.0213 | train_emotion_acc=50.00% | train_strategy_f1=60.00% | train_relation_acc=100.00% | elapsed=7911s
[Stage3-KO(relearn_fresh)] | step 1140/1591 (71.7%) | loss=5.1293 | lm=2.3885 | strategy_loss=1.1738 | relation_loss=0.9111 | train_emotion_acc=50.00% | train_strategy_f1=16.67% | train_relation_acc=50.00% | elapsed=7982s
[Stage3-KO(relearn_fresh)] | step 1150/1591 (72.3%) | loss=3.4666 | lm=2.0218 | strategy_loss=0.6037 | relation_loss=0.0003 | train_emotion_acc=50.00% | train_strategy_f1=50.00% | train_relation_acc=100.00% | elapsed=8052s
[Stage3-KO(relearn_fresh)] | step 1160/1591 (72.9%) | loss=4.1979 | lm=2.2257 | strategy_loss=0.7907 | relation_loss=0.0527 | train_emotion_acc=50.00% | train_strategy_f1=40.00% | train_relation_acc=100.00% | elapsed=8122s
[Stage3-KO(relearn_fresh)] | step 1170/1591 (73.5%) | loss=5.2340 | lm=2.9008 | strategy_loss=1.0592 | relation_loss=0.0565 | train_emotion_acc=50.00% | train_strategy_f1=20.00% | train_relation_acc=100.00% | elapsed=8191s
[Stage3-KO(relearn_fresh)] | step 1180/1591 (74.2%) | loss=3.7827 | lm=2.2560 | strategy_loss=0.6487 | relation_loss=0.0817 | train_emotion_acc=50.00% | train_strategy_f1=33.33% | train_relation_acc=100.00% | elapsed=8262s
[Stage3-KO(relearn_fresh)] | step 1190/1591 (74.8%) | loss=4.8145 | lm=2.3354 | strategy_loss=0.7846 | relation_loss=1.3554 | train_emotion_acc=50.00% | train_strategy_f1=50.00% | train_relation_acc=50.00% | elapsed=8331s
[Stage3-KO(relearn_fresh)] | step 1200/1591 (75.4%) | loss=4.5369 | lm=2.8888 | strategy_loss=0.7857 | relation_loss=0.2778 | train_emotion_acc=100.00% | train_strategy_f1=40.00% | train_relation_acc=100.00% | elapsed=8401s
[Stage3-KO(relearn_fresh)] EVAL @1200 (valid) | EMOTION=78.00% | RELATION=97.00% | STRATEGY=68.59% | STRATEGY_HAMMING=67.38% | loss=3.7818 | lm_loss=2.2046 | emotion_loss=0.6822 | strategy_loss=0.7014 | relation_loss=0.1688
[Stage3-KO(relearn_fresh)] | step 1210/1591 (76.1%) | loss=4.2492 | lm=2.1047 | strategy_loss=0.7388 | relation_loss=0.7248 | train_emotion_acc=50.00% | train_strategy_f1=40.00% | train_relation_acc=50.00% | elapsed=8514s
[Stage3-KO(relearn_fresh)] | step 1220/1591 (76.7%) | loss=3.8557 | lm=2.5091 | strategy_loss=0.5569 | relation_loss=0.6719 | train_emotion_acc=100.00% | train_strategy_f1=50.00% | train_relation_acc=50.00% | elapsed=8583s
[Stage3-KO(relearn_fresh)] | step 1230/1591 (77.3%) | loss=3.7483 | lm=2.3487 | strategy_loss=0.5379 | relation_loss=0.1221 | train_emotion_acc=50.00% | train_strategy_f1=50.00% | train_relation_acc=100.00% | elapsed=8653s
[Stage3-KO(relearn_fresh)] | step 1240/1591 (77.9%) | loss=4.7140 | lm=2.5703 | strategy_loss=0.6935 | relation_loss=1.2730 | train_emotion_acc=50.00% | train_strategy_f1=33.33% | train_relation_acc=50.00% | elapsed=8722s
[Stage3-KO(relearn_fresh)] | step 1250/1591 (78.6%) | loss=4.7459 | lm=2.5962 | strategy_loss=1.0583 | relation_loss=0.4322 | train_emotion_acc=100.00% | train_strategy_f1=16.67% | train_relation_acc=100.00% | elapsed=8790s
[Stage3-KO(relearn_fresh)] | step 1260/1591 (79.2%) | loss=3.5807 | lm=2.0068 | strategy_loss=0.5161 | relation_loss=0.5121 | train_emotion_acc=50.00% | train_strategy_f1=75.00% | train_relation_acc=100.00% | elapsed=8860s
[Stage3-KO(relearn_fresh)] | step 1270/1591 (79.8%) | loss=3.5658 | lm=1.9521 | strategy_loss=0.8177 | relation_loss=0.0843 | train_emotion_acc=100.00% | train_strategy_f1=50.00% | train_relation_acc=100.00% | elapsed=8930s
[Stage3-KO(relearn_fresh)] | step 1280/1591 (80.5%) | loss=4.2074 | lm=2.4563 | strategy_loss=0.6149 | relation_loss=0.0291 | train_emotion_acc=50.00% | train_strategy_f1=50.00% | train_relation_acc=100.00% | elapsed=9000s
[Stage3-KO(relearn_fresh)] | step 1290/1591 (81.1%) | loss=3.7342 | lm=2.2628 | strategy_loss=0.6149 | relation_loss=0.0459 | train_emotion_acc=50.00% | train_strategy_f1=50.00% | train_relation_acc=100.00% | elapsed=9069s
[Stage3-KO(relearn_fresh)] | step 1300/1591 (81.7%) | loss=4.6772 | lm=2.2308 | strategy_loss=0.8560 | relation_loss=0.7861 | train_emotion_acc=0.00% | train_strategy_f1=40.00% | train_relation_acc=50.00% | elapsed=9138s
[Stage3-KO(relearn_fresh)] | step 1310/1591 (82.3%) | loss=3.9678 | lm=2.5733 | strategy_loss=0.7241 | relation_loss=0.0585 | train_emotion_acc=100.00% | train_strategy_f1=25.00% | train_relation_acc=100.00% | elapsed=9208s
[Stage3-KO(relearn_fresh)] | step 1320/1591 (83.0%) | loss=4.2983 | lm=2.1813 | strategy_loss=0.8115 | relation_loss=0.4122 | train_emotion_acc=50.00% | train_strategy_f1=20.00% | train_relation_acc=100.00% | elapsed=9278s
[Stage3-KO(relearn_fresh)] | step 1330/1591 (83.6%) | loss=4.3154 | lm=2.3435 | strategy_loss=0.6867 | relation_loss=0.0016 | train_emotion_acc=0.00% | train_strategy_f1=60.00% | train_relation_acc=100.00% | elapsed=9348s
[Stage3-KO(relearn_fresh)] | step 1340/1591 (84.2%) | loss=3.3083 | lm=1.9885 | strategy_loss=0.5655 | relation_loss=0.0561 | train_emotion_acc=50.00% | train_strategy_f1=60.00% | train_relation_acc=100.00% | elapsed=9418s
[Stage3-KO(relearn_fresh)] | step 1350/1591 (84.9%) | loss=4.4653 | lm=2.6968 | strategy_loss=0.7480 | relation_loss=0.0005 | train_emotion_acc=50.00% | train_strategy_f1=20.00% | train_relation_acc=100.00% | elapsed=9487s
[Stage3-KO(relearn_fresh)] | step 1360/1591 (85.5%) | loss=4.3352 | lm=2.4061 | strategy_loss=0.8487 | relation_loss=0.6420 | train_emotion_acc=100.00% | train_strategy_f1=50.00% | train_relation_acc=50.00% | elapsed=9556s
[Stage3-KO(relearn_fresh)] | step 1370/1591 (86.1%) | loss=3.4374 | lm=1.8763 | strategy_loss=0.7103 | relation_loss=0.0024 | train_emotion_acc=50.00% | train_strategy_f1=50.00% | train_relation_acc=100.00% | elapsed=9625s
[Stage3-KO(relearn_fresh)] | step 1380/1591 (86.7%) | loss=3.3548 | lm=2.3767 | strategy_loss=0.4980 | relation_loss=0.1499 | train_emotion_acc=100.00% | train_strategy_f1=50.00% | train_relation_acc=100.00% | elapsed=9694s
[Stage3-KO(relearn_fresh)] | step 1390/1591 (87.4%) | loss=4.3909 | lm=2.2976 | strategy_loss=1.0734 | relation_loss=0.0408 | train_emotion_acc=100.00% | train_strategy_f1=20.00% | train_relation_acc=100.00% | elapsed=9763s
[Stage3-KO(relearn_fresh)] | step 1400/1591 (88.0%) | loss=4.7901 | lm=2.8344 | strategy_loss=0.5605 | relation_loss=0.8508 | train_emotion_acc=50.00% | train_strategy_f1=60.00% | train_relation_acc=50.00% | elapsed=9833s
[Stage3-KO(relearn_fresh)] | step 1410/1591 (88.6%) | loss=4.7189 | lm=2.1918 | strategy_loss=0.6632 | relation_loss=2.9352 | train_emotion_acc=100.00% | train_strategy_f1=50.00% | train_relation_acc=50.00% | elapsed=9902s
[Stage3-KO(relearn_fresh)] | step 1420/1591 (89.3%) | loss=2.9454 | lm=1.8163 | strategy_loss=0.4354 | relation_loss=0.6028 | train_emotion_acc=100.00% | train_strategy_f1=100.00% | train_relation_acc=50.00% | elapsed=9971s
[Stage3-KO(relearn_fresh)] | step 1430/1591 (89.9%) | loss=3.2736 | lm=1.8432 | strategy_loss=0.7015 | relation_loss=0.1550 | train_emotion_acc=100.00% | train_strategy_f1=40.00% | train_relation_acc=100.00% | elapsed=10041s
[Stage3-KO(relearn_fresh)] | step 1440/1591 (90.5%) | loss=3.9873 | lm=2.7282 | strategy_loss=0.5429 | relation_loss=0.1617 | train_emotion_acc=100.00% | train_strategy_f1=75.00% | train_relation_acc=100.00% | elapsed=10109s
[Stage3-KO(relearn_fresh)] | step 1450/1591 (91.1%) | loss=3.6582 | lm=1.9889 | strategy_loss=0.6979 | relation_loss=0.3469 | train_emotion_acc=50.00% | train_strategy_f1=60.00% | train_relation_acc=50.00% | elapsed=10178s
[Stage3-KO(relearn_fresh)] | step 1460/1591 (91.8%) | loss=4.0687 | lm=1.7134 | strategy_loss=1.0995 | relation_loss=0.2635 | train_emotion_acc=50.00% | train_strategy_f1=16.67% | train_relation_acc=100.00% | elapsed=10247s
[Stage3-KO(relearn_fresh)] | step 1470/1591 (92.4%) | loss=4.3610 | lm=2.4920 | strategy_loss=0.7509 | relation_loss=0.5823 | train_emotion_acc=100.00% | train_strategy_f1=60.00% | train_relation_acc=100.00% | elapsed=10318s
[Stage3-KO(relearn_fresh)] | step 1480/1591 (93.0%) | loss=3.9739 | lm=1.9054 | strategy_loss=1.0645 | relation_loss=0.2558 | train_emotion_acc=100.00% | train_strategy_f1=16.67% | train_relation_acc=100.00% | elapsed=10387s
[Stage3-KO(relearn_fresh)] | step 1490/1591 (93.7%) | loss=3.8261 | lm=2.2307 | strategy_loss=0.5699 | relation_loss=0.8345 | train_emotion_acc=100.00% | train_strategy_f1=50.00% | train_relation_acc=50.00% | elapsed=10457s
[Stage3-KO(relearn_fresh)] | step 1500/1591 (94.3%) | loss=5.1372 | lm=2.8063 | strategy_loss=0.8802 | relation_loss=1.2193 | train_emotion_acc=50.00% | train_strategy_f1=25.00% | train_relation_acc=50.00% | elapsed=10526s
[Stage3-KO(relearn_fresh)] | step 1510/1591 (94.9%) | loss=4.5036 | lm=2.7365 | strategy_loss=0.8964 | relation_loss=0.2329 | train_emotion_acc=100.00% | train_strategy_f1=40.00% | train_relation_acc=100.00% | elapsed=10595s
[Stage3-KO(relearn_fresh)] | step 1520/1591 (95.5%) | loss=4.2067 | lm=2.7634 | strategy_loss=0.7119 | relation_loss=0.0310 | train_emotion_acc=100.00% | train_strategy_f1=50.00% | train_relation_acc=100.00% | elapsed=10665s
[Stage3-KO(relearn_fresh)] | step 1530/1591 (96.2%) | loss=5.8709 | lm=2.5991 | strategy_loss=1.1357 | relation_loss=2.2863 | train_emotion_acc=100.00% | train_strategy_f1=16.67% | train_relation_acc=50.00% | elapsed=10735s
[Stage3-KO(relearn_fresh)] | step 1540/1591 (96.8%) | loss=3.0568 | lm=2.1751 | strategy_loss=0.4487 | relation_loss=0.1553 | train_emotion_acc=100.00% | train_strategy_f1=66.67% | train_relation_acc=100.00% | elapsed=10806s
[Stage3-KO(relearn_fresh)] | step 1550/1591 (97.4%) | loss=3.8654 | lm=2.5268 | strategy_loss=0.6722 | relation_loss=0.0610 | train_emotion_acc=100.00% | train_strategy_f1=50.00% | train_relation_acc=100.00% | elapsed=10875s
[Stage3-KO(relearn_fresh)] | step 1560/1591 (98.1%) | loss=3.1715 | lm=1.5944 | strategy_loss=0.7820 | relation_loss=0.1584 | train_emotion_acc=100.00% | train_strategy_f1=40.00% | train_relation_acc=100.00% | elapsed=10945s
[Stage3-KO(relearn_fresh)] | step 1570/1591 (98.7%) | loss=3.9953 | lm=2.2912 | strategy_loss=0.6443 | relation_loss=0.1215 | train_emotion_acc=50.00% | train_strategy_f1=80.00% | train_relation_acc=100.00% | elapsed=11015s
[Stage3-KO(relearn_fresh)] | step 1580/1591 (99.3%) | loss=3.6515 | lm=2.3886 | strategy_loss=0.6622 | relation_loss=0.0128 | train_emotion_acc=100.00% | train_strategy_f1=40.00% | train_relation_acc=100.00% | elapsed=11085s
[Stage3-KO(relearn_fresh)] | step 1590/1591 (99.9%) | loss=3.2600 | lm=1.7130 | strategy_loss=0.6696 | relation_loss=0.3402 | train_emotion_acc=100.00% | train_strategy_f1=40.00% | train_relation_acc=100.00% | elapsed=11154s
[Stage3-KO(relearn_fresh)] FINAL | EMOTION=77.50% | RELATION=97.00% | STRATEGY=67.46% | STRATEGY_HAMMING=65.62%
[Stage3-KO(relearn_fresh)] saved_to=/home/jbnu/jaehong/en-ko-empathy-lora/outputs/taffc/qwen/S16/s123
[Stage3-KO(relearn_fresh)] init_mode=relearn_fresh
[Stage3-KO(relearn_fresh)] vram_peak_gb=37.05
[Stage3-KO(relearn_fresh)] steps=1591
[Stage3-KO(relearn_fresh)] progress -> /home/jbnu/jaehong/en-ko-empathy-lora/outputs/taffc/qwen/S16/s123/progress.json
[TRAIN] outputs/taffc/qwen/F16/s456 seed=456
device=cuda
cuda_device=NVIDIA L40S
train=25456 valid=3182 A=6 S=4 R=7 strategy_scope=utterance
Warning: You are sending unauthenticated requests to the HF Hub. Please set a HF_TOKEN to enable higher rate limits and faster downloads.
EN replay: every 4 KO steps, n=17788
Fetching 4 files:   0%|          | 0/4 [00:00<?, ?it/s]Fetching 4 files: 100%|██████████| 4/4 [00:00<00:00, 9044.32it/s]
[transformers] The fast path is not available because one of the required library is not installed. Falling back to torch implementation. To install follow https://github.com/fla-org/flash-linear-attention#installation and https://github.com/Dao-AILab/causal-conv1d
Loading weights:   0%|          | 0/427 [00:00<?, ?it/s]Loading weights: 100%|██████████| 427/427 [00:00<00:00, 8386.68it/s]
bitsandbytes library load error: Configured CUDA binary not found at /home/jbnu/jupyter-env/lib/python3.12/site-packages/bitsandbytes/libbitsandbytes_cuda130.so
 If you are using Intel CPU/XPU, please install intel_extension_for_pytorch to enable required ops
Traceback (most recent call last):
  File "/home/jbnu/jupyter-env/lib/python3.12/site-packages/bitsandbytes/cextension.py", line 318, in <module>
    lib = get_native_library()
          ^^^^^^^^^^^^^^^^^^^^
  File "/home/jbnu/jupyter-env/lib/python3.12/site-packages/bitsandbytes/cextension.py", line 282, in get_native_library
    raise RuntimeError(f"Configured {BNB_BACKEND} binary not found at {cuda_binary_path}")
RuntimeError: Configured CUDA binary not found at /home/jbnu/jupyter-env/lib/python3.12/site-packages/bitsandbytes/libbitsandbytes_cuda130.so
lora_init_mode=select_bank_en_merged_r16
gates={'affect': 'share', 'strategy': 'relearn', 'relation': 'relearn', 'culture': 'suppress'}
strategy_pos_weight=[1.7157411575317383, 1.7157411575317383, 1.7157411575317383, 1.7157411575317383]
loss_weights emotion=0.245 strategy=3.150 relation=0.787 gate_conditioned=True curriculum=True
two_pass_affect=True
LoRA anchor enabled weight=0.04 n_params=64
lr_lora=7.5e-05 lr_head=0.00015 freeze_lora=False trainable=20,783,121
[Stage3-KO(select_bank_en_merged_r16)] model=Qwen/Qwen3.5-9B train=25456 valid=3182 init=select_bank_en_merged_r16 steps≈1591 S=multilabel gates={'affect': 'share', 'strategy': 'relearn', 'relation': 'relearn', 'culture': 'suppress'}
[Stage3-KO(select_bank_en_merged_r16)] | step 1/1591 (0.1%) | loss=7.7999 | lm=2.2987 | strategy_loss=0.7385 | relation_loss=2.0652 | anchor=0.0000 | train_emotion_acc=0.00% | train_strategy_f1=50.00% | train_relation_acc=0.00% | elapsed=8s
[Stage3-KO(select_bank_en_merged_r16)] | step 10/1591 (0.6%) | loss=7.8991 | lm=1.9520 | strategy_loss=0.8435 | relation_loss=2.1621 | anchor=0.0000 | train_emotion_acc=50.00% | train_strategy_f1=0.00% | train_relation_acc=0.00% | elapsed=71s
[Stage3-KO(select_bank_en_merged_r16)] | step 20/1591 (1.3%) | loss=10.7907 | lm=3.1163 | strategy_loss=1.4037 | relation_loss=1.4460 | anchor=0.0000 | train_emotion_acc=50.00% | train_strategy_f1=16.67% | train_relation_acc=100.00% | elapsed=142s
[Stage3-KO(select_bank_en_merged_r16)] | step 30/1591 (1.9%) | loss=7.3600 | lm=3.0151 | strategy_loss=0.6527 | relation_loss=1.3424 | anchor=0.0000 | train_emotion_acc=50.00% | train_strategy_f1=80.00% | train_relation_acc=50.00% | elapsed=212s
[Stage3-KO(select_bank_en_merged_r16)] | step 40/1591 (2.5%) | loss=12.4188 | lm=2.6671 | strategy_loss=1.8787 | relation_loss=1.5566 | anchor=0.0000 | train_emotion_acc=0.00% | train_strategy_f1=0.00% | train_relation_acc=50.00% | elapsed=284s
[Stage3-KO(select_bank_en_merged_r16)] | step 50/1591 (3.1%) | loss=6.3114 | lm=2.0877 | strategy_loss=0.6825 | relation_loss=1.1122 | anchor=0.0000 | train_emotion_acc=100.00% | train_strategy_f1=60.00% | train_relation_acc=100.00% | elapsed=355s
[Stage3-KO(select_bank_en_merged_r16)] | step 60/1591 (3.8%) | loss=6.1357 | lm=2.9131 | strategy_loss=0.6273 | relation_loss=0.4390 | anchor=0.0000 | train_emotion_acc=100.00% | train_strategy_f1=50.00% | train_relation_acc=100.00% | elapsed=425s
[Stage3-KO(select_bank_en_merged_r16)] | step 70/1591 (4.4%) | loss=7.0707 | lm=2.5158 | strategy_loss=0.9294 | relation_loss=0.4347 | anchor=0.0000 | train_emotion_acc=100.00% | train_strategy_f1=40.00% | train_relation_acc=100.00% | elapsed=495s
[Stage3-KO(select_bank_en_merged_r16)] | step 80/1591 (5.0%) | loss=7.3076 | lm=2.9323 | strategy_loss=0.8427 | relation_loss=0.6489 | anchor=0.0000 | train_emotion_acc=100.00% | train_strategy_f1=16.67% | train_relation_acc=100.00% | elapsed=565s
[Stage3-KO(select_bank_en_merged_r16)] | step 90/1591 (5.7%) | loss=7.6744 | lm=2.7197 | strategy_loss=0.7875 | relation_loss=1.5123 | anchor=0.0000 | train_emotion_acc=100.00% | train_strategy_f1=66.67% | train_relation_acc=0.00% | elapsed=638s
[Stage3-KO(select_bank_en_merged_r16)] | step 100/1591 (6.3%) | loss=6.3673 | lm=2.2847 | strategy_loss=0.7082 | relation_loss=0.8640 | anchor=0.0000 | train_emotion_acc=50.00% | train_strategy_f1=50.00% | train_relation_acc=50.00% | elapsed=709s
[Stage3-KO(select_bank_en_merged_r16)] | step 110/1591 (6.9%) | loss=5.6909 | lm=2.2935 | strategy_loss=0.7234 | relation_loss=0.0558 | anchor=0.0000 | train_emotion_acc=50.00% | train_strategy_f1=40.00% | train_relation_acc=100.00% | elapsed=779s
[Stage3-KO(select_bank_en_merged_r16)] | step 120/1591 (7.5%) | loss=6.3899 | lm=2.4906 | strategy_loss=0.5307 | relation_loss=1.6372 | anchor=0.0000 | train_emotion_acc=100.00% | train_strategy_f1=66.67% | train_relation_acc=50.00% | elapsed=850s
[Stage3-KO(select_bank_en_merged_r16)] | step 130/1591 (8.2%) | loss=5.1135 | lm=2.3324 | strategy_loss=0.5835 | relation_loss=0.0707 | anchor=0.0000 | train_emotion_acc=50.00% | train_strategy_f1=50.00% | train_relation_acc=100.00% | elapsed=921s
[Stage3-KO(select_bank_en_merged_r16)] | step 140/1591 (8.8%) | loss=5.5474 | lm=2.2121 | strategy_loss=0.7266 | relation_loss=0.0175 | anchor=0.0000 | train_emotion_acc=100.00% | train_strategy_f1=66.67% | train_relation_acc=100.00% | elapsed=994s
[Stage3-KO(select_bank_en_merged_r16)] | step 150/1591 (9.4%) | loss=7.0605 | lm=2.2296 | strategy_loss=1.0802 | relation_loss=0.0669 | anchor=0.0000 | train_emotion_acc=100.00% | train_strategy_f1=33.33% | train_relation_acc=100.00% | elapsed=1066s
[Stage3-KO(select_bank_en_merged_r16)] | step 160/1591 (10.1%) | loss=7.9870 | lm=1.9200 | strategy_loss=1.0767 | relation_loss=1.3395 | anchor=0.0000 | train_emotion_acc=50.00% | train_strategy_f1=16.67% | train_relation_acc=50.00% | elapsed=1137s
[Stage3-KO(select_bank_en_merged_r16)] | step 170/1591 (10.7%) | loss=5.9266 | lm=2.2530 | strategy_loss=0.5856 | relation_loss=1.0587 | anchor=0.0000 | train_emotion_acc=50.00% | train_strategy_f1=60.00% | train_relation_acc=50.00% | elapsed=1208s
[Stage3-KO(select_bank_en_merged_r16)] | step 180/1591 (11.3%) | loss=7.5987 | lm=2.2554 | strategy_loss=0.6940 | relation_loss=2.2335 | anchor=0.0000 | train_emotion_acc=50.00% | train_strategy_f1=80.00% | train_relation_acc=50.00% | elapsed=1279s
[Stage3-KO(select_bank_en_merged_r16)] | step 190/1591 (11.9%) | loss=6.7434 | lm=2.1223 | strategy_loss=0.9387 | relation_loss=0.5005 | anchor=0.0000 | train_emotion_acc=100.00% | train_strategy_f1=28.57% | train_relation_acc=50.00% | elapsed=1349s
[Stage3-KO(select_bank_en_merged_r16)] | step 200/1591 (12.6%) | loss=6.0822 | lm=2.3940 | strategy_loss=0.7702 | relation_loss=0.3756 | anchor=0.0000 | train_emotion_acc=100.00% | train_strategy_f1=20.00% | train_relation_acc=100.00% | elapsed=1418s
[Stage3-KO(select_bank_en_merged_r16)] | step 210/1591 (13.2%) | loss=6.1101 | lm=2.8035 | strategy_loss=0.6223 | relation_loss=0.5868 | anchor=0.0000 | train_emotion_acc=100.00% | train_strategy_f1=40.00% | train_relation_acc=50.00% | elapsed=1489s
[Stage3-KO(select_bank_en_merged_r16)] | step 220/1591 (13.8%) | loss=4.8780 | lm=2.4952 | strategy_loss=0.5319 | relation_loss=0.0018 | anchor=0.0000 | train_emotion_acc=100.00% | train_strategy_f1=60.00% | train_relation_acc=100.00% | elapsed=1560s
[Stage3-KO(select_bank_en_merged_r16)] | step 230/1591 (14.5%) | loss=6.0478 | lm=2.7040 | strategy_loss=0.6992 | relation_loss=0.1955 | anchor=0.0000 | train_emotion_acc=50.00% | train_strategy_f1=40.00% | train_relation_acc=100.00% | elapsed=1631s
[Stage3-KO(select_bank_en_merged_r16)] | step 240/1591 (15.1%) | loss=7.4084 | lm=2.8808 | strategy_loss=0.9156 | relation_loss=0.4933 | anchor=0.0000 | train_emotion_acc=50.00% | train_strategy_f1=28.57% | train_relation_acc=100.00% | elapsed=1701s
[Stage3-KO(select_bank_en_merged_r16)] | step 250/1591 (15.7%) | loss=5.8405 | lm=2.5578 | strategy_loss=0.5877 | relation_loss=0.7703 | anchor=0.0000 | train_emotion_acc=100.00% | train_strategy_f1=100.00% | train_relation_acc=50.00% | elapsed=1770s
[Stage3-KO(select_bank_en_merged_r16)] | step 260/1591 (16.3%) | loss=8.9274 | lm=2.6731 | strategy_loss=0.7909 | relation_loss=2.9089 | anchor=0.0000 | train_emotion_acc=100.00% | train_strategy_f1=50.00% | train_relation_acc=50.00% | elapsed=1841s
[Stage3-KO(select_bank_en_merged_r16)] | step 270/1591 (17.0%) | loss=6.4224 | lm=2.7068 | strategy_loss=0.8133 | relation_loss=0.0510 | anchor=0.0000 | train_emotion_acc=50.00% | train_strategy_f1=50.00% | train_relation_acc=100.00% | elapsed=1912s
[Stage3-KO(select_bank_en_merged_r16)] | step 280/1591 (17.6%) | loss=6.3067 | lm=2.7132 | strategy_loss=0.7487 | relation_loss=0.2311 | anchor=0.0000 | train_emotion_acc=50.00% | train_strategy_f1=50.00% | train_relation_acc=100.00% | elapsed=1983s
[Stage3-KO(select_bank_en_merged_r16)] | step 290/1591 (18.2%) | loss=6.3768 | lm=2.4928 | strategy_loss=0.5891 | relation_loss=1.2823 | anchor=0.0000 | train_emotion_acc=100.00% | train_strategy_f1=60.00% | train_relation_acc=0.00% | elapsed=2054s
[Stage3-KO(select_bank_en_merged_r16)] | step 300/1591 (18.9%) | loss=7.0515 | lm=2.3495 | strategy_loss=0.7481 | relation_loss=1.4950 | anchor=0.0000 | train_emotion_acc=100.00% | train_strategy_f1=33.33% | train_relation_acc=0.00% | elapsed=2125s
[Stage3-KO(select_bank_en_merged_r16)] | step 310/1591 (19.5%) | loss=5.7184 | lm=2.8426 | strategy_loss=0.5647 | relation_loss=0.3447 | anchor=0.0000 | train_emotion_acc=100.00% | train_strategy_f1=60.00% | train_relation_acc=100.00% | elapsed=2196s
[Stage3-KO(select_bank_en_merged_r16)] | step 320/1591 (20.1%) | loss=6.0980 | lm=2.4626 | strategy_loss=0.6994 | relation_loss=0.6341 | anchor=0.0000 | train_emotion_acc=100.00% | train_strategy_f1=50.00% | train_relation_acc=50.00% | elapsed=2268s
[Stage3-KO(select_bank_en_merged_r16)] | step 330/1591 (20.7%) | loss=5.6272 | lm=2.4156 | strategy_loss=0.7064 | relation_loss=0.0021 | anchor=0.0000 | train_emotion_acc=50.00% | train_strategy_f1=33.33% | train_relation_acc=100.00% | elapsed=2339s
[Stage3-KO(select_bank_en_merged_r16)] | step 340/1591 (21.4%) | loss=6.6062 | lm=2.8075 | strategy_loss=0.7409 | relation_loss=0.5671 | anchor=0.0000 | train_emotion_acc=50.00% | train_strategy_f1=66.67% | train_relation_acc=50.00% | elapsed=2409s
[Stage3-KO(select_bank_en_merged_r16)] | step 350/1591 (22.0%) | loss=7.0608 | lm=2.4257 | strategy_loss=1.0134 | relation_loss=0.2650 | anchor=0.0000 | train_emotion_acc=100.00% | train_strategy_f1=50.00% | train_relation_acc=100.00% | elapsed=2479s
[Stage3-KO(select_bank_en_merged_r16)] | step 360/1591 (22.6%) | loss=7.5309 | lm=2.4299 | strategy_loss=0.9199 | relation_loss=1.1845 | anchor=0.0000 | train_emotion_acc=100.00% | train_strategy_f1=28.57% | train_relation_acc=50.00% | elapsed=2550s
[Stage3-KO(select_bank_en_merged_r16)] | step 370/1591 (23.3%) | loss=5.4326 | lm=2.1462 | strategy_loss=0.7574 | relation_loss=0.0071 | anchor=0.0000 | train_emotion_acc=100.00% | train_strategy_f1=50.00% | train_relation_acc=100.00% | elapsed=2621s
[Stage3-KO(select_bank_en_merged_r16)] | step 380/1591 (23.9%) | loss=6.9122 | lm=3.5925 | strategy_loss=0.7370 | relation_loss=0.1025 | anchor=0.0000 | train_emotion_acc=100.00% | train_strategy_f1=25.00% | train_relation_acc=100.00% | elapsed=2693s
[Stage3-KO(select_bank_en_merged_r16)] | step 390/1591 (24.5%) | loss=4.5892 | lm=2.4499 | strategy_loss=0.4484 | relation_loss=0.1935 | anchor=0.0000 | train_emotion_acc=100.00% | train_strategy_f1=60.00% | train_relation_acc=100.00% | elapsed=2763s
[Stage3-KO(select_bank_en_merged_r16)] | step 400/1591 (25.1%) | loss=7.1279 | lm=2.4062 | strategy_loss=0.7950 | relation_loss=1.1649 | anchor=0.0000 | train_emotion_acc=50.00% | train_strategy_f1=20.00% | train_relation_acc=50.00% | elapsed=2835s
[Stage3-KO(select_bank_en_merged_r16)] EVAL @400 (valid) | EMOTION=80.50% | RELATION=96.50% | STRATEGY=67.28% | STRATEGY_HAMMING=64.25% | loss=6.0130 | lm_loss=2.4179 | emotion_loss=0.6985 | strategy_loss=0.7613 | relation_loss=0.2426
[Stage3-KO(select_bank_en_merged_r16)] | step 410/1591 (25.8%) | loss=6.0161 | lm=2.6028 | strategy_loss=0.6620 | relation_loss=0.4930 | anchor=0.0000 | train_emotion_acc=100.00% | train_strategy_f1=40.00% | train_relation_acc=100.00% | elapsed=2949s
[Stage3-KO(select_bank_en_merged_r16)] | step 420/1591 (26.4%) | loss=5.5163 | lm=2.1921 | strategy_loss=0.7215 | relation_loss=0.2262 | anchor=0.0000 | train_emotion_acc=100.00% | train_strategy_f1=40.00% | train_relation_acc=100.00% | elapsed=3021s
[Stage3-KO(select_bank_en_merged_r16)] | step 430/1591 (27.0%) | loss=5.6404 | lm=2.3275 | strategy_loss=0.6263 | relation_loss=0.1488 | anchor=0.0000 | train_emotion_acc=50.00% | train_strategy_f1=40.00% | train_relation_acc=100.00% | elapsed=3092s
[Stage3-KO(select_bank_en_merged_r16)] | step 440/1591 (27.7%) | loss=6.9622 | lm=2.5202 | strategy_loss=0.9417 | relation_loss=0.3815 | anchor=0.0000 | train_emotion_acc=100.00% | train_strategy_f1=16.67% | train_relation_acc=100.00% | elapsed=3164s
[Stage3-KO(select_bank_en_merged_r16)] | step 450/1591 (28.3%) | loss=7.2130 | lm=3.2656 | strategy_loss=0.6783 | relation_loss=1.0942 | anchor=0.0000 | train_emotion_acc=100.00% | train_strategy_f1=80.00% | train_relation_acc=50.00% | elapsed=3234s
[Stage3-KO(select_bank_en_merged_r16)] | step 460/1591 (28.9%) | loss=6.0893 | lm=2.9669 | strategy_loss=0.6894 | relation_loss=0.0377 | anchor=0.0000 | train_emotion_acc=100.00% | train_strategy_f1=40.00% | train_relation_acc=100.00% | elapsed=3305s
[Stage3-KO(select_bank_en_merged_r16)] | step 470/1591 (29.5%) | loss=4.8297 | lm=2.3012 | strategy_loss=0.5856 | relation_loss=0.0110 | anchor=0.0000 | train_emotion_acc=100.00% | train_strategy_f1=50.00% | train_relation_acc=100.00% | elapsed=3376s
[Stage3-KO(select_bank_en_merged_r16)] | step 480/1591 (30.2%) | loss=5.8651 | lm=2.4695 | strategy_loss=0.7024 | relation_loss=0.2583 | anchor=0.0000 | train_emotion_acc=100.00% | train_strategy_f1=40.00% | train_relation_acc=100.00% | elapsed=3447s
[Stage3-KO(select_bank_en_merged_r16)] | step 490/1591 (30.8%) | loss=5.7563 | lm=2.9471 | strategy_loss=0.5931 | relation_loss=0.2790 | anchor=0.0000 | train_emotion_acc=100.00% | train_strategy_f1=66.67% | train_relation_acc=100.00% | elapsed=3518s
[Stage3-KO(select_bank_en_merged_r16)] | step 500/1591 (31.4%) | loss=5.3214 | lm=2.4007 | strategy_loss=0.6454 | relation_loss=0.0473 | anchor=0.0000 | train_emotion_acc=100.00% | train_strategy_f1=40.00% | train_relation_acc=100.00% | elapsed=3589s
[Stage3-KO(select_bank_en_merged_r16)] | step 510/1591 (32.1%) | loss=5.5786 | lm=2.1856 | strategy_loss=0.7744 | relation_loss=0.0118 | anchor=0.0000 | train_emotion_acc=100.00% | train_strategy_f1=33.33% | train_relation_acc=100.00% | elapsed=3659s
[Stage3-KO(select_bank_en_merged_r16)] | step 520/1591 (32.7%) | loss=5.9057 | lm=2.7069 | strategy_loss=0.6657 | relation_loss=0.2794 | anchor=0.0000 | train_emotion_acc=100.00% | train_strategy_f1=33.33% | train_relation_acc=100.00% | elapsed=3730s
[Stage3-KO(select_bank_en_merged_r16)] | step 530/1591 (33.3%) | loss=6.0521 | lm=2.8070 | strategy_loss=0.7214 | relation_loss=0.0169 | anchor=0.0000 | train_emotion_acc=100.00% | train_strategy_f1=33.33% | train_relation_acc=100.00% | elapsed=3801s
[Stage3-KO(select_bank_en_merged_r16)] | step 540/1591 (33.9%) | loss=5.9225 | lm=2.6132 | strategy_loss=0.7494 | relation_loss=0.0338 | anchor=0.0000 | train_emotion_acc=100.00% | train_strategy_f1=40.00% | train_relation_acc=100.00% | elapsed=3872s
[Stage3-KO(select_bank_en_merged_r16)] | step 550/1591 (34.6%) | loss=6.2444 | lm=2.3038 | strategy_loss=0.8450 | relation_loss=0.2853 | anchor=0.0000 | train_emotion_acc=100.00% | train_strategy_f1=20.00% | train_relation_acc=100.00% | elapsed=3943s
[Stage3-KO(select_bank_en_merged_r16)] | step 560/1591 (35.2%) | loss=6.4446 | lm=2.3368 | strategy_loss=0.8072 | relation_loss=0.6031 | anchor=0.0000 | train_emotion_acc=100.00% | train_strategy_f1=50.00% | train_relation_acc=100.00% | elapsed=4014s
[Stage3-KO(select_bank_en_merged_r16)] | step 570/1591 (35.8%) | loss=6.1521 | lm=2.4614 | strategy_loss=0.8538 | relation_loss=0.0057 | anchor=0.0000 | train_emotion_acc=100.00% | train_strategy_f1=50.00% | train_relation_acc=100.00% | elapsed=4084s
[Stage3-KO(select_bank_en_merged_r16)] | step 580/1591 (36.5%) | loss=8.7484 | lm=3.2791 | strategy_loss=0.7485 | relation_loss=2.1871 | anchor=0.0000 | train_emotion_acc=50.00% | train_strategy_f1=40.00% | train_relation_acc=50.00% | elapsed=4154s
[Stage3-KO(select_bank_en_merged_r16)] | step 590/1591 (37.1%) | loss=5.1091 | lm=2.5973 | strategy_loss=0.5766 | relation_loss=0.0174 | anchor=0.0000 | train_emotion_acc=100.00% | train_strategy_f1=66.67% | train_relation_acc=100.00% | elapsed=4224s
[Stage3-KO(select_bank_en_merged_r16)] | step 600/1591 (37.7%) | loss=6.2504 | lm=2.1387 | strategy_loss=0.6836 | relation_loss=1.1347 | anchor=0.0000 | train_emotion_acc=50.00% | train_strategy_f1=50.00% | train_relation_acc=50.00% | elapsed=4296s
[Stage3-KO(select_bank_en_merged_r16)] | step 610/1591 (38.3%) | loss=5.6493 | lm=2.6191 | strategy_loss=0.6352 | relation_loss=0.1894 | anchor=0.0000 | train_emotion_acc=50.00% | train_strategy_f1=50.00% | train_relation_acc=100.00% | elapsed=4366s
[Stage3-KO(select_bank_en_merged_r16)] | step 620/1591 (39.0%) | loss=6.0383 | lm=2.4323 | strategy_loss=0.7886 | relation_loss=0.1206 | anchor=0.0000 | train_emotion_acc=100.00% | train_strategy_f1=33.33% | train_relation_acc=100.00% | elapsed=4438s
[Stage3-KO(select_bank_en_merged_r16)] | step 630/1591 (39.6%) | loss=5.9747 | lm=3.3111 | strategy_loss=0.5995 | relation_loss=0.0792 | anchor=0.0000 | train_emotion_acc=100.00% | train_strategy_f1=40.00% | train_relation_acc=100.00% | elapsed=4506s
[Stage3-KO(select_bank_en_merged_r16)] | step 640/1591 (40.2%) | loss=7.1287 | lm=2.5230 | strategy_loss=0.9097 | relation_loss=2.1643 | anchor=0.0000 | train_emotion_acc=100.00% | train_strategy_f1=40.00% | train_relation_acc=50.00% | elapsed=4578s
[Stage3-KO(select_bank_en_merged_r16)] | step 650/1591 (40.9%) | loss=6.2314 | lm=2.6450 | strategy_loss=0.6270 | relation_loss=1.8185 | anchor=0.0000 | train_emotion_acc=50.00% | train_strategy_f1=50.00% | train_relation_acc=50.00% | elapsed=4648s
[Stage3-KO(select_bank_en_merged_r16)] | step 660/1591 (41.5%) | loss=6.5674 | lm=2.6770 | strategy_loss=0.9985 | relation_loss=0.5007 | anchor=0.0000 | train_emotion_acc=50.00% | train_strategy_f1=14.29% | train_relation_acc=100.00% | elapsed=4719s
[Stage3-KO(select_bank_en_merged_r16)] | step 670/1591 (42.1%) | loss=6.3189 | lm=2.5219 | strategy_loss=0.8032 | relation_loss=1.2738 | anchor=0.0000 | train_emotion_acc=50.00% | train_strategy_f1=50.00% | train_relation_acc=0.00% | elapsed=4790s
[Stage3-KO(select_bank_en_merged_r16)] | step 680/1591 (42.7%) | loss=4.2703 | lm=2.3802 | strategy_loss=0.5844 | relation_loss=0.0120 | anchor=0.0000 | train_emotion_acc=100.00% | train_strategy_f1=40.00% | train_relation_acc=100.00% | elapsed=4861s
[Stage3-KO(select_bank_en_merged_r16)] | step 690/1591 (43.4%) | loss=5.3482 | lm=2.7620 | strategy_loss=0.7036 | relation_loss=0.2184 | anchor=0.0000 | train_emotion_acc=50.00% | train_strategy_f1=60.00% | train_relation_acc=100.00% | elapsed=4932s
[Stage3-KO(select_bank_en_merged_r16)] | step 700/1591 (44.0%) | loss=4.6142 | lm=2.2885 | strategy_loss=0.5317 | relation_loss=0.7964 | anchor=0.0000 | train_emotion_acc=100.00% | train_strategy_f1=50.00% | train_relation_acc=50.00% | elapsed=5003s
[Stage3-KO(select_bank_en_merged_r16)] | step 710/1591 (44.6%) | loss=6.9390 | lm=2.7359 | strategy_loss=0.8506 | relation_loss=1.9068 | anchor=0.0000 | train_emotion_acc=100.00% | train_strategy_f1=0.00% | train_relation_acc=0.00% | elapsed=5074s
[Stage3-KO(select_bank_en_merged_r16)] | step 720/1591 (45.3%) | loss=5.4304 | lm=2.8393 | strategy_loss=0.7149 | relation_loss=0.0207 | anchor=0.0000 | train_emotion_acc=50.00% | train_strategy_f1=50.00% | train_relation_acc=100.00% | elapsed=5145s
[Stage3-KO(select_bank_en_merged_r16)] | step 730/1591 (45.9%) | loss=6.7490 | lm=2.6626 | strategy_loss=1.2874 | relation_loss=0.0020 | anchor=0.0000 | train_emotion_acc=100.00% | train_strategy_f1=42.86% | train_relation_acc=100.00% | elapsed=5216s
[Stage3-KO(select_bank_en_merged_r16)] | step 740/1591 (46.5%) | loss=4.2715 | lm=2.4213 | strategy_loss=0.5362 | relation_loss=0.1251 | anchor=0.0000 | train_emotion_acc=100.00% | train_strategy_f1=50.00% | train_relation_acc=100.00% | elapsed=5287s
[Stage3-KO(select_bank_en_merged_r16)] | step 750/1591 (47.1%) | loss=3.7293 | lm=1.6674 | strategy_loss=0.6205 | relation_loss=0.0069 | anchor=0.0000 | train_emotion_acc=100.00% | train_strategy_f1=60.00% | train_relation_acc=100.00% | elapsed=5357s
[Stage3-KO(select_bank_en_merged_r16)] | step 760/1591 (47.8%) | loss=5.1427 | lm=2.2644 | strategy_loss=0.7146 | relation_loss=0.2956 | anchor=0.0000 | train_emotion_acc=50.00% | train_strategy_f1=40.00% | train_relation_acc=100.00% | elapsed=5428s
[Stage3-KO(select_bank_en_merged_r16)] | step 770/1591 (48.4%) | loss=5.7050 | lm=3.0149 | strategy_loss=0.7975 | relation_loss=0.0360 | anchor=0.0000 | train_emotion_acc=50.00% | train_strategy_f1=40.00% | train_relation_acc=100.00% | elapsed=5499s
[Stage3-KO(select_bank_en_merged_r16)] | step 780/1591 (49.0%) | loss=4.8026 | lm=1.9245 | strategy_loss=0.7901 | relation_loss=0.2655 | anchor=0.0000 | train_emotion_acc=50.00% | train_strategy_f1=33.33% | train_relation_acc=100.00% | elapsed=5571s
[Stage3-KO(select_bank_en_merged_r16)] | step 790/1591 (49.7%) | loss=5.5788 | lm=2.5365 | strategy_loss=0.9232 | relation_loss=0.1355 | anchor=0.0000 | train_emotion_acc=100.00% | train_strategy_f1=60.00% | train_relation_acc=100.00% | elapsed=5642s
[Stage3-KO(select_bank_en_merged_r16)] | step 800/1591 (50.3%) | loss=6.3145 | lm=2.1931 | strategy_loss=1.2541 | relation_loss=0.0144 | anchor=0.0000 | train_emotion_acc=50.00% | train_strategy_f1=40.00% | train_relation_acc=100.00% | elapsed=5712s
[Stage3-KO(select_bank_en_merged_r16)] EVAL @800 (valid) | EMOTION=85.00% | RELATION=98.00% | STRATEGY=67.92% | STRATEGY_HAMMING=63.88% | loss=4.8853 | lm_loss=2.3407 | emotion_loss=0.5056 | strategy_loss=0.7309 | relation_loss=0.1503
[Stage3-KO(select_bank_en_merged_r16)] | step 810/1591 (50.9%) | loss=4.8817 | lm=2.4090 | strategy_loss=0.6815 | relation_loss=0.1270 | anchor=0.0000 | train_emotion_acc=50.00% | train_strategy_f1=40.00% | train_relation_acc=100.00% | elapsed=5826s
[Stage3-KO(select_bank_en_merged_r16)] | step 820/1591 (51.5%) | loss=4.5057 | lm=2.5238 | strategy_loss=0.5868 | relation_loss=0.0212 | anchor=0.0000 | train_emotion_acc=100.00% | train_strategy_f1=40.00% | train_relation_acc=100.00% | elapsed=5898s
[Stage3-KO(select_bank_en_merged_r16)] | step 830/1591 (52.2%) | loss=4.1482 | lm=2.1623 | strategy_loss=0.5081 | relation_loss=0.2393 | anchor=0.0000 | train_emotion_acc=50.00% | train_strategy_f1=66.67% | train_relation_acc=100.00% | elapsed=5967s
[Stage3-KO(select_bank_en_merged_r16)] | step 840/1591 (52.8%) | loss=4.6127 | lm=2.6594 | strategy_loss=0.5957 | relation_loss=0.0609 | anchor=0.0000 | train_emotion_acc=100.00% | train_strategy_f1=40.00% | train_relation_acc=100.00% | elapsed=6038s
[Stage3-KO(select_bank_en_merged_r16)] | step 850/1591 (53.4%) | loss=6.2653 | lm=3.1236 | strategy_loss=0.6554 | relation_loss=1.2558 | anchor=0.0000 | train_emotion_acc=100.00% | train_strategy_f1=80.00% | train_relation_acc=50.00% | elapsed=6109s
[Stage3-KO(select_bank_en_merged_r16)] | step 860/1591 (54.1%) | loss=4.6479 | lm=2.4195 | strategy_loss=0.6300 | relation_loss=0.2741 | anchor=0.0000 | train_emotion_acc=100.00% | train_strategy_f1=50.00% | train_relation_acc=100.00% | elapsed=6180s
[Stage3-KO(select_bank_en_merged_r16)] | step 870/1591 (54.7%) | loss=5.1748 | lm=2.4977 | strategy_loss=0.7780 | relation_loss=0.1142 | anchor=0.0000 | train_emotion_acc=100.00% | train_strategy_f1=33.33% | train_relation_acc=100.00% | elapsed=6250s
[Stage3-KO(select_bank_en_merged_r16)] | step 880/1591 (55.3%) | loss=4.6529 | lm=2.0267 | strategy_loss=0.7832 | relation_loss=0.0782 | anchor=0.0000 | train_emotion_acc=100.00% | train_strategy_f1=33.33% | train_relation_acc=100.00% | elapsed=6321s
[Stage3-KO(select_bank_en_merged_r16)] | step 890/1591 (55.9%) | loss=4.7957 | lm=2.0979 | strategy_loss=0.7180 | relation_loss=0.4425 | anchor=0.0000 | train_emotion_acc=100.00% | train_strategy_f1=50.00% | train_relation_acc=100.00% | elapsed=6391s
[Stage3-KO(select_bank_en_merged_r16)] | step 900/1591 (56.6%) | loss=4.6415 | lm=2.0892 | strategy_loss=0.6482 | relation_loss=0.5214 | anchor=0.0000 | train_emotion_acc=100.00% | train_strategy_f1=50.00% | train_relation_acc=50.00% | elapsed=6461s
[Stage3-KO(select_bank_en_merged_r16)] | step 910/1591 (57.2%) | loss=5.4448 | lm=2.9164 | strategy_loss=0.7066 | relation_loss=0.3532 | anchor=0.0000 | train_emotion_acc=100.00% | train_strategy_f1=40.00% | train_relation_acc=100.00% | elapsed=6531s
[Stage3-KO(select_bank_en_merged_r16)] | step 920/1591 (57.8%) | loss=5.4136 | lm=2.4598 | strategy_loss=0.9069 | relation_loss=0.0203 | anchor=0.0000 | train_emotion_acc=100.00% | train_strategy_f1=20.00% | train_relation_acc=100.00% | elapsed=6602s
[Stage3-KO(select_bank_en_merged_r16)] | step 930/1591 (58.5%) | loss=4.8740 | lm=2.2759 | strategy_loss=0.6531 | relation_loss=0.6425 | anchor=0.0000 | train_emotion_acc=100.00% | train_strategy_f1=40.00% | train_relation_acc=100.00% | elapsed=6672s
[Stage3-KO(select_bank_en_merged_r16)] | step 940/1591 (59.1%) | loss=5.8479 | lm=2.5582 | strategy_loss=0.9885 | relation_loss=0.1965 | anchor=0.0000 | train_emotion_acc=100.00% | train_strategy_f1=33.33% | train_relation_acc=100.00% | elapsed=6742s
[Stage3-KO(select_bank_en_merged_r16)] | step 950/1591 (59.7%) | loss=4.1807 | lm=2.1228 | strategy_loss=0.6464 | relation_loss=0.0252 | anchor=0.0000 | train_emotion_acc=100.00% | train_strategy_f1=83.33% | train_relation_acc=100.00% | elapsed=6813s
[Stage3-KO(select_bank_en_merged_r16)] | step 960/1591 (60.3%) | loss=4.5595 | lm=2.2665 | strategy_loss=0.6775 | relation_loss=0.0538 | anchor=0.0000 | train_emotion_acc=100.00% | train_strategy_f1=50.00% | train_relation_acc=100.00% | elapsed=6885s
[Stage3-KO(select_bank_en_merged_r16)] | step 970/1591 (61.0%) | loss=5.6391 | lm=2.2863 | strategy_loss=0.7429 | relation_loss=1.0541 | anchor=0.0000 | train_emotion_acc=50.00% | train_strategy_f1=60.00% | train_relation_acc=50.00% | elapsed=6956s
[Stage3-KO(select_bank_en_merged_r16)] | step 980/1591 (61.6%) | loss=5.4219 | lm=2.8830 | strategy_loss=0.7345 | relation_loss=0.0818 | anchor=0.0000 | train_emotion_acc=100.00% | train_strategy_f1=20.00% | train_relation_acc=100.00% | elapsed=7027s
[Stage3-KO(select_bank_en_merged_r16)] | step 990/1591 (62.2%) | loss=5.0213 | lm=2.8122 | strategy_loss=0.6635 | relation_loss=0.0002 | anchor=0.0000 | train_emotion_acc=50.00% | train_strategy_f1=33.33% | train_relation_acc=100.00% | elapsed=7097s
[Stage3-KO(select_bank_en_merged_r16)] | step 1000/1591 (62.9%) | loss=7.3466 | lm=2.6205 | strategy_loss=0.8048 | relation_loss=2.5608 | anchor=0.0000 | train_emotion_acc=100.00% | train_strategy_f1=50.00% | train_relation_acc=0.00% | elapsed=7169s
[Stage3-KO(select_bank_en_merged_r16)] | step 1010/1591 (63.5%) | loss=4.7129 | lm=2.4216 | strategy_loss=0.7068 | relation_loss=0.0384 | anchor=0.0000 | train_emotion_acc=100.00% | train_strategy_f1=50.00% | train_relation_acc=100.00% | elapsed=7239s
[Stage3-KO(select_bank_en_merged_r16)] | step 1020/1591 (64.1%) | loss=5.2875 | lm=2.6005 | strategy_loss=0.7268 | relation_loss=0.3738 | anchor=0.0000 | train_emotion_acc=100.00% | train_strategy_f1=33.33% | train_relation_acc=100.00% | elapsed=7310s
[Stage3-KO(select_bank_en_merged_r16)] | step 1030/1591 (64.7%) | loss=4.4871 | lm=2.1699 | strategy_loss=0.6652 | relation_loss=0.1017 | anchor=0.0000 | train_emotion_acc=100.00% | train_strategy_f1=50.00% | train_relation_acc=100.00% | elapsed=7380s
[Stage3-KO(select_bank_en_merged_r16)] | step 1040/1591 (65.4%) | loss=5.9613 | lm=2.1760 | strategy_loss=1.1940 | relation_loss=0.0000 | anchor=0.0000 | train_emotion_acc=100.00% | train_strategy_f1=57.14% | train_relation_acc=100.00% | elapsed=7450s
[Stage3-KO(select_bank_en_merged_r16)] | step 1050/1591 (66.0%) | loss=4.7575 | lm=3.0801 | strategy_loss=0.5025 | relation_loss=0.0431 | anchor=0.0000 | train_emotion_acc=100.00% | train_strategy_f1=50.00% | train_relation_acc=100.00% | elapsed=7520s
[Stage3-KO(select_bank_en_merged_r16)] | step 1060/1591 (66.6%) | loss=4.7104 | lm=2.7141 | strategy_loss=0.5535 | relation_loss=0.0037 | anchor=0.0000 | train_emotion_acc=50.00% | train_strategy_f1=50.00% | train_relation_acc=100.00% | elapsed=7591s
[Stage3-KO(select_bank_en_merged_r16)] | step 1070/1591 (67.3%) | loss=5.0184 | lm=2.3590 | strategy_loss=0.8318 | relation_loss=0.0054 | anchor=0.0000 | train_emotion_acc=100.00% | train_strategy_f1=50.00% | train_relation_acc=100.00% | elapsed=7662s
[Stage3-KO(select_bank_en_merged_r16)] | step 1080/1591 (67.9%) | loss=5.9140 | lm=3.0713 | strategy_loss=0.8648 | relation_loss=0.0763 | anchor=0.0000 | train_emotion_acc=100.00% | train_strategy_f1=40.00% | train_relation_acc=100.00% | elapsed=7734s
[Stage3-KO(select_bank_en_merged_r16)] | step 1090/1591 (68.5%) | loss=5.5512 | lm=2.3847 | strategy_loss=0.8785 | relation_loss=0.1312 | anchor=0.0000 | train_emotion_acc=0.00% | train_strategy_f1=40.00% | train_relation_acc=100.00% | elapsed=7804s
[Stage3-KO(select_bank_en_merged_r16)] | step 1100/1591 (69.1%) | loss=5.1748 | lm=2.9630 | strategy_loss=0.6933 | relation_loss=0.0088 | anchor=0.0000 | train_emotion_acc=100.00% | train_strategy_f1=40.00% | train_relation_acc=100.00% | elapsed=7875s
[Stage3-KO(select_bank_en_merged_r16)] | step 1110/1591 (69.8%) | loss=4.7128 | lm=2.6006 | strategy_loss=0.6315 | relation_loss=0.1285 | anchor=0.0000 | train_emotion_acc=100.00% | train_strategy_f1=40.00% | train_relation_acc=100.00% | elapsed=7947s
[Stage3-KO(select_bank_en_merged_r16)] | step 1120/1591 (70.4%) | loss=4.4652 | lm=2.2492 | strategy_loss=0.6712 | relation_loss=0.0023 | anchor=0.0000 | train_emotion_acc=100.00% | train_strategy_f1=40.00% | train_relation_acc=100.00% | elapsed=8018s
[Stage3-KO(select_bank_en_merged_r16)] | step 1130/1591 (71.0%) | loss=6.8751 | lm=2.3977 | strategy_loss=1.3047 | relation_loss=0.3325 | anchor=0.0000 | train_emotion_acc=100.00% | train_strategy_f1=28.57% | train_relation_acc=100.00% | elapsed=8089s
[Stage3-KO(select_bank_en_merged_r16)] | step 1140/1591 (71.7%) | loss=6.7266 | lm=2.5950 | strategy_loss=1.1351 | relation_loss=0.6039 | anchor=0.0000 | train_emotion_acc=100.00% | train_strategy_f1=33.33% | train_relation_acc=50.00% | elapsed=8160s
[Stage3-KO(select_bank_en_merged_r16)] | step 1150/1591 (72.3%) | loss=4.0184 | lm=1.9998 | strategy_loss=0.5700 | relation_loss=0.1925 | anchor=0.0000 | train_emotion_acc=100.00% | train_strategy_f1=80.00% | train_relation_acc=100.00% | elapsed=8231s
[Stage3-KO(select_bank_en_merged_r16)] | step 1160/1591 (72.9%) | loss=4.3133 | lm=1.7448 | strategy_loss=0.7247 | relation_loss=0.0212 | anchor=0.0000 | train_emotion_acc=50.00% | train_strategy_f1=33.33% | train_relation_acc=100.00% | elapsed=8302s
[Stage3-KO(select_bank_en_merged_r16)] | step 1170/1591 (73.5%) | loss=6.2817 | lm=2.6252 | strategy_loss=0.6341 | relation_loss=1.9530 | anchor=0.0000 | train_emotion_acc=100.00% | train_strategy_f1=60.00% | train_relation_acc=50.00% | elapsed=8372s
[Stage3-KO(select_bank_en_merged_r16)] | step 1180/1591 (74.2%) | loss=6.5043 | lm=2.5492 | strategy_loss=1.1684 | relation_loss=0.1691 | anchor=0.0000 | train_emotion_acc=50.00% | train_strategy_f1=33.33% | train_relation_acc=100.00% | elapsed=8443s
[Stage3-KO(select_bank_en_merged_r16)] | step 1190/1591 (74.8%) | loss=7.4697 | lm=2.4115 | strategy_loss=0.5550 | relation_loss=4.1645 | anchor=0.0000 | train_emotion_acc=100.00% | train_strategy_f1=75.00% | train_relation_acc=50.00% | elapsed=8512s
[Stage3-KO(select_bank_en_merged_r16)] | step 1200/1591 (75.4%) | loss=4.4427 | lm=2.4628 | strategy_loss=0.5846 | relation_loss=0.0256 | anchor=0.0000 | train_emotion_acc=100.00% | train_strategy_f1=60.00% | train_relation_acc=100.00% | elapsed=8584s
[Stage3-KO(select_bank_en_merged_r16)] EVAL @1200 (valid) | EMOTION=88.50% | RELATION=96.50% | STRATEGY=65.85% | STRATEGY_HAMMING=65.12% | loss=4.8692 | lm_loss=2.2979 | emotion_loss=0.4286 | strategy_loss=0.7328 | relation_loss=0.2007
[Stage3-KO(select_bank_en_merged_r16)] | step 1210/1591 (76.1%) | loss=5.2777 | lm=2.8491 | strategy_loss=0.6717 | relation_loss=0.1760 | anchor=0.0000 | train_emotion_acc=50.00% | train_strategy_f1=80.00% | train_relation_acc=100.00% | elapsed=8697s
[Stage3-KO(select_bank_en_merged_r16)] | step 1220/1591 (76.7%) | loss=6.0345 | lm=2.4033 | strategy_loss=0.9713 | relation_loss=0.1458 | anchor=0.0000 | train_emotion_acc=0.00% | train_strategy_f1=33.33% | train_relation_acc=100.00% | elapsed=8768s
[Stage3-KO(select_bank_en_merged_r16)] | step 1230/1591 (77.3%) | loss=5.1988 | lm=3.1782 | strategy_loss=0.5382 | relation_loss=0.3879 | anchor=0.0000 | train_emotion_acc=100.00% | train_strategy_f1=75.00% | train_relation_acc=100.00% | elapsed=8838s
[Stage3-KO(select_bank_en_merged_r16)] | step 1240/1591 (77.9%) | loss=4.6783 | lm=2.4571 | strategy_loss=0.6266 | relation_loss=0.0326 | anchor=0.0000 | train_emotion_acc=50.00% | train_strategy_f1=50.00% | train_relation_acc=100.00% | elapsed=8909s
[Stage3-KO(select_bank_en_merged_r16)] | step 1250/1591 (78.6%) | loss=4.9465 | lm=2.1144 | strategy_loss=0.7867 | relation_loss=0.2644 | anchor=0.0000 | train_emotion_acc=100.00% | train_strategy_f1=50.00% | train_relation_acc=100.00% | elapsed=8979s
[Stage3-KO(select_bank_en_merged_r16)] | step 1260/1591 (79.2%) | loss=3.9719 | lm=1.7848 | strategy_loss=0.6348 | relation_loss=0.1027 | anchor=0.0000 | train_emotion_acc=100.00% | train_strategy_f1=66.67% | train_relation_acc=100.00% | elapsed=9050s
[Stage3-KO(select_bank_en_merged_r16)] | step 1270/1591 (79.8%) | loss=4.6164 | lm=2.1652 | strategy_loss=0.7366 | relation_loss=0.0015 | anchor=0.0000 | train_emotion_acc=50.00% | train_strategy_f1=40.00% | train_relation_acc=100.00% | elapsed=9120s
[Stage3-KO(select_bank_en_merged_r16)] | step 1280/1591 (80.5%) | loss=4.9992 | lm=2.2501 | strategy_loss=0.8226 | relation_loss=0.0641 | anchor=0.0000 | train_emotion_acc=100.00% | train_strategy_f1=16.67% | train_relation_acc=100.00% | elapsed=9191s
[Stage3-KO(select_bank_en_merged_r16)] | step 1290/1591 (81.1%) | loss=5.1298 | lm=3.0512 | strategy_loss=0.5852 | relation_loss=0.2960 | anchor=0.0000 | train_emotion_acc=100.00% | train_strategy_f1=40.00% | train_relation_acc=100.00% | elapsed=9262s
[Stage3-KO(select_bank_en_merged_r16)] | step 1300/1591 (81.7%) | loss=4.6634 | lm=2.3608 | strategy_loss=0.5527 | relation_loss=0.5493 | anchor=0.0000 | train_emotion_acc=100.00% | train_strategy_f1=40.00% | train_relation_acc=50.00% | elapsed=9332s
[Stage3-KO(select_bank_en_merged_r16)] | step 1310/1591 (82.3%) | loss=4.9779 | lm=3.0103 | strategy_loss=0.4721 | relation_loss=0.5957 | anchor=0.0000 | train_emotion_acc=100.00% | train_strategy_f1=50.00% | train_relation_acc=50.00% | elapsed=9402s
[Stage3-KO(select_bank_en_merged_r16)] | step 1320/1591 (83.0%) | loss=5.5005 | lm=2.4156 | strategy_loss=0.8537 | relation_loss=0.3770 | anchor=0.0000 | train_emotion_acc=100.00% | train_strategy_f1=28.57% | train_relation_acc=50.00% | elapsed=9472s
[Stage3-KO(select_bank_en_merged_r16)] | step 1330/1591 (83.6%) | loss=6.6879 | lm=2.8259 | strategy_loss=1.0826 | relation_loss=0.4843 | anchor=0.0000 | train_emotion_acc=100.00% | train_strategy_f1=50.00% | train_relation_acc=100.00% | elapsed=9543s
[Stage3-KO(select_bank_en_merged_r16)] | step 1340/1591 (84.2%) | loss=4.8109 | lm=2.3783 | strategy_loss=0.7256 | relation_loss=0.0102 | anchor=0.0000 | train_emotion_acc=100.00% | train_strategy_f1=50.00% | train_relation_acc=100.00% | elapsed=9612s
[Stage3-KO(select_bank_en_merged_r16)] | step 1350/1591 (84.9%) | loss=5.3534 | lm=2.1475 | strategy_loss=0.5745 | relation_loss=1.6015 | anchor=0.0000 | train_emotion_acc=100.00% | train_strategy_f1=50.00% | train_relation_acc=50.00% | elapsed=9683s
[Stage3-KO(select_bank_en_merged_r16)] | step 1360/1591 (85.5%) | loss=4.7951 | lm=2.5750 | strategy_loss=0.6198 | relation_loss=0.3067 | anchor=0.0000 | train_emotion_acc=100.00% | train_strategy_f1=66.67% | train_relation_acc=100.00% | elapsed=9755s
[Stage3-KO(select_bank_en_merged_r16)] | step 1370/1591 (86.1%) | loss=4.8953 | lm=2.5160 | strategy_loss=0.7426 | relation_loss=0.0172 | anchor=0.0000 | train_emotion_acc=100.00% | train_strategy_f1=50.00% | train_relation_acc=100.00% | elapsed=9826s
[Stage3-KO(select_bank_en_merged_r16)] | step 1380/1591 (86.7%) | loss=4.1090 | lm=2.6164 | strategy_loss=0.4415 | relation_loss=0.1189 | anchor=0.0000 | train_emotion_acc=100.00% | train_strategy_f1=75.00% | train_relation_acc=100.00% | elapsed=9897s
[Stage3-KO(select_bank_en_merged_r16)] | step 1390/1591 (87.4%) | loss=5.7013 | lm=2.4528 | strategy_loss=0.8696 | relation_loss=0.1869 | anchor=0.0000 | train_emotion_acc=0.00% | train_strategy_f1=16.67% | train_relation_acc=100.00% | elapsed=9967s
[Stage3-KO(select_bank_en_merged_r16)] | step 1400/1591 (88.0%) | loss=5.7034 | lm=2.5743 | strategy_loss=0.9705 | relation_loss=0.0222 | anchor=0.0000 | train_emotion_acc=100.00% | train_strategy_f1=57.14% | train_relation_acc=100.00% | elapsed=10038s
[Stage3-KO(select_bank_en_merged_r16)] | step 1410/1591 (88.6%) | loss=5.8813 | lm=2.8255 | strategy_loss=0.8117 | relation_loss=0.3037 | anchor=0.0000 | train_emotion_acc=50.00% | train_strategy_f1=20.00% | train_relation_acc=100.00% | elapsed=10109s
[Stage3-KO(select_bank_en_merged_r16)] | step 1420/1591 (89.3%) | loss=4.8089 | lm=2.3216 | strategy_loss=0.7391 | relation_loss=0.0346 | anchor=0.0000 | train_emotion_acc=100.00% | train_strategy_f1=50.00% | train_relation_acc=100.00% | elapsed=10180s
[Stage3-KO(select_bank_en_merged_r16)] | step 1430/1591 (89.9%) | loss=4.7617 | lm=2.3381 | strategy_loss=0.7325 | relation_loss=0.0538 | anchor=0.0000 | train_emotion_acc=100.00% | train_strategy_f1=33.33% | train_relation_acc=100.00% | elapsed=10251s
[Stage3-KO(select_bank_en_merged_r16)] | step 1440/1591 (90.5%) | loss=4.7260 | lm=2.5084 | strategy_loss=0.6958 | relation_loss=0.0181 | anchor=0.0000 | train_emotion_acc=100.00% | train_strategy_f1=25.00% | train_relation_acc=100.00% | elapsed=10320s
[Stage3-KO(select_bank_en_merged_r16)] | step 1450/1591 (91.1%) | loss=4.6899 | lm=2.1597 | strategy_loss=0.7219 | relation_loss=0.1516 | anchor=0.0000 | train_emotion_acc=100.00% | train_strategy_f1=80.00% | train_relation_acc=100.00% | elapsed=10391s
[Stage3-KO(select_bank_en_merged_r16)] | step 1460/1591 (91.8%) | loss=4.1609 | lm=1.7213 | strategy_loss=0.7619 | relation_loss=0.0430 | anchor=0.0000 | train_emotion_acc=100.00% | train_strategy_f1=40.00% | train_relation_acc=100.00% | elapsed=10461s
[Stage3-KO(select_bank_en_merged_r16)] | step 1470/1591 (92.4%) | loss=5.5674 | lm=2.3229 | strategy_loss=0.9730 | relation_loss=0.1945 | anchor=0.0000 | train_emotion_acc=100.00% | train_strategy_f1=28.57% | train_relation_acc=100.00% | elapsed=10532s
[Stage3-KO(select_bank_en_merged_r16)] | step 1480/1591 (93.0%) | loss=5.5955 | lm=1.6901 | strategy_loss=1.0694 | relation_loss=0.3519 | anchor=0.0000 | train_emotion_acc=100.00% | train_strategy_f1=28.57% | train_relation_acc=100.00% | elapsed=10602s
[Stage3-KO(select_bank_en_merged_r16)] | step 1490/1591 (93.7%) | loss=4.2000 | lm=1.6303 | strategy_loss=0.7865 | relation_loss=0.0306 | anchor=0.0000 | train_emotion_acc=100.00% | train_strategy_f1=33.33% | train_relation_acc=100.00% | elapsed=10673s
[Stage3-KO(select_bank_en_merged_r16)] | step 1500/1591 (94.3%) | loss=4.6902 | lm=2.3790 | strategy_loss=0.6210 | relation_loss=0.4066 | anchor=0.0000 | train_emotion_acc=100.00% | train_strategy_f1=75.00% | train_relation_acc=100.00% | elapsed=10744s
[Stage3-KO(select_bank_en_merged_r16)] | step 1510/1591 (94.9%) | loss=5.7402 | lm=2.2872 | strategy_loss=0.8418 | relation_loss=0.5801 | anchor=0.0000 | train_emotion_acc=50.00% | train_strategy_f1=33.33% | train_relation_acc=100.00% | elapsed=10815s
[Stage3-KO(select_bank_en_merged_r16)] | step 1520/1591 (95.5%) | loss=5.1146 | lm=2.6439 | strategy_loss=0.7576 | relation_loss=0.0629 | anchor=0.0000 | train_emotion_acc=100.00% | train_strategy_f1=20.00% | train_relation_acc=100.00% | elapsed=10886s
[Stage3-KO(select_bank_en_merged_r16)] | step 1530/1591 (96.2%) | loss=5.0677 | lm=2.6395 | strategy_loss=0.5688 | relation_loss=0.6716 | anchor=0.0000 | train_emotion_acc=100.00% | train_strategy_f1=50.00% | train_relation_acc=100.00% | elapsed=10956s
[Stage3-KO(select_bank_en_merged_r16)] | step 1540/1591 (96.8%) | loss=5.9120 | lm=2.7139 | strategy_loss=0.9990 | relation_loss=0.0609 | anchor=0.0000 | train_emotion_acc=100.00% | train_strategy_f1=40.00% | train_relation_acc=100.00% | elapsed=11027s
[Stage3-KO(select_bank_en_merged_r16)] | step 1550/1591 (97.4%) | loss=4.6448 | lm=2.5960 | strategy_loss=0.5895 | relation_loss=0.1063 | anchor=0.0000 | train_emotion_acc=100.00% | train_strategy_f1=60.00% | train_relation_acc=100.00% | elapsed=11098s
[Stage3-KO(select_bank_en_merged_r16)] | step 1560/1591 (98.1%) | loss=4.6840 | lm=2.5039 | strategy_loss=0.5970 | relation_loss=0.3104 | anchor=0.0000 | train_emotion_acc=100.00% | train_strategy_f1=60.00% | train_relation_acc=100.00% | elapsed=11171s
[Stage3-KO(select_bank_en_merged_r16)] | step 1570/1591 (98.7%) | loss=4.5769 | lm=2.2683 | strategy_loss=0.7185 | relation_loss=0.0368 | anchor=0.0000 | train_emotion_acc=100.00% | train_strategy_f1=50.00% | train_relation_acc=100.00% | elapsed=11241s
[Stage3-KO(select_bank_en_merged_r16)] | step 1580/1591 (99.3%) | loss=5.0145 | lm=2.5256 | strategy_loss=0.6290 | relation_loss=0.2812 | anchor=0.0000 | train_emotion_acc=50.00% | train_strategy_f1=40.00% | train_relation_acc=100.00% | elapsed=11312s
[Stage3-KO(select_bank_en_merged_r16)] | step 1590/1591 (99.9%) | loss=4.3259 | lm=2.0109 | strategy_loss=0.7130 | relation_loss=0.0067 | anchor=0.0000 | train_emotion_acc=100.00% | train_strategy_f1=60.00% | train_relation_acc=100.00% | elapsed=11382s
[Stage3-KO(select_bank_en_merged_r16)] FINAL | EMOTION=90.00% | RELATION=97.00% | STRATEGY=67.29% | STRATEGY_HAMMING=65.12%
[Stage3-KO(select_bank_en_merged_r16)] saved_to=/home/jbnu/jaehong/en-ko-empathy-lora/outputs/taffc/qwen/F16/s456
[Stage3-KO(select_bank_en_merged_r16)] init_mode=select_bank_en_merged_r16
[Stage3-KO(select_bank_en_merged_r16)] vram_peak_gb=37.066
[Stage3-KO(select_bank_en_merged_r16)] steps=1591
[Stage3-KO(select_bank_en_merged_r16)] progress -> /home/jbnu/jaehong/en-ko-empathy-lora/outputs/taffc/qwen/F16/s456/progress.json
[TRAIN] outputs/taffc/qwen/B16/s456 seed=456
device=cuda
cuda_device=NVIDIA L40S
train=25456 valid=3182 A=6 S=4 R=7 strategy_scope=utterance
Warning: You are sending unauthenticated requests to the HF Hub. Please set a HF_TOKEN to enable higher rate limits and faster downloads.
Fetching 4 files:   0%|          | 0/4 [00:00<?, ?it/s]Fetching 4 files: 100%|██████████| 4/4 [00:00<00:00, 7605.27it/s]
[transformers] The fast path is not available because one of the required library is not installed. Falling back to torch implementation. To install follow https://github.com/fla-org/flash-linear-attention#installation and https://github.com/Dao-AILab/causal-conv1d
Loading weights:   0%|          | 0/427 [00:00<?, ?it/s]Loading weights: 100%|██████████| 427/427 [00:00<00:00, 8301.05it/s]
bitsandbytes library load error: Configured CUDA binary not found at /home/jbnu/jupyter-env/lib/python3.12/site-packages/bitsandbytes/libbitsandbytes_cuda130.so
 If you are using Intel CPU/XPU, please install intel_extension_for_pytorch to enable required ops
Traceback (most recent call last):
  File "/home/jbnu/jupyter-env/lib/python3.12/site-packages/bitsandbytes/cextension.py", line 318, in <module>
    lib = get_native_library()
          ^^^^^^^^^^^^^^^^^^^^
  File "/home/jbnu/jupyter-env/lib/python3.12/site-packages/bitsandbytes/cextension.py", line 282, in get_native_library
    raise RuntimeError(f"Configured {BNB_BACKEND} binary not found at {cuda_binary_path}")
RuntimeError: Configured CUDA binary not found at /home/jbnu/jupyter-env/lib/python3.12/site-packages/bitsandbytes/libbitsandbytes_cuda130.so
lora_init_mode=share_from_en
gates={'affect': 'share', 'strategy': 'relearn', 'relation': 'relearn', 'culture': 'suppress'}
strategy_pos_weight=[1.7157411575317383, 1.7157411575317383, 1.7157411575317383, 1.7157411575317383]
loss_weights emotion=0.350 strategy=1.800 relation=0.450 gate_conditioned=False curriculum=False
two_pass_affect=True
lr_lora=7.5e-05 lr_head=0.00015 freeze_lora=False trainable=20,783,121
[Stage3-KO(share_from_en)] model=Qwen/Qwen3.5-9B train=25456 valid=3182 init=share_from_en steps≈1591 S=multilabel gates={'affect': 'share', 'strategy': 'relearn', 'relation': 'relearn', 'culture': 'suppress'}
[Stage3-KO(share_from_en)] | step 1/1591 (0.1%) | loss=5.7239 | lm=2.3588 | strategy_loss=0.9220 | relation_loss=2.3334 | train_emotion_acc=0.00% | train_strategy_f1=14.29% | train_relation_acc=0.00% | elapsed=7s
[Stage3-KO(share_from_en)] | step 10/1591 (0.6%) | loss=7.0011 | lm=3.0155 | strategy_loss=1.4861 | relation_loss=1.7834 | train_emotion_acc=50.00% | train_strategy_f1=33.33% | train_relation_acc=0.00% | elapsed=70s
[Stage3-KO(share_from_en)] | step 20/1591 (1.3%) | loss=5.1124 | lm=2.6725 | strategy_loss=0.5528 | relation_loss=1.9738 | train_emotion_acc=0.00% | train_strategy_f1=40.00% | train_relation_acc=0.00% | elapsed=139s
[Stage3-KO(share_from_en)] | step 30/1591 (1.9%) | loss=5.3838 | lm=2.5466 | strategy_loss=0.8651 | relation_loss=1.7093 | train_emotion_acc=50.00% | train_strategy_f1=40.00% | train_relation_acc=0.00% | elapsed=207s
[Stage3-KO(share_from_en)] | step 40/1591 (2.5%) | loss=5.3025 | lm=2.7977 | strategy_loss=0.6692 | relation_loss=1.7697 | train_emotion_acc=50.00% | train_strategy_f1=60.00% | train_relation_acc=50.00% | elapsed=276s
[Stage3-KO(share_from_en)] | step 50/1591 (3.1%) | loss=5.2553 | lm=2.0200 | strategy_loss=1.1420 | relation_loss=1.4593 | train_emotion_acc=50.00% | train_strategy_f1=33.33% | train_relation_acc=50.00% | elapsed=344s
[Stage3-KO(share_from_en)] | step 60/1591 (3.8%) | loss=5.9508 | lm=2.7317 | strategy_loss=0.9790 | relation_loss=2.0937 | train_emotion_acc=0.00% | train_strategy_f1=16.67% | train_relation_acc=0.00% | elapsed=412s
[Stage3-KO(share_from_en)] | step 70/1591 (4.4%) | loss=5.1801 | lm=2.6236 | strategy_loss=0.7167 | relation_loss=1.2971 | train_emotion_acc=0.00% | train_strategy_f1=50.00% | train_relation_acc=100.00% | elapsed=481s
[Stage3-KO(share_from_en)] | step 80/1591 (5.0%) | loss=4.5388 | lm=2.9343 | strategy_loss=0.5670 | relation_loss=0.6557 | train_emotion_acc=100.00% | train_strategy_f1=75.00% | train_relation_acc=100.00% | elapsed=550s
[Stage3-KO(share_from_en)] | step 90/1591 (5.7%) | loss=3.9152 | lm=1.9125 | strategy_loss=0.6252 | relation_loss=1.3327 | train_emotion_acc=50.00% | train_strategy_f1=60.00% | train_relation_acc=50.00% | elapsed=618s
[Stage3-KO(share_from_en)] | step 100/1591 (6.3%) | loss=4.7561 | lm=2.6125 | strategy_loss=0.5363 | relation_loss=1.6506 | train_emotion_acc=50.00% | train_strategy_f1=75.00% | train_relation_acc=0.00% | elapsed=686s
[Stage3-KO(share_from_en)] | step 110/1591 (6.9%) | loss=5.4940 | lm=2.4931 | strategy_loss=0.9363 | relation_loss=1.8784 | train_emotion_acc=50.00% | train_strategy_f1=20.00% | train_relation_acc=0.00% | elapsed=757s
[Stage3-KO(share_from_en)] | step 120/1591 (7.5%) | loss=6.3879 | lm=3.0617 | strategy_loss=1.2544 | relation_loss=1.0136 | train_emotion_acc=50.00% | train_strategy_f1=28.57% | train_relation_acc=50.00% | elapsed=826s
[Stage3-KO(share_from_en)] | step 130/1591 (8.2%) | loss=4.3990 | lm=2.3546 | strategy_loss=0.6220 | relation_loss=1.0254 | train_emotion_acc=0.00% | train_strategy_f1=60.00% | train_relation_acc=50.00% | elapsed=896s
[Stage3-KO(share_from_en)] | step 140/1591 (8.8%) | loss=5.2789 | lm=2.5145 | strategy_loss=0.9263 | relation_loss=0.9219 | train_emotion_acc=50.00% | train_strategy_f1=16.67% | train_relation_acc=100.00% | elapsed=965s
[Stage3-KO(share_from_en)] | step 150/1591 (9.4%) | loss=6.4876 | lm=3.7015 | strategy_loss=1.2767 | relation_loss=0.1730 | train_emotion_acc=50.00% | train_strategy_f1=12.50% | train_relation_acc=100.00% | elapsed=1033s
[Stage3-KO(share_from_en)] | step 160/1591 (10.1%) | loss=4.7761 | lm=2.6867 | strategy_loss=0.8861 | relation_loss=0.1742 | train_emotion_acc=50.00% | train_strategy_f1=33.33% | train_relation_acc=100.00% | elapsed=1101s
[Stage3-KO(share_from_en)] | step 170/1591 (10.7%) | loss=5.4669 | lm=2.6461 | strategy_loss=1.1932 | relation_loss=0.8826 | train_emotion_acc=100.00% | train_strategy_f1=28.57% | train_relation_acc=50.00% | elapsed=1170s
[Stage3-KO(share_from_en)] | step 180/1591 (11.3%) | loss=5.1128 | lm=2.2302 | strategy_loss=0.8518 | relation_loss=2.1698 | train_emotion_acc=100.00% | train_strategy_f1=40.00% | train_relation_acc=50.00% | elapsed=1239s
[Stage3-KO(share_from_en)] | step 190/1591 (11.9%) | loss=4.4927 | lm=2.8158 | strategy_loss=0.7425 | relation_loss=0.1050 | train_emotion_acc=100.00% | train_strategy_f1=50.00% | train_relation_acc=100.00% | elapsed=1307s
[Stage3-KO(share_from_en)] | step 200/1591 (12.6%) | loss=4.5247 | lm=2.5808 | strategy_loss=0.4835 | relation_loss=1.2113 | train_emotion_acc=50.00% | train_strategy_f1=100.00% | train_relation_acc=50.00% | elapsed=1377s
[Stage3-KO(share_from_en)] | step 210/1591 (13.2%) | loss=5.9490 | lm=2.9413 | strategy_loss=1.3483 | relation_loss=0.3500 | train_emotion_acc=50.00% | train_strategy_f1=50.00% | train_relation_acc=100.00% | elapsed=1445s
[Stage3-KO(share_from_en)] | step 220/1591 (13.8%) | loss=3.7882 | lm=2.4826 | strategy_loss=0.6023 | relation_loss=0.2185 | train_emotion_acc=100.00% | train_strategy_f1=50.00% | train_relation_acc=100.00% | elapsed=1514s
[Stage3-KO(share_from_en)] | step 230/1591 (14.5%) | loss=4.3329 | lm=1.9250 | strategy_loss=0.8201 | relation_loss=0.4988 | train_emotion_acc=0.00% | train_strategy_f1=50.00% | train_relation_acc=100.00% | elapsed=1581s
[Stage3-KO(share_from_en)] | step 240/1591 (15.1%) | loss=3.4928 | lm=1.9429 | strategy_loss=0.5961 | relation_loss=0.4441 | train_emotion_acc=100.00% | train_strategy_f1=75.00% | train_relation_acc=50.00% | elapsed=1650s
[Stage3-KO(share_from_en)] | step 250/1591 (15.7%) | loss=5.0850 | lm=2.8684 | strategy_loss=1.0524 | relation_loss=0.0095 | train_emotion_acc=50.00% | train_strategy_f1=42.86% | train_relation_acc=100.00% | elapsed=1719s
[Stage3-KO(share_from_en)] | step 260/1591 (16.3%) | loss=5.0931 | lm=2.5687 | strategy_loss=0.8079 | relation_loss=0.6868 | train_emotion_acc=0.00% | train_strategy_f1=20.00% | train_relation_acc=50.00% | elapsed=1787s
[Stage3-KO(share_from_en)] | step 270/1591 (17.0%) | loss=4.8667 | lm=2.5169 | strategy_loss=1.0950 | relation_loss=0.0036 | train_emotion_acc=50.00% | train_strategy_f1=16.67% | train_relation_acc=100.00% | elapsed=1856s
[Stage3-KO(share_from_en)] | step 280/1591 (17.6%) | loss=4.7817 | lm=2.3250 | strategy_loss=1.1964 | relation_loss=0.0127 | train_emotion_acc=50.00% | train_strategy_f1=33.33% | train_relation_acc=100.00% | elapsed=1924s
[Stage3-KO(share_from_en)] | step 290/1591 (18.2%) | loss=4.4072 | lm=2.2248 | strategy_loss=1.1327 | relation_loss=0.0818 | train_emotion_acc=100.00% | train_strategy_f1=50.00% | train_relation_acc=100.00% | elapsed=1993s
[Stage3-KO(share_from_en)] | step 300/1591 (18.9%) | loss=4.3621 | lm=1.9551 | strategy_loss=1.0584 | relation_loss=0.7359 | train_emotion_acc=100.00% | train_strategy_f1=40.00% | train_relation_acc=50.00% | elapsed=2062s
[Stage3-KO(share_from_en)] | step 310/1591 (19.5%) | loss=5.2725 | lm=3.0040 | strategy_loss=0.6184 | relation_loss=1.5794 | train_emotion_acc=50.00% | train_strategy_f1=50.00% | train_relation_acc=50.00% | elapsed=2131s
[Stage3-KO(share_from_en)] | step 320/1591 (20.1%) | loss=4.3868 | lm=2.5071 | strategy_loss=0.8349 | relation_loss=0.5451 | train_emotion_acc=100.00% | train_strategy_f1=16.67% | train_relation_acc=100.00% | elapsed=2200s
[Stage3-KO(share_from_en)] | step 330/1591 (20.7%) | loss=4.8232 | lm=2.7732 | strategy_loss=0.8986 | relation_loss=0.3093 | train_emotion_acc=100.00% | train_strategy_f1=50.00% | train_relation_acc=100.00% | elapsed=2268s
[Stage3-KO(share_from_en)] | step 340/1591 (21.4%) | loss=3.9790 | lm=2.3664 | strategy_loss=0.8153 | relation_loss=0.1521 | train_emotion_acc=100.00% | train_strategy_f1=20.00% | train_relation_acc=100.00% | elapsed=2337s
[Stage3-KO(share_from_en)] | step 350/1591 (22.0%) | loss=4.2585 | lm=2.5304 | strategy_loss=0.6911 | relation_loss=0.0352 | train_emotion_acc=50.00% | train_strategy_f1=33.33% | train_relation_acc=100.00% | elapsed=2406s
[Stage3-KO(share_from_en)] | step 370/1591 (23.3%) | loss=4.8870 | lm=2.3001 | strategy_loss=0.3780 | relation_loss=2.4479 | train_emotion_acc=0.00% | train_strategy_f1=66.67% | train_relation_acc=50.00% | elapsed=2542s
[Stage3-KO(share_from_en)] | step 390/1591 (24.5%) | loss=4.4521 | lm=2.0522 | strategy_loss=1.1012 | relation_loss=0.0740 | train_emotion_acc=50.00% | train_strategy_f1=33.33% | train_relation_acc=100.00% | elapsed=2682s
[Stage3-KO(share_from_en)] EVAL @400 (valid) | EMOTION=76.00% | RELATION=96.50% | STRATEGY=65.48% | STRATEGY_HAMMING=63.50% | loss=4.1228 | lm_loss=2.3736 | emotion_loss=0.8586 | strategy_loss=0.7500 | relation_loss=0.2194
[Stage3-KO(share_from_en)] | step 420/1591 (26.4%) | loss=4.2244 | lm=2.3723 | strategy_loss=0.5777 | relation_loss=0.9679 | train_emotion_acc=100.00% | train_strategy_f1=33.33% | train_relation_acc=50.00% | elapsed=2931s
[Stage3-KO(share_from_en)] | step 440/1591 (27.7%) | loss=4.5071 | lm=2.0941 | strategy_loss=0.7656 | relation_loss=1.7753 | train_emotion_acc=100.00% | train_strategy_f1=60.00% | train_relation_acc=50.00% | elapsed=3070s
[Stage3-KO(share_from_en)] | step 460/1591 (28.9%) | loss=4.4232 | lm=2.9680 | strategy_loss=0.7189 | relation_loss=0.0708 | train_emotion_acc=100.00% | train_strategy_f1=50.00% | train_relation_acc=100.00% | elapsed=3207s
[Stage3-KO(share_from_en)] | step 480/1591 (30.2%) | loss=4.4602 | lm=2.8663 | strategy_loss=0.7633 | relation_loss=0.0143 | train_emotion_acc=100.00% | train_strategy_f1=60.00% | train_relation_acc=100.00% | elapsed=3345s
[Stage3-KO(share_from_en)] | step 500/1591 (31.4%) | loss=4.2127 | lm=2.8322 | strategy_loss=0.6615 | relation_loss=0.0180 | train_emotion_acc=100.00% | train_strategy_f1=60.00% | train_relation_acc=100.00% | elapsed=3482s
[Stage3-KO(share_from_en)] | step 520/1591 (32.7%) | loss=3.8218 | lm=2.4985 | strategy_loss=0.5698 | relation_loss=0.1237 | train_emotion_acc=100.00% | train_strategy_f1=75.00% | train_relation_acc=100.00% | elapsed=3620s
[Stage3-KO(share_from_en)] | step 540/1591 (33.9%) | loss=5.0785 | lm=2.6061 | strategy_loss=0.9489 | relation_loss=0.6064 | train_emotion_acc=0.00% | train_strategy_f1=33.33% | train_relation_acc=100.00% | elapsed=3758s
[Stage3-KO(share_from_en)] | step 560/1591 (35.2%) | loss=4.5270 | lm=2.5373 | strategy_loss=0.8445 | relation_loss=0.1447 | train_emotion_acc=50.00% | train_strategy_f1=20.00% | train_relation_acc=100.00% | elapsed=3896s
[Stage3-KO(share_from_en)] | step 580/1591 (36.5%) | loss=4.7767 | lm=2.0981 | strategy_loss=0.6625 | relation_loss=2.1090 | train_emotion_acc=50.00% | train_strategy_f1=60.00% | train_relation_acc=50.00% | elapsed=4034s
[Stage3-KO(share_from_en)] | step 600/1591 (37.7%) | loss=4.5479 | lm=2.6165 | strategy_loss=0.6629 | relation_loss=0.2571 | train_emotion_acc=0.00% | train_strategy_f1=40.00% | train_relation_acc=100.00% | elapsed=4172s
[Stage3-KO(share_from_en)] | step 620/1591 (39.0%) | loss=4.8709 | lm=2.4029 | strategy_loss=0.9616 | relation_loss=1.4706 | train_emotion_acc=100.00% | train_strategy_f1=50.00% | train_relation_acc=0.00% | elapsed=4309s
[Stage3-KO(share_from_en)] | step 640/1591 (40.2%) | loss=3.7477 | lm=1.6938 | strategy_loss=0.8645 | relation_loss=0.5453 | train_emotion_acc=100.00% | train_strategy_f1=50.00% | train_relation_acc=50.00% | elapsed=4446s
[Stage3-KO(share_from_en)] | step 660/1591 (41.5%) | loss=4.4595 | lm=2.2774 | strategy_loss=1.0897 | relation_loss=0.4502 | train_emotion_acc=100.00% | train_strategy_f1=33.33% | train_relation_acc=50.00% | elapsed=4584s
[Stage3-KO(share_from_en)] | step 680/1591 (42.7%) | loss=4.3226 | lm=2.5856 | strategy_loss=0.6921 | relation_loss=0.2483 | train_emotion_acc=50.00% | train_strategy_f1=50.00% | train_relation_acc=100.00% | elapsed=4722s
[Stage3-KO(share_from_en)] | step 700/1591 (44.0%) | loss=4.6530 | lm=1.9214 | strategy_loss=1.1791 | relation_loss=0.3792 | train_emotion_acc=50.00% | train_strategy_f1=16.67% | train_relation_acc=100.00% | elapsed=4860s
[Stage3-KO(share_from_en)] | step 720/1591 (45.3%) | loss=4.8262 | lm=2.6330 | strategy_loss=0.9532 | relation_loss=0.1204 | train_emotion_acc=50.00% | train_strategy_f1=16.67% | train_relation_acc=100.00% | elapsed=4998s
[Stage3-KO(share_from_en)] | step 740/1591 (46.5%) | loss=5.6674 | lm=2.5673 | strategy_loss=1.1538 | relation_loss=1.4400 | train_emotion_acc=50.00% | train_strategy_f1=16.67% | train_relation_acc=0.00% | elapsed=5135s
[Stage3-KO(share_from_en)] | step 760/1591 (47.8%) | loss=3.8419 | lm=2.6725 | strategy_loss=0.5305 | relation_loss=0.1164 | train_emotion_acc=100.00% | train_strategy_f1=40.00% | train_relation_acc=100.00% | elapsed=5274s
[Stage3-KO(share_from_en)] | step 780/1591 (49.0%) | loss=4.2602 | lm=2.2668 | strategy_loss=0.9222 | relation_loss=0.5303 | train_emotion_acc=100.00% | train_strategy_f1=33.33% | train_relation_acc=50.00% | elapsed=5412s
[Stage3-KO(share_from_en)] | step 800/1591 (50.3%) | loss=4.0999 | lm=2.7146 | strategy_loss=0.6202 | relation_loss=0.1241 | train_emotion_acc=100.00% | train_strategy_f1=75.00% | train_relation_acc=100.00% | elapsed=5549s
[Stage3-KO(share_from_en)] | step 810/1591 (50.9%) | loss=4.2158 | lm=2.6325 | strategy_loss=0.6696 | relation_loss=0.0082 | train_emotion_acc=50.00% | train_strategy_f1=40.00% | train_relation_acc=100.00% | elapsed=5664s
[Stage3-KO(share_from_en)] | step 830/1591 (52.2%) | loss=3.9222 | lm=1.8859 | strategy_loss=0.6689 | relation_loss=0.0045 | train_emotion_acc=0.00% | train_strategy_f1=33.33% | train_relation_acc=100.00% | elapsed=5800s
[Stage3-KO(share_from_en)] | step 850/1591 (53.4%) | loss=4.5813 | lm=2.6735 | strategy_loss=0.7163 | relation_loss=0.2939 | train_emotion_acc=50.00% | train_strategy_f1=50.00% | train_relation_acc=100.00% | elapsed=5938s
[Stage3-KO(share_from_en)] | step 870/1591 (54.7%) | loss=3.7917 | lm=2.2457 | strategy_loss=0.6310 | relation_loss=0.8400 | train_emotion_acc=100.00% | train_strategy_f1=60.00% | train_relation_acc=50.00% | elapsed=6076s
[Stage3-KO(share_from_en)] | step 890/1591 (55.9%) | loss=3.8503 | lm=2.4355 | strategy_loss=0.7550 | relation_loss=0.0131 | train_emotion_acc=100.00% | train_strategy_f1=50.00% | train_relation_acc=100.00% | elapsed=6214s
[Stage3-KO(share_from_en)] | step 910/1591 (57.2%) | loss=4.1090 | lm=2.5482 | strategy_loss=0.7585 | relation_loss=0.0159 | train_emotion_acc=100.00% | train_strategy_f1=40.00% | train_relation_acc=100.00% | elapsed=6350s
[Stage3-KO(share_from_en)] | step 930/1591 (58.5%) | loss=5.1839 | lm=2.6847 | strategy_loss=1.0313 | relation_loss=0.2007 | train_emotion_acc=50.00% | train_strategy_f1=50.00% | train_relation_acc=100.00% | elapsed=6490s
[Stage3-KO(share_from_en)] | step 950/1591 (59.7%) | loss=3.7768 | lm=2.6565 | strategy_loss=0.5367 | relation_loss=0.0293 | train_emotion_acc=100.00% | train_strategy_f1=50.00% | train_relation_acc=100.00% | elapsed=6629s
[Stage3-KO(share_from_en)] | step 970/1591 (61.0%) | loss=4.6094 | lm=3.1031 | strategy_loss=0.8296 | relation_loss=0.0042 | train_emotion_acc=100.00% | train_strategy_f1=20.00% | train_relation_acc=100.00% | elapsed=6766s
[Stage3-KO(share_from_en)] | step 990/1591 (62.2%) | loss=3.8180 | lm=2.4533 | strategy_loss=0.4206 | relation_loss=0.1207 | train_emotion_acc=50.00% | train_strategy_f1=75.00% | train_relation_acc=100.00% | elapsed=6904s
[Stage3-KO(share_from_en)] | step 1010/1591 (63.5%) | loss=4.5200 | lm=1.9568 | strategy_loss=1.0876 | relation_loss=0.6580 | train_emotion_acc=50.00% | train_strategy_f1=57.14% | train_relation_acc=50.00% | elapsed=7042s
[Stage3-KO(share_from_en)] | step 1030/1591 (64.7%) | loss=4.8340 | lm=3.0640 | strategy_loss=0.9246 | relation_loss=0.0124 | train_emotion_acc=100.00% | train_strategy_f1=16.67% | train_relation_acc=100.00% | elapsed=7179s
[Stage3-KO(share_from_en)] | step 1050/1591 (66.0%) | loss=3.9548 | lm=2.2183 | strategy_loss=0.8694 | relation_loss=0.0092 | train_emotion_acc=50.00% | train_strategy_f1=20.00% | train_relation_acc=100.00% | elapsed=7316s
[Stage3-KO(share_from_en)] | step 1070/1591 (67.3%) | loss=4.4063 | lm=2.1758 | strategy_loss=1.0590 | relation_loss=0.0095 | train_emotion_acc=50.00% | train_strategy_f1=33.33% | train_relation_acc=100.00% | elapsed=7453s
[Stage3-KO(share_from_en)] | step 1090/1591 (68.5%) | loss=4.7378 | lm=2.0986 | strategy_loss=1.0259 | relation_loss=1.6290 | train_emotion_acc=100.00% | train_strategy_f1=33.33% | train_relation_acc=50.00% | elapsed=7590s
[Stage3-KO(share_from_en)] | step 1110/1591 (69.8%) | loss=2.9369 | lm=1.8088 | strategy_loss=0.5026 | relation_loss=0.3727 | train_emotion_acc=100.00% | train_strategy_f1=40.00% | train_relation_acc=50.00% | elapsed=7728s
[Stage3-KO(share_from_en)] | step 1130/1591 (71.0%) | loss=4.3776 | lm=2.5421 | strategy_loss=0.7671 | relation_loss=0.2057 | train_emotion_acc=50.00% | train_strategy_f1=33.33% | train_relation_acc=100.00% | elapsed=7866s
[Stage3-KO(share_from_en)] | step 1150/1591 (72.3%) | loss=3.8359 | lm=2.2155 | strategy_loss=0.6628 | relation_loss=0.4218 | train_emotion_acc=100.00% | train_strategy_f1=66.67% | train_relation_acc=100.00% | elapsed=8003s
[Stage3-KO(share_from_en)] | step 1170/1591 (73.5%) | loss=3.8361 | lm=2.2089 | strategy_loss=0.6759 | relation_loss=0.1023 | train_emotion_acc=50.00% | train_strategy_f1=66.67% | train_relation_acc=100.00% | elapsed=8139s
[Stage3-KO(share_from_en)] | step 1190/1591 (74.8%) | loss=3.5923 | lm=1.9935 | strategy_loss=0.7704 | relation_loss=0.0017 | train_emotion_acc=100.00% | train_strategy_f1=33.33% | train_relation_acc=100.00% | elapsed=8279s
[Stage3-KO(share_from_en)] EVAL @1200 (valid) | EMOTION=78.00% | RELATION=96.00% | STRATEGY=67.29% | STRATEGY_HAMMING=65.12% | loss=3.8926 | lm_loss=2.2595 | emotion_loss=0.6436 | strategy_loss=0.7350 | relation_loss=0.1886
[Stage3-KO(share_from_en)] | step 1220/1591 (76.7%) | loss=4.2373 | lm=2.3787 | strategy_loss=0.5164 | relation_loss=0.1777 | train_emotion_acc=50.00% | train_strategy_f1=50.00% | train_relation_acc=100.00% | elapsed=8526s
[Stage3-KO(share_from_en)] | step 1240/1591 (77.9%) | loss=3.4437 | lm=1.8707 | strategy_loss=0.7186 | relation_loss=0.0116 | train_emotion_acc=50.00% | train_strategy_f1=33.33% | train_relation_acc=100.00% | elapsed=8662s
[Stage3-KO(share_from_en)] | step 1260/1591 (79.2%) | loss=3.9891 | lm=2.3274 | strategy_loss=0.8140 | relation_loss=0.2205 | train_emotion_acc=100.00% | train_strategy_f1=33.33% | train_relation_acc=100.00% | elapsed=8798s
[Stage3-KO(share_from_en)] | step 1280/1591 (80.5%) | loss=4.1761 | lm=2.7741 | strategy_loss=0.6704 | relation_loss=0.0126 | train_emotion_acc=100.00% | train_strategy_f1=60.00% | train_relation_acc=100.00% | elapsed=8937s
[Stage3-KO(share_from_en)] | step 1300/1591 (81.7%) | loss=4.6800 | lm=2.2988 | strategy_loss=1.1278 | relation_loss=0.0039 | train_emotion_acc=50.00% | train_strategy_f1=33.33% | train_relation_acc=100.00% | elapsed=9075s
[Stage3-KO(share_from_en)] | step 1320/1591 (83.0%) | loss=3.7478 | lm=2.0663 | strategy_loss=0.7849 | relation_loss=0.4070 | train_emotion_acc=100.00% | train_strategy_f1=20.00% | train_relation_acc=100.00% | elapsed=9214s
[Stage3-KO(share_from_en)] | step 1340/1591 (84.2%) | loss=3.9634 | lm=2.9673 | strategy_loss=0.5004 | relation_loss=0.1733 | train_emotion_acc=100.00% | train_strategy_f1=75.00% | train_relation_acc=100.00% | elapsed=9354s
[Stage3-KO(share_from_en)] | step 1360/1591 (85.5%) | loss=3.2939 | lm=2.4032 | strategy_loss=0.4311 | relation_loss=0.1713 | train_emotion_acc=100.00% | train_strategy_f1=100.00% | train_relation_acc=100.00% | elapsed=9494s
[Stage3-KO(share_from_en)] | step 1380/1591 (86.7%) | loss=4.8624 | lm=2.9857 | strategy_loss=0.9587 | relation_loss=0.1223 | train_emotion_acc=100.00% | train_strategy_f1=40.00% | train_relation_acc=100.00% | elapsed=9633s
[Stage3-KO(share_from_en)] | step 1400/1591 (88.0%) | loss=4.7692 | lm=2.6240 | strategy_loss=0.7402 | relation_loss=0.6508 | train_emotion_acc=50.00% | train_strategy_f1=40.00% | train_relation_acc=50.00% | elapsed=9772s
[Stage3-KO(share_from_en)] | step 1420/1591 (89.3%) | loss=4.6707 | lm=2.8413 | strategy_loss=0.7831 | relation_loss=0.0743 | train_emotion_acc=50.00% | train_strategy_f1=20.00% | train_relation_acc=100.00% | elapsed=9912s
[Stage3-KO(share_from_en)] | step 1440/1591 (90.5%) | loss=4.2755 | lm=2.5713 | strategy_loss=0.6668 | relation_loss=0.5466 | train_emotion_acc=100.00% | train_strategy_f1=60.00% | train_relation_acc=50.00% | elapsed=10052s
[Stage3-KO(share_from_en)] | step 1460/1591 (91.8%) | loss=3.5982 | lm=1.8415 | strategy_loss=0.6594 | relation_loss=0.8492 | train_emotion_acc=100.00% | train_strategy_f1=66.67% | train_relation_acc=50.00% | elapsed=10192s
[Stage3-KO(share_from_en)] | step 1480/1591 (93.0%) | loss=4.2419 | lm=2.2297 | strategy_loss=0.8438 | relation_loss=0.6672 | train_emotion_acc=100.00% | train_strategy_f1=50.00% | train_relation_acc=50.00% | elapsed=10331s
[Stage3-KO(share_from_en)] | step 1500/1591 (94.3%) | loss=4.0306 | lm=2.6534 | strategy_loss=0.5896 | relation_loss=0.0458 | train_emotion_acc=50.00% | train_strategy_f1=60.00% | train_relation_acc=100.00% | elapsed=10470s
[Stage3-KO(share_from_en)] | step 1520/1591 (95.5%) | loss=4.8851 | lm=2.0922 | strategy_loss=1.3397 | relation_loss=0.2531 | train_emotion_acc=100.00% | train_strategy_f1=57.14% | train_relation_acc=100.00% | elapsed=10608s
[Stage3-KO(share_from_en)] | step 1540/1591 (96.8%) | loss=3.8325 | lm=2.1219 | strategy_loss=0.8308 | relation_loss=0.2462 | train_emotion_acc=100.00% | train_strategy_f1=33.33% | train_relation_acc=100.00% | elapsed=10748s
[Stage3-KO(share_from_en)] | step 1560/1591 (98.1%) | loss=4.3876 | lm=2.3160 | strategy_loss=0.7643 | relation_loss=0.1850 | train_emotion_acc=50.00% | train_strategy_f1=40.00% | train_relation_acc=100.00% | elapsed=10886s
[Stage3-KO(share_from_en)] | step 1580/1591 (99.3%) | loss=4.2073 | lm=2.7235 | strategy_loss=0.7059 | relation_loss=0.0804 | train_emotion_acc=100.00% | train_strategy_f1=33.33% | train_relation_acc=100.00% | elapsed=11024s
[Stage3-KO(share_from_en)] FINAL | EMOTION=77.50% | RELATION=97.00% | STRATEGY=68.59% | STRATEGY_HAMMING=67.38%
[Stage3-KO(share_from_en)] saved_to=/home/jbnu/jaehong/en-ko-empathy-lora/outputs/taffc/qwen/B16/s456
[Stage3-KO(share_from_en)] init_mode=share_from_en
[Stage3-KO(share_from_en)] vram_peak_gb=37.05
[Stage3-KO(share_from_en)] steps=1591
[TRAIN] outputs/taffc/qwen/S16/s456 seed=456
train=25456 valid=3182 A=6 S=4 R=7 strategy_scope=utterance
Fetching 4 files:   0%|          | 0/4 [00:00<?, ?it/s][transformers] The fast path is not available because one of the required library is not installed. Falling back to torch implementation. To install follow https://github.com/fla-org/flash-linear-attention#installation and https://github.com/Dao-AILab/causal-conv1d
Loading weights: 100%|██████████| 427/427 [00:00<00:00, 9024.60it/s]
lora_init_mode=relearn_fresh
two_pass_affect=True
[Stage3-KO(relearn_fresh)] model=Qwen/Qwen3.5-9B train=25456 valid=3182 init=relearn_fresh steps≈1591 S=multilabel gates={'affect': 'share', 'strategy': 'relearn', 'relation': 'relearn', 'culture': 'suppress'}
[Stage3-KO(relearn_fresh)] | step 10/1591 (0.6%) | loss=7.5148 | lm=2.9949 | strategy_loss=1.7936 | relation_loss=1.7406 | train_emotion_acc=50.00% | train_strategy_f1=28.57% | train_relation_acc=0.00% | elapsed=70s
[Stage3-KO(relearn_fresh)] | step 30/1591 (1.9%) | loss=5.1959 | lm=2.4987 | strategy_loss=0.7917 | relation_loss=1.6916 | train_emotion_acc=50.00% | train_strategy_f1=40.00% | train_relation_acc=0.00% | elapsed=210s
[Stage3-KO(relearn_fresh)] | step 50/1591 (3.1%) | loss=5.2420 | lm=2.0932 | strategy_loss=1.1269 | relation_loss=1.3276 | train_emotion_acc=50.00% | train_strategy_f1=33.33% | train_relation_acc=50.00% | elapsed=349s
[Stage3-KO(relearn_fresh)] | step 70/1591 (4.4%) | loss=5.1065 | lm=2.6950 | strategy_loss=0.7066 | relation_loss=1.0150 | train_emotion_acc=0.00% | train_strategy_f1=50.00% | train_relation_acc=50.00% | elapsed=488s
[Stage3-KO(relearn_fresh)] | step 90/1591 (5.7%) | loss=3.7721 | lm=1.8582 | strategy_loss=0.6345 | relation_loss=1.0983 | train_emotion_acc=50.00% | train_strategy_f1=75.00% | train_relation_acc=50.00% | elapsed=627s
[Stage3-KO(relearn_fresh)] | step 110/1591 (6.9%) | loss=5.3479 | lm=2.4464 | strategy_loss=0.9253 | relation_loss=1.7015 | train_emotion_acc=50.00% | train_strategy_f1=20.00% | train_relation_acc=0.00% | elapsed=766s
[Stage3-KO(relearn_fresh)] | step 130/1591 (8.2%) | loss=4.3612 | lm=2.3063 | strategy_loss=0.6588 | relation_loss=0.9017 | train_emotion_acc=0.00% | train_strategy_f1=60.00% | train_relation_acc=50.00% | elapsed=906s
[Stage3-KO(relearn_fresh)] | step 150/1591 (9.4%) | loss=6.5233 | lm=3.6439 | strategy_loss=1.3415 | relation_loss=0.1210 | train_emotion_acc=50.00% | train_strategy_f1=12.50% | train_relation_acc=100.00% | elapsed=1045s
[Stage3-KO(relearn_fresh)] | step 170/1591 (10.7%) | loss=5.2473 | lm=2.6052 | strategy_loss=1.1520 | relation_loss=0.6499 | train_emotion_acc=100.00% | train_strategy_f1=28.57% | train_relation_acc=50.00% | elapsed=1184s
[Stage3-KO(relearn_fresh)] | step 190/1591 (11.9%) | loss=4.4670 | lm=2.7907 | strategy_loss=0.7508 | relation_loss=0.0708 | train_emotion_acc=100.00% | train_strategy_f1=50.00% | train_relation_acc=100.00% | elapsed=1324s
[Stage3-KO(relearn_fresh)] | step 210/1591 (13.2%) | loss=5.9577 | lm=2.9005 | strategy_loss=1.3593 | relation_loss=0.4159 | train_emotion_acc=50.00% | train_strategy_f1=33.33% | train_relation_acc=100.00% | elapsed=1462s
[Stage3-KO(relearn_fresh)] | step 230/1591 (14.5%) | loss=4.2191 | lm=1.7814 | strategy_loss=0.8244 | relation_loss=0.5477 | train_emotion_acc=0.00% | train_strategy_f1=50.00% | train_relation_acc=100.00% | elapsed=1600s
[Stage3-KO(relearn_fresh)] | step 250/1591 (15.7%) | loss=4.9138 | lm=2.7297 | strategy_loss=1.0362 | relation_loss=0.0021 | train_emotion_acc=50.00% | train_strategy_f1=50.00% | train_relation_acc=100.00% | elapsed=1740s
[Stage3-KO(relearn_fresh)] | step 270/1591 (17.0%) | loss=4.9854 | lm=2.5998 | strategy_loss=1.1145 | relation_loss=0.0052 | train_emotion_acc=50.00% | train_strategy_f1=16.67% | train_relation_acc=100.00% | elapsed=1880s
[Stage3-KO(relearn_fresh)] | step 290/1591 (18.2%) | loss=4.4296 | lm=2.2912 | strategy_loss=1.1081 | relation_loss=0.0825 | train_emotion_acc=100.00% | train_strategy_f1=50.00% | train_relation_acc=100.00% | elapsed=2020s
[Stage3-KO(relearn_fresh)] | step 310/1591 (19.5%) | loss=5.4306 | lm=2.9517 | strategy_loss=0.6138 | relation_loss=2.0654 | train_emotion_acc=50.00% | train_strategy_f1=50.00% | train_relation_acc=50.00% | elapsed=2160s
[Stage3-KO(relearn_fresh)] | step 330/1591 (20.7%) | loss=4.7953 | lm=2.7164 | strategy_loss=0.8748 | relation_loss=0.4687 | train_emotion_acc=100.00% | train_strategy_f1=50.00% | train_relation_acc=100.00% | elapsed=2299s
[Stage3-KO(relearn_fresh)] | step 350/1591 (22.0%) | loss=4.2353 | lm=2.4955 | strategy_loss=0.6971 | relation_loss=0.0374 | train_emotion_acc=50.00% | train_strategy_f1=33.33% | train_relation_acc=100.00% | elapsed=2436s
[Stage3-KO(relearn_fresh)] | step 370/1591 (23.3%) | loss=5.0349 | lm=2.2492 | strategy_loss=0.3706 | relation_loss=2.9191 | train_emotion_acc=0.00% | train_strategy_f1=66.67% | train_relation_acc=50.00% | elapsed=2575s
[Stage3-KO(relearn_fresh)] | step 390/1591 (24.5%) | loss=4.4179 | lm=2.0368 | strategy_loss=1.0869 | relation_loss=0.0893 | train_emotion_acc=50.00% | train_strategy_f1=33.33% | train_relation_acc=100.00% | elapsed=2717s
[Stage3-KO(relearn_fresh)] EVAL @400 (valid) | EMOTION=76.00% | RELATION=97.00% | STRATEGY=65.80% | STRATEGY_HAMMING=63.62% | loss=4.0683 | lm_loss=2.3227 | emotion_loss=0.8586 | strategy_loss=0.7522 | relation_loss=0.2026
[Stage3-KO(relearn_fresh)] | step 420/1591 (26.4%) | loss=4.2112 | lm=2.3290 | strategy_loss=0.5862 | relation_loss=1.0006 | train_emotion_acc=100.00% | train_strategy_f1=33.33% | train_relation_acc=50.00% | elapsed=2969s
[Stage3-KO(relearn_fresh)] | step 440/1591 (27.7%) | loss=4.5718 | lm=2.0753 | strategy_loss=0.7731 | relation_loss=1.9309 | train_emotion_acc=100.00% | train_strategy_f1=80.00% | train_relation_acc=50.00% | elapsed=3109s
[Stage3-KO(relearn_fresh)] | step 460/1591 (28.9%) | loss=4.3962 | lm=2.9282 | strategy_loss=0.7188 | relation_loss=0.0998 | train_emotion_acc=100.00% | train_strategy_f1=60.00% | train_relation_acc=100.00% | elapsed=3248s
[Stage3-KO(relearn_fresh)] | step 480/1591 (30.2%) | loss=4.4458 | lm=2.8363 | strategy_loss=0.7741 | relation_loss=0.0061 | train_emotion_acc=100.00% | train_strategy_f1=60.00% | train_relation_acc=100.00% | elapsed=3386s
[Stage3-KO(relearn_fresh)] | step 500/1591 (31.4%) | loss=4.1422 | lm=2.7260 | strategy_loss=0.6827 | relation_loss=0.0123 | train_emotion_acc=100.00% | train_strategy_f1=60.00% | train_relation_acc=100.00% | elapsed=3526s
[Stage3-KO(relearn_fresh)] | step 520/1591 (32.7%) | loss=3.8099 | lm=2.4598 | strategy_loss=0.5865 | relation_loss=0.1166 | train_emotion_acc=100.00% | train_strategy_f1=50.00% | train_relation_acc=100.00% | elapsed=3665s
[Stage3-KO(relearn_fresh)] | step 540/1591 (33.9%) | loss=5.0731 | lm=2.5135 | strategy_loss=0.9510 | relation_loss=0.7918 | train_emotion_acc=0.00% | train_strategy_f1=16.67% | train_relation_acc=100.00% | elapsed=3805s
[Stage3-KO(relearn_fresh)] | step 560/1591 (35.2%) | loss=4.5425 | lm=2.5311 | strategy_loss=0.8617 | relation_loss=0.1240 | train_emotion_acc=50.00% | train_strategy_f1=20.00% | train_relation_acc=100.00% | elapsed=3944s
[Stage3-KO(relearn_fresh)] | step 580/1591 (36.5%) | loss=4.7467 | lm=2.0599 | strategy_loss=0.6713 | relation_loss=2.0920 | train_emotion_acc=50.00% | train_strategy_f1=60.00% | train_relation_acc=50.00% | elapsed=4082s
[Stage3-KO(relearn_fresh)] | step 600/1591 (37.7%) | loss=4.5253 | lm=2.6034 | strategy_loss=0.6846 | relation_loss=0.1493 | train_emotion_acc=0.00% | train_strategy_f1=20.00% | train_relation_acc=100.00% | elapsed=4220s
[Stage3-KO(relearn_fresh)] | step 620/1591 (39.0%) | loss=4.7305 | lm=2.2948 | strategy_loss=0.9382 | relation_loss=1.4922 | train_emotion_acc=100.00% | train_strategy_f1=66.67% | train_relation_acc=0.00% | elapsed=4359s
[Stage3-KO(relearn_fresh)] | step 640/1591 (40.2%) | loss=3.7072 | lm=1.6757 | strategy_loss=0.8524 | relation_loss=0.5443 | train_emotion_acc=100.00% | train_strategy_f1=50.00% | train_relation_acc=50.00% | elapsed=4498s
[Stage3-KO(relearn_fresh)] | step 660/1591 (41.5%) | loss=4.3433 | lm=2.2462 | strategy_loss=1.0513 | relation_loss=0.4147 | train_emotion_acc=100.00% | train_strategy_f1=33.33% | train_relation_acc=100.00% | elapsed=4638s
[Stage3-KO(relearn_fresh)] | step 680/1591 (42.7%) | loss=4.3179 | lm=2.5766 | strategy_loss=0.6761 | relation_loss=0.3216 | train_emotion_acc=50.00% | train_strategy_f1=50.00% | train_relation_acc=100.00% | elapsed=4777s
[Stage3-KO(relearn_fresh)] | step 700/1591 (44.0%) | loss=4.5430 | lm=1.8557 | strategy_loss=1.1588 | relation_loss=0.3619 | train_emotion_acc=50.00% | train_strategy_f1=16.67% | train_relation_acc=100.00% | elapsed=4915s
[Stage3-KO(relearn_fresh)] | step 720/1591 (45.3%) | loss=4.9000 | lm=2.6007 | strategy_loss=0.9957 | relation_loss=0.1861 | train_emotion_acc=50.00% | train_strategy_f1=16.67% | train_relation_acc=100.00% | elapsed=5055s
[Stage3-KO(relearn_fresh)] | step 740/1591 (46.5%) | loss=5.5977 | lm=2.5890 | strategy_loss=1.1380 | relation_loss=1.3000 | train_emotion_acc=50.00% | train_strategy_f1=20.00% | train_relation_acc=50.00% | elapsed=5194s
[Stage3-KO(relearn_fresh)] | step 760/1591 (47.8%) | loss=3.8773 | lm=2.6993 | strategy_loss=0.5262 | relation_loss=0.1524 | train_emotion_acc=100.00% | train_strategy_f1=40.00% | train_relation_acc=100.00% | elapsed=5334s
[Stage3-KO(relearn_fresh)] | step 780/1591 (49.0%) | loss=4.0678 | lm=2.1419 | strategy_loss=0.8996 | relation_loss=0.4709 | train_emotion_acc=100.00% | train_strategy_f1=33.33% | train_relation_acc=100.00% | elapsed=5474s
[Stage3-KO(relearn_fresh)] | step 800/1591 (50.3%) | loss=4.0907 | lm=2.7055 | strategy_loss=0.6311 | relation_loss=0.0802 | train_emotion_acc=100.00% | train_strategy_f1=75.00% | train_relation_acc=100.00% | elapsed=5611s
[Stage3-KO(relearn_fresh)] | step 810/1591 (50.9%) | loss=4.1495 | lm=2.6087 | strategy_loss=0.6463 | relation_loss=0.0069 | train_emotion_acc=50.00% | train_strategy_f1=40.00% | train_relation_acc=100.00% | elapsed=5726s
[Stage3-KO(relearn_fresh)] | step 830/1591 (52.2%) | loss=3.7181 | lm=1.7088 | strategy_loss=0.6543 | relation_loss=0.0029 | train_emotion_acc=0.00% | train_strategy_f1=33.33% | train_relation_acc=100.00% | elapsed=5865s
[Stage3-KO(relearn_fresh)] | step 850/1591 (53.4%) | loss=4.4886 | lm=2.6171 | strategy_loss=0.7013 | relation_loss=0.2731 | train_emotion_acc=50.00% | train_strategy_f1=50.00% | train_relation_acc=100.00% | elapsed=6004s
[Stage3-KO(relearn_fresh)] | step 870/1591 (54.7%) | loss=3.7426 | lm=2.2096 | strategy_loss=0.6195 | relation_loss=0.8574 | train_emotion_acc=100.00% | train_strategy_f1=60.00% | train_relation_acc=50.00% | elapsed=6143s
[Stage3-KO(relearn_fresh)] | step 890/1591 (55.9%) | loss=3.8188 | lm=2.4476 | strategy_loss=0.7331 | relation_loss=0.0036 | train_emotion_acc=100.00% | train_strategy_f1=50.00% | train_relation_acc=100.00% | elapsed=6283s
[Stage3-KO(relearn_fresh)] | step 910/1591 (57.2%) | loss=4.0714 | lm=2.5376 | strategy_loss=0.7345 | relation_loss=0.0518 | train_emotion_acc=100.00% | train_strategy_f1=50.00% | train_relation_acc=100.00% | elapsed=6420s
[Stage3-KO(relearn_fresh)] | step 930/1591 (58.5%) | loss=5.1285 | lm=2.5900 | strategy_loss=1.0405 | relation_loss=0.2512 | train_emotion_acc=50.00% | train_strategy_f1=50.00% | train_relation_acc=100.00% | elapsed=6561s
[Stage3-KO(relearn_fresh)] | step 950/1591 (59.7%) | loss=3.7975 | lm=2.6672 | strategy_loss=0.5482 | relation_loss=0.0052 | train_emotion_acc=100.00% | train_strategy_f1=50.00% | train_relation_acc=100.00% | elapsed=6701s
[Stage3-KO(relearn_fresh)] | step 970/1591 (61.0%) | loss=4.5795 | lm=3.0238 | strategy_loss=0.8574 | relation_loss=0.0032 | train_emotion_acc=100.00% | train_strategy_f1=20.00% | train_relation_acc=100.00% | elapsed=6840s
[Stage3-KO(relearn_fresh)] | step 990/1591 (62.2%) | loss=3.8544 | lm=2.4369 | strategy_loss=0.4579 | relation_loss=0.0890 | train_emotion_acc=50.00% | train_strategy_f1=75.00% | train_relation_acc=100.00% | elapsed=6978s
[Stage3-KO(relearn_fresh)] | step 1010/1591 (63.5%) | loss=4.5325 | lm=1.9631 | strategy_loss=1.1373 | relation_loss=0.4728 | train_emotion_acc=50.00% | train_strategy_f1=57.14% | train_relation_acc=50.00% | elapsed=7116s
[Stage3-KO(relearn_fresh)] | step 1030/1591 (64.7%) | loss=4.7641 | lm=3.0389 | strategy_loss=0.9008 | relation_loss=0.0081 | train_emotion_acc=100.00% | train_strategy_f1=16.67% | train_relation_acc=100.00% | elapsed=7254s
[Stage3-KO(relearn_fresh)] | step 1050/1591 (66.0%) | loss=3.9724 | lm=2.1988 | strategy_loss=0.8911 | relation_loss=0.0049 | train_emotion_acc=50.00% | train_strategy_f1=20.00% | train_relation_acc=100.00% | elapsed=7391s
[Stage3-KO(relearn_fresh)] | step 1070/1591 (67.3%) | loss=4.3112 | lm=2.1279 | strategy_loss=1.0345 | relation_loss=0.0028 | train_emotion_acc=50.00% | train_strategy_f1=33.33% | train_relation_acc=100.00% | elapsed=7530s
[Stage3-KO(relearn_fresh)] | step 1090/1591 (68.5%) | loss=4.7608 | lm=2.0953 | strategy_loss=1.0635 | relation_loss=1.5374 | train_emotion_acc=100.00% | train_strategy_f1=50.00% | train_relation_acc=50.00% | elapsed=7668s
[Stage3-KO(relearn_fresh)] | step 1110/1591 (69.8%) | loss=2.8869 | lm=1.7545 | strategy_loss=0.5104 | relation_loss=0.3510 | train_emotion_acc=100.00% | train_strategy_f1=40.00% | train_relation_acc=100.00% | elapsed=7807s
[Stage3-KO(relearn_fresh)] | step 1130/1591 (71.0%) | loss=4.4463 | lm=2.5449 | strategy_loss=0.7749 | relation_loss=0.3209 | train_emotion_acc=50.00% | train_strategy_f1=33.33% | train_relation_acc=100.00% | elapsed=7946s
[Stage3-KO(relearn_fresh)] | step 1150/1591 (72.3%) | loss=4.1267 | lm=2.4430 | strategy_loss=0.6611 | relation_loss=0.5694 | train_emotion_acc=100.00% | train_strategy_f1=66.67% | train_relation_acc=50.00% | elapsed=8084s
[Stage3-KO(relearn_fresh)] | step 1170/1591 (73.5%) | loss=3.8143 | lm=2.1851 | strategy_loss=0.6784 | relation_loss=0.0967 | train_emotion_acc=50.00% | train_strategy_f1=66.67% | train_relation_acc=100.00% | elapsed=8222s
[Stage3-KO(relearn_fresh)] | step 1190/1591 (74.8%) | loss=3.4851 | lm=1.8933 | strategy_loss=0.7666 | relation_loss=0.0014 | train_emotion_acc=100.00% | train_strategy_f1=33.33% | train_relation_acc=100.00% | elapsed=8363s
[Stage3-KO(relearn_fresh)] EVAL @1200 (valid) | EMOTION=78.00% | RELATION=96.00% | STRATEGY=67.28% | STRATEGY_HAMMING=64.50% | loss=3.8548 | lm_loss=2.2222 | emotion_loss=0.6436 | strategy_loss=0.7337 | relation_loss=0.1926
[Stage3-KO(relearn_fresh)] | step 1220/1591 (76.7%) | loss=4.2692 | lm=2.4107 | strategy_loss=0.5099 | relation_loss=0.2033 | train_emotion_acc=50.00% | train_strategy_f1=50.00% | train_relation_acc=100.00% | elapsed=8617s
[Stage3-KO(relearn_fresh)] | step 1240/1591 (77.9%) | loss=3.3861 | lm=1.8125 | strategy_loss=0.7187 | relation_loss=0.0122 | train_emotion_acc=50.00% | train_strategy_f1=33.33% | train_relation_acc=100.00% | elapsed=8756s
[Stage3-KO(relearn_fresh)] | step 1260/1591 (79.2%) | loss=3.9150 | lm=2.1876 | strategy_loss=0.8412 | relation_loss=0.2577 | train_emotion_acc=100.00% | train_strategy_f1=33.33% | train_relation_acc=100.00% | elapsed=8895s
[Stage3-KO(relearn_fresh)] | step 1280/1591 (80.5%) | loss=4.2563 | lm=2.7701 | strategy_loss=0.7172 | relation_loss=0.0126 | train_emotion_acc=100.00% | train_strategy_f1=60.00% | train_relation_acc=100.00% | elapsed=9034s
[Stage3-KO(relearn_fresh)] | step 1300/1591 (81.7%) | loss=4.6333 | lm=2.2214 | strategy_loss=1.1455 | relation_loss=0.0012 | train_emotion_acc=50.00% | train_strategy_f1=33.33% | train_relation_acc=100.00% | elapsed=9172s
[Stage3-KO(relearn_fresh)] | step 1320/1591 (83.0%) | loss=3.7478 | lm=2.1028 | strategy_loss=0.7458 | relation_loss=0.4825 | train_emotion_acc=100.00% | train_strategy_f1=20.00% | train_relation_acc=100.00% | elapsed=9312s
[Stage3-KO(relearn_fresh)] | step 1340/1591 (84.2%) | loss=3.8475 | lm=2.8606 | strategy_loss=0.4966 | relation_loss=0.1681 | train_emotion_acc=100.00% | train_strategy_f1=75.00% | train_relation_acc=100.00% | elapsed=9453s
[Stage3-KO(relearn_fresh)] | step 1360/1591 (85.5%) | loss=3.2314 | lm=2.3254 | strategy_loss=0.4523 | relation_loss=0.1209 | train_emotion_acc=100.00% | train_strategy_f1=100.00% | train_relation_acc=100.00% | elapsed=9593s
[Stage3-KO(relearn_fresh)] | step 1380/1591 (86.7%) | loss=4.8739 | lm=2.9355 | strategy_loss=1.0010 | relation_loss=0.0904 | train_emotion_acc=100.00% | train_strategy_f1=33.33% | train_relation_acc=100.00% | elapsed=9732s
[Stage3-KO(relearn_fresh)] | step 1400/1591 (88.0%) | loss=4.6385 | lm=2.6001 | strategy_loss=0.7179 | relation_loss=0.5022 | train_emotion_acc=50.00% | train_strategy_f1=40.00% | train_relation_acc=50.00% | elapsed=9870s
[Stage3-KO(relearn_fresh)] | step 1420/1591 (89.3%) | loss=4.7101 | lm=2.8186 | strategy_loss=0.8191 | relation_loss=0.0683 | train_emotion_acc=50.00% | train_strategy_f1=20.00% | train_relation_acc=100.00% | elapsed=10010s
[Stage3-KO(relearn_fresh)] | step 1440/1591 (90.5%) | loss=4.3101 | lm=2.5244 | strategy_loss=0.6972 | relation_loss=0.6063 | train_emotion_acc=100.00% | train_strategy_f1=60.00% | train_relation_acc=50.00% | elapsed=10150s
[Stage3-KO(relearn_fresh)] | step 1460/1591 (91.8%) | loss=3.5267 | lm=1.8814 | strategy_loss=0.6491 | relation_loss=0.6428 | train_emotion_acc=100.00% | train_strategy_f1=80.00% | train_relation_acc=50.00% | elapsed=10290s
[Stage3-KO(relearn_fresh)] | step 1480/1591 (93.0%) | loss=4.1281 | lm=2.2180 | strategy_loss=0.8493 | relation_loss=0.4185 | train_emotion_acc=100.00% | train_strategy_f1=50.00% | train_relation_acc=50.00% | elapsed=10431s
[Stage3-KO(relearn_fresh)] | step 1500/1591 (94.3%) | loss=4.0780 | lm=2.7082 | strategy_loss=0.5876 | relation_loss=0.0377 | train_emotion_acc=50.00% | train_strategy_f1=60.00% | train_relation_acc=100.00% | elapsed=10570s
[Stage3-KO(relearn_fresh)] | step 1520/1591 (95.5%) | loss=4.9268 | lm=2.0984 | strategy_loss=1.3582 | relation_loss=0.2581 | train_emotion_acc=100.00% | train_strategy_f1=57.14% | train_relation_acc=100.00% | elapsed=10709s
[Stage3-KO(relearn_fresh)] | step 1540/1591 (96.8%) | loss=3.7157 | lm=2.0439 | strategy_loss=0.8176 | relation_loss=0.2130 | train_emotion_acc=100.00% | train_strategy_f1=33.33% | train_relation_acc=100.00% | elapsed=10847s
[Stage3-KO(relearn_fresh)] | step 1560/1591 (98.1%) | loss=4.2188 | lm=2.2400 | strategy_loss=0.7197 | relation_loss=0.1572 | train_emotion_acc=50.00% | train_strategy_f1=40.00% | train_relation_acc=100.00% | elapsed=10986s
[Stage3-KO(relearn_fresh)] | step 1580/1591 (99.3%) | loss=4.3057 | lm=2.7750 | strategy_loss=0.7374 | relation_loss=0.0588 | train_emotion_acc=100.00% | train_strategy_f1=33.33% | train_relation_acc=100.00% | elapsed=11124s
[Stage3-KO(relearn_fresh)] FINAL | EMOTION=77.50% | RELATION=97.50% | STRATEGY=67.58% | STRATEGY_HAMMING=64.50%
[Stage3-KO(relearn_fresh)] saved_to=/home/jbnu/jaehong/en-ko-empathy-lora/outputs/taffc/qwen/S16/s456
[Stage3-KO(relearn_fresh)] init_mode=relearn_fresh
[Stage3-KO(relearn_fresh)] vram_peak_gb=37.05
[Stage3-KO(relearn_fresh)] steps=1591
=== Phase 4: Llama-3.1-8B ===
[SKIP Llama] stage1 not found — run stage1_en first
=== Phase 5: final eval + aggregate ===
Fetching 4 files:   0%|          | 0/4 [00:00<?, ?it/s][transformers] The fast path is not available because one of the required library is not installed. Falling back to torch implementation. To install follow https://github.com/fla-org/flash-linear-attention#installation and https://github.com/Dao-AILab/causal-conv1d
Loading weights: 100%|██████████| 427/427 [00:00<00:00, 9044.84it/s]
Traceback (most recent call last):
  File "/home/jbnu/jupyter-env/lib/python3.12/site-packages/peft/config.py", line 317, in _get_peft_type
    config_file = hf_hub_download(
                  ^^^^^^^^^^^^^^^^
  File "/home/jbnu/jupyter-env/lib/python3.12/site-packages/huggingface_hub/utils/_validators.py", line 84, in _inner_fn
    main()
  File "/home/jbnu/jaehong/en-ko-empathy-lora/scripts/eval_taffc_extended.py", line 250, in main
    model, tok, labels = load_stage3_bundle(cfg, ckpt, device)
                         ^^^^^^^^^^^^^^^^^^^^^^^^^^^^^^^^^^^^^
  File "/home/jbnu/jaehong/en-ko-empathy-lora/scripts/eval_direction_i_ii.py", line 173, in load_stage3_bundle
    lm.load_adapter(str(ckpt_dir / "lora"), adapter_name="task")
  File "/home/jbnu/jupyter-env/lib/python3.12/site-packages/peft/peft_model.py", line 1384, in load_adapter
